# CODE-test tracing 0, fs=400, millivolts
time,I,II,III,aVR,aVL,aVF,V1,V2,V3,V4,V5,V6
0.0000,0.0000,0.0000,0.0000,0.0000,0.0000,0.0000,0.0000,0.0000,0.0000,0.0000,0.0000,0.0000
0.0025,0.0000,0.0000,0.0000,0.0000,0.0000,0.0000,0.0000,0.0000,0.0000,0.0000,0.0000,0.0000
0.0050,0.0000,0.0000,0.0000,0.0000,0.0000,0.0000,0.0000,0.0000,0.0000,0.0000,0.0000,0.0000
0.0075,0.0000,0.0000,0.0000,0.0000,0.0000,0.0000,0.0000,0.0000,0.0000,0.0000,0.0000,0.0000
0.0100,0.0000,0.0000,0.0000,0.0000,0.0000,0.0000,0.0000,0.0000,0.0000,0.0000,0.0000,0.0000
0.0125,0.0000,0.0000,0.0000,0.0000,0.0000,0.0000,0.0000,0.0000,0.0000,0.0000,0.0000,0.0000
0.0150,0.0000,0.0000,0.0000,0.0000,0.0000,0.0000,0.0000,0.0000,0.0000,0.0000,0.0000,0.0000
0.0175,0.0000,0.0000,0.0000,0.0000,0.0000,0.0000,0.0000,0.0000,0.0000,0.0000,0.0000,0.0000
0.0200,0.0000,0.0000,0.0000,0.0000,0.0000,0.0000,0.0000,0.0000,0.0000,0.0000,0.0000,0.0000
0.0225,0.0000,0.0000,0.0000,0.0000,0.0000,0.0000,0.0000,0.0000,0.0000,0.0000,0.0000,0.0000
0.0250,0.0000,0.0000,0.0000,0.0000,0.0000,0.0000,0.0000,0.0000,0.0000,0.0000,0.0000,0.0000
0.0275,0.0000,0.0000,0.0000,0.0000,0.0000,0.0000,0.0000,0.0000,0.0000,0.0000,0.0000,0.0000
0.0300,0.0000,0.0000,0.0000,0.0000,0.0000,0.0000,0.0000,0.0000,0.0000,0.0000,0.0000,0.0000
0.0325,0.0000,0.0000,0.0000,0.0000,0.0000,0.0000,0.0000,0.0000,0.0000,0.0000,0.0000,0.0000
0.0350,0.0000,0.0000,0.0000,0.0000,0.0000,0.0000,0.0000,0.0000,0.0000,0.0000,0.0000,0.0000
0.0375,0.0000,0.0000,0.0000,0.0000,0.0000,0.0000,0.0000,0.0000,0.0000,0.0000,0.0000,0.0000
0.0400,0.0000,0.0000,0.0000,0.0000,0.0000,0.0000,0.0000,0.0000,0.0000,0.0000,0.0000,0.0000
0.0425,0.0000,0.0000,0.0000,0.0000,0.0000,0.0000,0.0000,0.0000,0.0000,0.0000,0.0000,0.0000
0.0450,0.0000,0.0000,0.0000,0.0000,0.0000,0.0000,0.0000,0.0000,0.0000,0.0000,0.0000,0.0000
0.0475,0.0000,0.0000,0.0000,0.0000,0.0000,0.0000,0.0000,0.0000,0.0000,0.0000,0.0000,0.0000
0.0500,0.0000,0.0000,0.0000,0.0000,0.0000,0.0000,0.0000,0.0000,0.0000,0.0000,0.0000,0.0000
0.0525,0.0000,0.0000,0.0000,0.0000,0.0000,0.0000,0.0000,0.0000,0.0000,0.0000,0.0000,0.0000
0.0550,0.0000,0.0000,0.0000,0.0000,0.0000,0.0000,0.0000,0.0000,0.0000,0.0000,0.0000,0.0000
0.0575,0.0000,0.0000,0.0000,0.0000,0.0000,0.0000,0.0000,0.0000,0.0000,0.0000,0.0000,0.0000
0.0600,0.0000,0.0000,0.0000,0.0000,0.0000,0.0000,0.0000,0.0000,0.0000,0.0000,0.0000,0.0000
0.0625,0.0000,0.0000,0.0000,0.0000,0.0000,0.0000,0.0000,0.0000,0.0000,0.0000,0.0000,0.0000
0.0650,0.0000,0.0000,0.0000,0.0000,0.0000,0.0000,0.0000,0.0000,0.0000,0.0000,0.0000,0.0000
0.0675,0.0000,0.0000,0.0000,0.0000,0.0000,0.0000,0.0000,0.0000,0.0000,0.0000,0.0000,0.0000
0.0700,0.0000,0.0000,0.0000,0.0000,0.0000,0.0000,0.0000,0.0000,0.0000,0.0000,0.0000,0.0000
0.0725,0.0000,0.0000,0.0000,0.0000,0.0000,0.0000,0.0000,0.0000,0.0000,0.0000,0.0000,0.0000
0.0750,0.0000,0.0000,0.0000,0.0000,0.0000,0.0000,0.0000,0.0000,0.0000,0.0000,0.0000,0.0000
0.0775,0.0000,0.0000,0.0000,0.0000,0.0000,0.0000,0.0000,0.0000,0.0000,0.0000,0.0000,0.0000
0.0800,0.0000,0.0000,0.0000,0.0000,0.0000,0.0000,0.0000,0.0000,0.0000,0.0000,0.0000,0.0000
0.0825,0.0000,0.0000,0.0000,0.0000,0.0000,0.0000,0.0000,0.0000,0.0000,0.0000,0.0000,0.0000
0.0850,0.0000,0.0000,0.0000,0.0000,0.0000,0.0000,0.0000,0.0000,0.0000,0.0000,0.0000,0.0000
0.0875,0.0000,0.0000,0.0000,0.0000,0.0000,0.0000,0.0000,0.0000,0.0000,0.0000,0.0000,0.0000
0.0900,0.0000,0.0000,0.0000,0.0000,0.0000,0.0000,0.0000,0.0000,0.0000,0.0000,0.0000,0.0000
0.0925,0.0000,0.0000,0.0000,0.0000,0.0000,0.0000,0.0000,0.0000,0.0000,0.0000,0.0000,0.0000
0.0950,0.0000,0.0000,0.0000,0.0000,0.0000,0.0000,0.0000,0.0000,0.0000,0.0000,0.0000,0.0000
0.0975,0.0000,0.0000,0.0000,0.0000,0.0000,0.0000,0.0000,0.0000,0.0000,0.0000,0.0000,0.0000
0.1000,0.0000,0.0000,0.0000,0.0000,0.0000,0.0000,0.0000,0.0000,0.0000,0.0000,0.0000,0.0000
0.1025,0.0000,0.0000,0.0000,0.0000,0.0000,0.0000,0.0000,0.0000,0.0000,0.0000,0.0000,0.0000
0.1050,0.0000,0.0000,0.0000,0.0000,0.0000,0.0000,0.0000,0.0000,0.0000,0.0000,0.0000,0.0000
0.1075,0.0000,0.0000,0.0000,0.0000,0.0000,0.0000,0.0000,0.0000,0.0000,0.0000,0.0000,0.0000
0.1100,0.0000,0.0000,0.0000,0.0000,0.0000,0.0000,0.0000,0.0000,0.0000,0.0000,0.0000,0.0000
0.1125,0.0000,0.0000,0.0000,0.0000,0.0000,0.0000,0.0000,0.0000,0.0000,0.0000,0.0000,0.0000
0.1150,0.0000,0.0000,0.0000,0.0000,0.0000,0.0000,0.0000,0.0000,0.0000,0.0000,0.0000,0.0000
0.1175,0.0000,0.0000,0.0000,0.0000,0.0000,0.0000,0.0000,0.0000,0.0000,0.0000,0.0000,0.0000
0.1200,0.0000,0.0000,0.0000,0.0000,0.0000,0.0000,0.0000,0.0000,0.0000,0.0000,0.0000,0.0000
0.1225,0.0000,0.0000,0.0000,0.0000,0.0000,0.0000,0.0000,0.0000,0.0000,0.0000,0.0000,0.0000
0.1250,0.0000,0.0000,0.0000,0.0000,0.0000,0.0000,0.0000,0.0000,0.0000,0.0000,0.0000,0.0000
0.1275,0.0000,0.0000,0.0000,0.0000,0.0000,0.0000,0.0000,0.0000,0.0000,0.0000,0.0000,0.0000
0.1300,0.0000,0.0000,0.0000,0.0000,0.0000,0.0000,0.0000,0.0000,0.0000,0.0000,0.0000,0.0000
0.1325,0.0000,0.0000,0.0000,0.0000,0.0000,0.0000,0.0000,0.0000,0.0000,0.0000,0.0000,0.0000
0.1350,0.0000,0.0000,0.0000,0.0000,0.0000,0.0000,0.0000,0.0000,0.0000,0.0000,0.0000,0.0000
0.1375,0.0000,0.0000,0.0000,0.0000,0.0000,0.0000,0.0000,0.0000,0.0000,0.0000,0.0000,0.0000
0.1400,0.0000,0.0000,0.0000,0.0000,0.0000,0.0000,0.0000,0.0000,0.0000,0.0000,0.0000,0.0000
0.1425,0.0000,0.0000,0.0000,0.0000,0.0000,0.0000,0.0000,0.0000,0.0000,0.0000,0.0000,0.0000
0.1450,0.0000,0.0000,0.0000,0.0000,0.0000,0.0000,0.0000,0.0000,0.0000,0.0000,0.0000,0.0000
0.1475,0.0000,0.0000,0.0000,0.0000,0.0000,0.0000,0.0000,0.0000,0.0000,0.0000,0.0000,0.0000
0.1500,0.0000,0.0000,0.0000,0.0000,0.0000,0.0000,0.0000,0.0000,0.0000,0.0000,0.0000,0.0000
0.1525,0.0000,0.0000,0.0000,0.0000,0.0000,0.0000,0.0000,0.0000,0.0000,0.0000,0.0000,0.0000
0.1550,0.0000,0.0000,0.0000,0.0000,0.0000,0.0000,0.0000,0.0000,0.0000,0.0000,0.0000,0.0000
0.1575,0.0000,0.0000,0.0000,0.0000,0.0000,0.0000,0.0000,0.0000,0.0000,0.0000,0.0000,0.0000
0.1600,0.0000,0.0000,0.0000,0.0000,0.0000,0.0000,0.0000,0.0000,0.0000,0.0000,0.0000,0.0000
0.1625,0.0000,0.0000,0.0000,0.0000,0.0000,0.0000,0.0000,0.0000,0.0000,0.0000,0.0000,0.0000
0.1650,0.0000,0.0000,0.0000,0.0000,0.0000,0.0000,0.0000,0.0000,0.0000,0.0000,0.0000,0.0000
0.1675,0.0000,0.0000,0.0000,0.0000,0.0000,0.0000,0.0000,0.0000,0.0000,0.0000,0.0000,0.0000
0.1700,0.0000,0.0000,0.0000,0.0000,0.0000,0.0000,0.0000,0.0000,0.0000,0.0000,0.0000,0.0000
0.1725,0.0000,0.0000,0.0000,0.0000,0.0000,0.0000,0.0000,0.0000,0.0000,0.0000,0.0000,0.0000
0.1750,0.0000,0.0000,0.0000,0.0000,0.0000,0.0000,0.0000,0.0000,0.0000,0.0000,0.0000,0.0000
0.1775,0.0000,0.0000,0.0000,0.0000,0.0000,0.0000,0.0000,0.0000,0.0000,0.0000,0.0000,0.0000
0.1800,0.0000,0.0000,0.0000,0.0000,0.0000,0.0000,0.0000,0.0000,0.0000,0.0000,0.0000,0.0000
0.1825,0.0000,0.0000,0.0000,0.0000,0.0000,0.0000,0.0000,0.0000,0.0000,0.0000,0.0000,0.0000
0.1850,0.0000,0.0000,0.0000,0.0000,0.0000,0.0000,0.0000,0.0000,0.0000,0.0000,0.0000,0.0000
0.1875,0.0000,0.0000,0.0000,0.0000,0.0000,0.0000,0.0000,0.0000,0.0000,0.0000,0.0000,0.0000
0.1900,0.0000,0.0000,0.0000,0.0000,0.0000,0.0000,0.0000,0.0000,0.0000,0.0000,0.0000,0.0000
0.1925,0.0000,0.0000,0.0000,0.0000,0.0000,0.0000,0.0000,0.0000,0.0000,0.0000,0.0000,0.0000
0.1950,0.0000,0.0000,0.0000,0.0000,0.0000,0.0000,0.0000,0.0000,0.0000,0.0000,0.0000,0.0000
0.1975,0.0000,0.0000,0.0000,0.0000,0.0000,0.0000,0.0000,0.0000,0.0000,0.0000,0.0000,0.0000
0.2000,0.0000,0.0000,0.0000,0.0000,0.0000,0.0000,0.0000,0.0000,0.0000,0.0000,0.0000,0.0000
0.2025,0.0000,0.0000,0.0000,0.0000,0.0000,0.0000,0.0000,0.0000,0.0000,0.0000,0.0000,0.0000
0.2050,0.0000,0.0000,0.0000,0.0000,0.0000,0.0000,0.0000,0.0000,0.0000,0.0000,0.0000,0.0000
0.2075,0.0000,0.0000,0.0000,0.0000,0.0000,0.0000,0.0000,0.0000,0.0000,0.0000,0.0000,0.0000
0.2100,0.0000,0.0000,0.0000,0.0000,0.0000,0.0000,0.0000,0.0000,0.0000,0.0000,0.0000,0.0000
0.2125,0.0000,0.0000,0.0000,0.0000,0.0000,0.0000,0.0000,0.0000,0.0000,0.0000,0.0000,0.0000
0.2150,0.0000,0.0000,0.0000,0.0000,0.0000,0.0000,0.0000,0.0000,0.0000,0.0000,0.0000,0.0000
0.2175,0.0000,0.0000,0.0000,0.0000,0.0000,0.0000,0.0000,0.0000,0.0000,0.0000,0.0000,0.0000
0.2200,0.0000,0.0000,0.0000,0.0000,0.0000,0.0000,0.0000,0.0000,0.0000,0.0000,0.0000,0.0000
0.2225,0.0000,0.0000,0.0000,0.0000,0.0000,0.0000,0.0000,0.0000,0.0000,0.0000,0.0000,0.0000
0.2250,0.0000,0.0000,0.0000,0.0000,0.0000,0.0000,0.0000,0.0000,0.0000,0.0000,0.0000,0.0000
0.2275,0.0000,0.0000,0.0000,0.0000,0.0000,0.0000,0.0000,0.0000,0.0000,0.0000,0.0000,0.0000
0.2300,0.0000,0.0000,0.0000,0.0000,0.0000,0.0000,0.0000,0.0000,0.0000,0.0000,0.0000,0.0000
0.2325,0.0000,0.0000,0.0000,0.0000,0.0000,0.0000,0.0000,0.0000,0.0000,0.0000,0.0000,0.0000
0.2350,0.0000,0.0000,0.0000,0.0000,0.0000,0.0000,0.0000,0.0000,0.0000,0.0000,0.0000,0.0000
0.2375,0.0000,0.0000,0.0000,0.0000,0.0000,0.0000,0.0000,0.0000,0.0000,0.0000,0.0000,0.0000
0.2400,0.0000,0.0000,0.0000,0.0000,0.0000,0.0000,0.0000,0.0000,0.0000,0.0000,0.0000,0.0000
0.2425,0.0000,0.0000,0.0000,0.0000,0.0000,0.0000,0.0000,0.0000,0.0000,0.0000,0.0000,0.0000
0.2450,0.0000,0.0000,0.0000,0.0000,0.0000,0.0000,0.0000,0.0000,0.0000,0.0000,0.0000,0.0000
0.2475,0.0000,0.0000,0.0000,0.0000,0.0000,0.0000,0.0000,0.0000,0.0000,0.0000,0.0000,0.0000
0.2500,0.0000,0.0000,0.0000,0.0000,0.0000,0.0000,0.0000,0.0000,0.0000,0.0000,0.0000,0.0000
0.2525,0.0000,0.0000,0.0000,0.0000,0.0000,0.0000,0.0000,0.0000,0.0000,0.0000,0.0000,0.0000
0.2550,0.0000,0.0000,0.0000,0.0000,0.0000,0.0000,0.0000,0.0000,0.0000,0.0000,0.0000,0.0000
0.2575,0.0000,0.0000,0.0000,0.0000,0.0000,0.0000,0.0000,0.0000,0.0000,0.0000,0.0000,0.0000
0.2600,0.0000,0.0000,0.0000,0.0000,0.0000,0.0000,0.0000,0.0000,0.0000,0.0000,0.0000,0.0000
0.2625,0.0000,0.0000,0.0000,0.0000,0.0000,0.0000,0.0000,0.0000,0.0000,0.0000,0.0000,0.0000
0.2650,0.0000,0.0000,0.0000,0.0000,0.0000,0.0000,0.0000,0.0000,0.0000,0.0000,0.0000,0.0000
0.2675,0.0000,0.0000,0.0000,0.0000,0.0000,0.0000,0.0000,0.0000,0.0000,0.0000,0.0000,0.0000
0.2700,0.0000,0.0000,0.0000,0.0000,0.0000,0.0000,0.0000,0.0000,0.0000,0.0000,0.0000,0.0000
0.2725,0.0000,0.0000,0.0000,0.0000,0.0000,0.0000,0.0000,0.0000,0.0000,0.0000,0.0000,0.0000
0.2750,0.0000,0.0000,0.0000,0.0000,0.0000,0.0000,0.0000,0.0000,0.0000,0.0000,0.0000,0.0000
0.2775,0.0000,0.0000,0.0000,0.0000,0.0000,0.0000,0.0000,0.0000,0.0000,0.0000,0.0000,0.0000
0.2800,0.0000,0.0000,0.0000,0.0000,0.0000,0.0000,0.0000,0.0000,0.0000,0.0000,0.0000,0.0000
0.2825,0.0000,0.0000,0.0000,0.0000,0.0000,0.0000,0.0000,0.0000,0.0000,0.0000,0.0000,0.0000
0.2850,0.0000,0.0000,0.0000,0.0000,0.0000,0.0000,0.0000,0.0000,0.0000,0.0000,0.0000,0.0000
0.2875,0.0000,0.0000,0.0000,0.0000,0.0000,0.0000,0.0000,0.0000,0.0000,0.0000,0.0000,0.0000
0.2900,0.0000,0.0000,0.0000,0.0000,0.0000,0.0000,0.0000,0.0000,0.0000,0.0000,0.0000,0.0000
0.2925,0.0000,0.0000,0.0000,0.0000,0.0000,0.0000,0.0000,0.0000,0.0000,0.0000,0.0000,0.0000
0.2950,0.0000,0.0000,0.0000,0.0000,0.0000,0.0000,0.0000,0.0000,0.0000,0.0000,0.0000,0.0000
0.2975,0.0000,0.0000,0.0000,0.0000,0.0000,0.0000,0.0000,0.0000,0.0000,0.0000,0.0000,0.0000
0.3000,0.0000,0.0000,0.0000,0.0000,0.0000,0.0000,0.0000,0.0000,0.0000,0.0000,0.0000,0.0000
0.3025,0.0000,0.0000,0.0000,0.0000,0.0000,0.0000,0.0000,0.0000,0.0000,0.0000,0.0000,0.0000
0.3050,0.0000,0.0000,0.0000,0.0000,0.0000,0.0000,0.0000,0.0000,0.0000,0.0000,0.0000,0.0000
0.3075,0.0000,0.0000,0.0000,0.0000,0.0000,0.0000,0.0000,0.0000,0.0000,0.0000,0.0000,0.0000
0.3100,0.0000,0.0000,0.0000,0.0000,0.0000,0.0000,0.0000,0.0000,0.0000,0.0000,0.0000,0.0000
0.3125,0.0000,0.0000,0.0000,0.0000,0.0000,0.0000,0.0000,0.0000,0.0000,0.0000,0.0000,0.0000
0.3150,0.0000,0.0000,0.0000,0.0000,0.0000,0.0000,0.0000,0.0000,0.0000,0.0000,0.0000,0.0000
0.3175,0.0000,0.0000,0.0000,0.0000,0.0000,0.0000,0.0000,0.0000,0.0000,0.0000,0.0000,0.0000
0.3200,0.0000,0.0000,0.0000,0.0000,0.0000,0.0000,0.0000,0.0000,0.0000,0.0000,0.0000,0.0000
0.3225,0.0000,0.0000,0.0000,0.0000,0.0000,0.0000,0.0000,0.0000,0.0000,0.0000,0.0000,0.0000
0.3250,0.0000,0.0000,0.0000,0.0000,0.0000,0.0000,0.0000,0.0000,0.0000,0.0000,0.0000,0.0000
0.3275,0.0000,0.0000,0.0000,0.0000,0.0000,0.0000,0.0000,0.0000,0.0000,0.0000,0.0000,0.0000
0.3300,0.0000,0.0000,0.0000,0.0000,0.0000,0.0000,0.0000,0.0000,0.0000,0.0000,0.0000,0.0000
0.3325,0.0000,0.0000,0.0000,0.0000,0.0000,0.0000,0.0000,0.0000,0.0000,0.0000,0.0000,0.0000
0.3350,0.0000,0.0000,0.0000,0.0000,0.0000,0.0000,0.0000,0.0000,0.0000,0.0000,0.0000,0.0000
0.3375,0.0000,0.0000,0.0000,0.0000,0.0000,0.0000,0.0000,0.0000,0.0000,0.0000,0.0000,0.0000
0.3400,0.0000,0.0000,0.0000,0.0000,0.0000,0.0000,0.0000,0.0000,0.0000,0.0000,0.0000,0.0000
0.3425,0.0000,0.0000,0.0000,0.0000,0.0000,0.0000,0.0000,0.0000,0.0000,0.0000,0.0000,0.0000
0.3450,0.0000,0.0000,0.0000,0.0000,0.0000,0.0000,0.0000,0.0000,0.0000,0.0000,0.0000,0.0000
0.3475,0.0000,0.0000,0.0000,0.0000,0.0000,0.0000,0.0000,0.0000,0.0000,0.0000,0.0000,0.0000
0.3500,0.0000,0.0000,0.0000,0.0000,0.0000,0.0000,0.0000,0.0000,0.0000,0.0000,0.0000,0.0000
0.3525,0.0000,0.0000,0.0000,0.0000,0.0000,0.0000,0.0000,0.0000,0.0000,0.0000,0.0000,0.0000
0.3550,0.0000,0.0000,0.0000,0.0000,0.0000,0.0000,0.0000,0.0000,0.0000,0.0000,0.0000,0.0000
0.3575,0.0000,0.0000,0.0000,0.0000,0.0000,0.0000,0.0000,0.0000,0.0000,0.0000,0.0000,0.0000
0.3600,0.0000,0.0000,0.0000,0.0000,0.0000,0.0000,0.0000,0.0000,0.0000,0.0000,0.0000,0.0000
0.3625,0.0000,0.0000,0.0000,0.0000,0.0000,0.0000,0.0000,0.0000,0.0000,0.0000,0.0000,0.0000
0.3650,0.0000,0.0000,0.0000,0.0000,0.0000,0.0000,0.0000,0.0000,0.0000,0.0000,0.0000,0.0000
0.3675,0.0000,0.0000,0.0000,0.0000,0.0000,0.0000,0.0000,0.0000,0.0000,0.0000,0.0000,0.0000
0.3700,0.0000,0.0000,0.0000,0.0000,0.0000,0.0000,0.0000,0.0000,0.0000,0.0000,0.0000,0.0000
0.3725,0.0000,0.0000,0.0000,0.0000,0.0000,0.0000,0.0000,0.0000,0.0000,0.0000,0.0000,0.0000
0.3750,0.0000,0.0000,0.0000,0.0000,0.0000,0.0000,0.0000,0.0000,0.0000,0.0000,0.0000,0.0000
0.3775,0.0000,0.0000,0.0000,0.0000,0.0000,0.0000,0.0000,0.0000,0.0000,0.0000,0.0000,0.0000
0.3800,0.0000,0.0000,0.0000,0.0000,0.0000,0.0000,0.0000,0.0000,0.0000,0.0000,0.0000,0.0000
0.3825,0.0000,0.0000,0.0000,0.0000,0.0000,0.0000,0.0000,0.0000,0.0000,0.0000,0.0000,0.0000
0.3850,0.0000,0.0000,0.0000,0.0000,0.0000,0.0000,0.0000,0.0000,0.0000,0.0000,0.0000,0.0000
0.3875,0.0000,0.0000,0.0000,0.0000,0.0000,0.0000,0.0000,0.0000,0.0000,0.0000,0.0000,0.0000
0.3900,0.0000,0.0000,0.0000,0.0000,0.0000,0.0000,0.0000,0.0000,0.0000,0.0000,0.0000,0.0000
0.3925,0.0000,0.0000,0.0000,0.0000,0.0000,0.0000,0.0000,0.0000,0.0000,0.0000,0.0000,0.0000
0.3950,0.0000,0.0000,0.0000,0.0000,0.0000,0.0000,0.0000,0.0000,0.0000,0.0000,0.0000,0.0000
0.3975,0.0000,0.0000,0.0000,0.0000,0.0000,0.0000,0.0000,0.0000,0.0000,0.0000,0.0000,0.0000
0.4000,0.0000,0.0000,0.0000,0.0000,0.0000,0.0000,0.0000,0.0000,0.0000,0.0000,0.0000,0.0000
0.4025,0.0000,0.0000,0.0000,0.0000,0.0000,0.0000,0.0000,0.0000,0.0000,0.0000,0.0000,0.0000
0.4050,0.0000,0.0000,0.0000,0.0000,0.0000,0.0000,0.0000,0.0000,0.0000,0.0000,0.0000,0.0000
0.4075,0.0000,0.0000,0.0000,0.0000,0.0000,0.0000,0.0000,0.0000,0.0000,0.0000,0.0000,0.0000
0.4100,0.0000,0.0000,0.0000,0.0000,0.0000,0.0000,0.0000,0.0000,0.0000,0.0000,0.0000,0.0000
0.4125,0.0000,0.0000,0.0000,0.0000,0.0000,0.0000,0.0000,0.0000,0.0000,0.0000,0.0000,0.0000
0.4150,0.0000,0.0000,0.0000,0.0000,0.0000,0.0000,0.0000,0.0000,0.0000,0.0000,0.0000,0.0000
0.4175,0.0000,0.0000,0.0000,0.0000,0.0000,0.0000,0.0000,0.0000,0.0000,0.0000,0.0000,0.0000
0.4200,0.0000,0.0000,0.0000,0.0000,0.0000,0.0000,0.0000,0.0000,0.0000,0.0000,0.0000,0.0000
0.4225,0.0000,0.0000,0.0000,0.0000,0.0000,0.0000,0.0000,0.0000,0.0000,0.0000,0.0000,0.0000
0.4250,0.0000,0.0000,0.0000,0.0000,0.0000,0.0000,0.0000,0.0000,0.0000,0.0000,0.0000,0.0000
0.4275,0.0000,0.0000,0.0000,0.0000,0.0000,0.0000,0.0000,0.0000,0.0000,0.0000,0.0000,0.0000
0.4300,0.0000,0.0000,0.0000,0.0000,0.0000,0.0000,0.0000,0.0000,0.0000,0.0000,0.0000,0.0000
0.4325,0.0000,0.0000,0.0000,0.0000,0.0000,0.0000,0.0000,0.0000,0.0000,0.0000,0.0000,0.0000
0.4350,0.0000,0.0000,0.0000,0.0000,0.0000,0.0000,0.0000,0.0000,0.0000,0.0000,0.0000,0.0000
0.4375,0.0000,0.0000,0.0000,0.0000,0.0000,0.0000,0.0000,0.0000,0.0000,0.0000,0.0000,0.0000
0.4400,0.0000,0.0000,0.0000,0.0000,0.0000,0.0000,0.0000,0.0000,0.0000,0.0000,0.0000,0.0000
0.4425,0.0000,0.0000,0.0000,0.0000,0.0000,0.0000,0.0000,0.0000,0.0000,0.0000,0.0000,0.0000
0.4450,0.0000,0.0000,0.0000,0.0000,0.0000,0.0000,0.0000,0.0000,0.0000,0.0000,0.0000,0.0000
0.4475,0.0000,0.0000,0.0000,0.0000,0.0000,0.0000,0.0000,0.0000,0.0000,0.0000,0.0000,0.0000
0.4500,0.0000,0.0000,0.0000,0.0000,0.0000,0.0000,0.0000,0.0000,0.0000,0.0000,0.0000,0.0000
0.4525,0.0000,0.0000,0.0000,0.0000,0.0000,0.0000,0.0000,0.0000,0.0000,0.0000,0.0000,0.0000
0.4550,0.0000,0.0000,0.0000,0.0000,0.0000,0.0000,0.0000,0.0000,0.0000,0.0000,0.0000,0.0000
0.4575,0.0000,0.0000,0.0000,0.0000,0.0000,0.0000,0.0000,0.0000,0.0000,0.0000,0.0000,0.0000
0.4600,0.0000,0.0000,0.0000,0.0000,0.0000,0.0000,0.0000,0.0000,0.0000,0.0000,0.0000,0.0000
0.4625,0.0000,0.0000,0.0000,0.0000,0.0000,0.0000,0.0000,0.0000,0.0000,0.0000,0.0000,0.0000
0.4650,0.0000,0.0000,0.0000,0.0000,0.0000,0.0000,0.0000,0.0000,0.0000,0.0000,0.0000,0.0000
0.4675,0.0000,0.0000,0.0000,0.0000,0.0000,0.0000,0.0000,0.0000,0.0000,0.0000,0.0000,0.0000
0.4700,0.0000,0.0000,0.0000,0.0000,0.0000,0.0000,0.0000,0.0000,0.0000,0.0000,0.0000,0.0000
0.4725,0.0000,0.0000,0.0000,0.0000,0.0000,0.0000,0.0000,0.0000,0.0000,0.0000,0.0000,0.0000
0.4750,0.0000,0.0000,0.0000,0.0000,0.0000,0.0000,0.0000,0.0000,0.0000,0.0000,0.0000,0.0000
0.4775,0.0000,0.0000,0.0000,0.0000,0.0000,0.0000,0.0000,0.0000,0.0000,0.0000,0.0000,0.0000
0.4800,0.0000,0.0000,0.0000,0.0000,0.0000,0.0000,0.0000,0.0000,0.0000,0.0000,0.0000,0.0000
0.4825,0.0000,0.0000,0.0000,0.0000,0.0000,0.0000,0.0000,0.0000,0.0000,0.0000,0.0000,0.0000
0.4850,0.0000,0.0000,0.0000,0.0000,0.0000,0.0000,0.0000,0.0000,0.0000,0.0000,0.0000,0.0000
0.4875,0.0000,0.0000,0.0000,0.0000,0.0000,0.0000,0.0000,0.0000,0.0000,0.0000,0.0000,0.0000
0.4900,0.0000,0.0000,0.0000,0.0000,0.0000,0.0000,0.0000,0.0000,0.0000,0.0000,0.0000,0.0000
0.4925,0.0000,0.0000,0.0000,0.0000,0.0000,0.0000,0.0000,0.0000,0.0000,0.0000,0.0000,0.0000
0.4950,0.0000,0.0000,0.0000,0.0000,0.0000,0.0000,0.0000,0.0000,0.0000,0.0000,0.0000,0.0000
0.4975,0.0000,0.0000,0.0000,0.0000,0.0000,0.0000,0.0000,0.0000,0.0000,0.0000,0.0000,0.0000
0.5000,0.0000,0.0000,0.0000,0.0000,0.0000,0.0000,0.0000,0.0000,0.0000,0.0000,0.0000,0.0000
0.5025,0.0000,0.0000,0.0000,0.0000,0.0000,0.0000,0.0000,0.0000,0.0000,0.0000,0.0000,0.0000
0.5050,0.0000,0.0000,0.0000,0.0000,0.0000,0.0000,0.0000,0.0000,0.0000,0.0000,0.0000,0.0000
0.5075,0.0000,0.0000,0.0000,0.0000,0.0000,0.0000,0.0000,0.0000,0.0000,0.0000,0.0000,0.0000
0.5100,0.0000,0.0000,0.0000,0.0000,0.0000,0.0000,0.0000,0.0000,0.0000,0.0000,0.0000,0.0000
0.5125,0.0000,0.0000,0.0000,0.0000,0.0000,0.0000,0.0000,0.0000,0.0000,0.0000,0.0000,0.0000
0.5150,0.0000,0.0000,0.0000,0.0000,0.0000,0.0000,0.0000,0.0000,0.0000,0.0000,0.0000,0.0000
0.5175,0.0000,0.0000,0.0000,0.0000,0.0000,0.0000,0.0000,0.0000,0.0000,0.0000,0.0000,0.0000
0.5200,0.0000,0.0000,0.0000,0.0000,0.0000,0.0000,0.0000,0.0000,0.0000,0.0000,0.0000,0.0000
0.5225,0.0000,0.0000,0.0000,0.0000,0.0000,0.0000,0.0000,0.0000,0.0000,0.0000,0.0000,0.0000
0.5250,0.0000,0.0000,0.0000,0.0000,0.0000,0.0000,0.0000,0.0000,0.0000,0.0000,0.0000,0.0000
0.5275,0.0000,0.0000,0.0000,0.0000,0.0000,0.0000,0.0000,0.0000,0.0000,0.0000,0.0000,0.0000
0.5300,0.0000,0.0000,0.0000,0.0000,0.0000,0.0000,0.0000,0.0000,0.0000,0.0000,0.0000,0.0000
0.5325,0.0000,0.0000,0.0000,0.0000,0.0000,0.0000,0.0000,0.0000,0.0000,0.0000,0.0000,0.0000
0.5350,0.0000,0.0000,0.0000,0.0000,0.0000,0.0000,0.0000,0.0000,0.0000,0.0000,0.0000,0.0000
0.5375,0.0000,0.0000,0.0000,0.0000,0.0000,0.0000,0.0000,0.0000,0.0000,0.0000,0.0000,0.0000
0.5400,0.0000,0.0000,0.0000,0.0000,0.0000,0.0000,0.0000,0.0000,0.0000,0.0000,0.0000,0.0000
0.5425,0.0000,0.0000,0.0000,0.0000,0.0000,0.0000,0.0000,0.0000,0.0000,0.0000,0.0000,0.0000
0.5450,0.0000,0.0000,0.0000,0.0000,0.0000,0.0000,0.0000,0.0000,0.0000,0.0000,0.0000,0.0000
0.5475,0.0000,0.0000,0.0000,0.0000,0.0000,0.0000,0.0000,0.0000,0.0000,0.0000,0.0000,0.0000
0.5500,0.0000,0.0000,0.0000,0.0000,0.0000,0.0000,0.0000,0.0000,0.0000,0.0000,0.0000,0.0000
0.5525,0.0000,0.0000,0.0000,0.0000,0.0000,0.0000,0.0000,0.0000,0.0000,0.0000,0.0000,0.0000
0.5550,0.0000,0.0000,0.0000,0.0000,0.0000,0.0000,0.0000,0.0000,0.0000,0.0000,0.0000,0.0000
0.5575,0.0000,0.0000,0.0000,0.0000,0.0000,0.0000,0.0000,0.0000,0.0000,0.0000,0.0000,0.0000
0.5600,0.0000,0.0000,0.0000,0.0000,0.0000,0.0000,0.0000,0.0000,0.0000,0.0000,0.0000,0.0000
0.5625,0.0000,0.0000,0.0000,0.0000,0.0000,0.0000,0.0000,0.0000,0.0000,0.0000,0.0000,0.0000
0.5650,0.0000,0.0000,0.0000,0.0000,0.0000,0.0000,0.0000,0.0000,0.0000,0.0000,0.0000,0.0000
0.5675,0.0000,0.0000,0.0000,0.0000,0.0000,0.0000,0.0000,0.0000,0.0000,0.0000,0.0000,0.0000
0.5700,0.0000,0.0000,0.0000,0.0000,0.0000,0.0000,0.0000,0.0000,0.0000,0.0000,0.0000,0.0000
0.5725,0.0000,0.0000,0.0000,0.0000,0.0000,0.0000,0.0000,0.0000,0.0000,0.0000,0.0000,0.0000
0.5750,0.0000,0.0000,0.0000,0.0000,0.0000,0.0000,0.0000,0.0000,0.0000,0.0000,0.0000,0.0000
0.5775,0.0000,0.0000,0.0000,0.0000,0.0000,0.0000,0.0000,0.0000,0.0000,0.0000,0.0000,0.0000
0.5800,0.0000,0.0000,0.0000,0.0000,0.0000,0.0000,0.0000,0.0000,0.0000,0.0000,0.0000,0.0000
0.5825,0.0000,0.0000,0.0000,0.0000,0.0000,0.0000,0.0000,0.0000,0.0000,0.0000,0.0000,0.0000
0.5850,0.0000,0.0000,0.0000,0.0000,0.0000,0.0000,0.0000,0.0000,0.0000,0.0000,0.0000,0.0000
0.5875,0.0000,0.0000,0.0000,0.0000,0.0000,0.0000,0.0000,0.0000,0.0000,0.0000,0.0000,0.0000
0.5900,0.0000,0.0000,0.0000,0.0000,0.0000,0.0000,0.0000,0.0000,0.0000,0.0000,0.0000,0.0000
0.5925,0.0000,0.0000,0.0000,0.0000,0.0000,0.0000,0.0000,0.0000,0.0000,0.0000,0.0000,0.0000
0.5950,0.0000,0.0000,0.0000,0.0000,0.0000,0.0000,0.0000,0.0000,0.0000,0.0000,0.0000,0.0000
0.5975,0.0000,0.0000,0.0000,0.0000,0.0000,0.0000,0.0000,0.0000,0.0000,0.0000,0.0000,0.0000
0.6000,0.0000,0.0000,0.0000,0.0000,0.0000,0.0000,0.0000,0.0000,0.0000,0.0000,0.0000,0.0000
0.6025,0.0000,0.0000,0.0000,0.0000,0.0000,0.0000,0.0000,0.0000,0.0000,0.0000,0.0000,0.0000
0.6050,0.0000,0.0000,0.0000,0.0000,0.0000,0.0000,0.0000,0.0000,0.0000,0.0000,0.0000,0.0000
0.6075,0.0000,0.0000,0.0000,0.0000,0.0000,0.0000,0.0000,0.0000,0.0000,0.0000,0.0000,0.0000
0.6100,0.0000,0.0000,0.0000,0.0000,0.0000,0.0000,0.0000,0.0000,0.0000,0.0000,0.0000,0.0000
0.6125,0.0000,0.0000,0.0000,0.0000,0.0000,0.0000,0.0000,0.0000,0.0000,0.0000,0.0000,0.0000
0.6150,0.0000,0.0000,0.0000,0.0000,0.0000,0.0000,0.0000,0.0000,0.0000,0.0000,0.0000,0.0000
0.6175,0.0000,0.0000,0.0000,0.0000,0.0000,0.0000,0.0000,0.0000,0.0000,0.0000,0.0000,0.0000
0.6200,0.0000,0.0000,0.0000,0.0000,0.0000,0.0000,0.0000,0.0000,0.0000,0.0000,0.0000,0.0000
0.6225,0.0000,0.0000,0.0000,0.0000,0.0000,0.0000,0.0000,0.0000,0.0000,0.0000,0.0000,0.0000
0.6250,0.0000,0.0000,0.0000,0.0000,0.0000,0.0000,0.0000,0.0000,0.0000,0.0000,0.0000,0.0000
0.6275,0.0000,0.0000,0.0000,0.0000,0.0000,0.0000,0.0000,0.0000,0.0000,0.0000,0.0000,0.0000
0.6300,0.0000,0.0000,0.0000,0.0000,0.0000,0.0000,0.0000,0.0000,0.0000,0.0000,0.0000,0.0000
0.6325,0.0000,0.0000,0.0000,0.0000,0.0000,0.0000,0.0000,0.0000,0.0000,0.0000,0.0000,0.0000
0.6350,0.0000,0.0000,0.0000,0.0000,0.0000,0.0000,0.0000,0.0000,0.0000,0.0000,0.0000,0.0000
0.6375,0.0000,0.0000,0.0000,0.0000,0.0000,0.0000,0.0000,0.0000,0.0000,0.0000,0.0000,0.0000
0.6400,0.0000,0.0000,0.0000,0.0000,0.0000,0.0000,0.0000,0.0000,0.0000,0.0000,0.0000,0.0000
0.6425,0.0000,0.0000,0.0000,0.0000,0.0000,0.0000,0.0000,0.0000,0.0000,0.0000,0.0000,0.0000
0.6450,0.0000,0.0000,0.0000,0.0000,0.0000,0.0000,0.0000,0.0000,0.0000,0.0000,0.0000,0.0000
0.6475,0.0000,0.0000,0.0000,0.0000,0.0000,0.0000,0.0000,0.0000,0.0000,0.0000,0.0000,0.0000
0.6500,0.0000,0.0000,0.0000,0.0000,0.0000,0.0000,0.0000,0.0000,0.0000,0.0000,0.0000,0.0000
0.6525,0.0000,0.0000,0.0000,0.0000,0.0000,0.0000,0.0000,0.0000,0.0000,0.0000,0.0000,0.0000
0.6550,0.0000,0.0000,0.0000,0.0000,0.0000,0.0000,0.0000,0.0000,0.0000,0.0000,0.0000,0.0000
0.6575,0.0000,0.0000,0.0000,0.0000,0.0000,0.0000,0.0000,0.0000,0.0000,0.0000,0.0000,0.0000
0.6600,0.0000,0.0000,0.0000,0.0000,0.0000,0.0000,0.0000,0.0000,0.0000,0.0000,0.0000,0.0000
0.6625,0.0000,0.0000,0.0000,0.0000,0.0000,0.0000,0.0000,0.0000,0.0000,0.0000,0.0000,0.0000
0.6650,0.0000,0.0000,0.0000,0.0000,0.0000,0.0000,0.0000,0.0000,0.0000,0.0000,0.0000,0.0000
0.6675,0.0000,0.0000,0.0000,0.0000,0.0000,0.0000,0.0000,0.0000,0.0000,0.0000,0.0000,0.0000
0.6700,0.0000,0.0000,0.0000,0.0000,0.0000,0.0000,0.0000,0.0000,0.0000,0.0000,0.0000,0.0000
0.6725,0.0000,0.0000,0.0000,0.0000,0.0000,0.0000,0.0000,0.0000,0.0000,0.0000,0.0000,0.0000
0.6750,0.0000,0.0000,0.0000,0.0000,0.0000,0.0000,0.0000,0.0000,0.0000,0.0000,0.0000,0.0000
0.6775,0.0000,0.0000,0.0000,0.0000,0.0000,0.0000,0.0000,0.0000,0.0000,0.0000,0.0000,0.0000
0.6800,0.0000,0.0000,0.0000,0.0000,0.0000,0.0000,0.0000,0.0000,0.0000,0.0000,0.0000,0.0000
0.6825,0.0000,0.0000,0.0000,0.0000,0.0000,0.0000,0.0000,0.0000,0.0000,0.0000,0.0000,0.0000
0.6850,0.0000,0.0000,0.0000,0.0000,0.0000,0.0000,0.0000,0.0000,0.0000,0.0000,0.0000,0.0000
0.6875,0.0000,0.0000,0.0000,0.0000,0.0000,0.0000,0.0000,0.0000,0.0000,0.0000,0.0000,0.0000
0.6900,0.0000,0.0000,0.0000,0.0000,0.0000,0.0000,0.0000,0.0000,0.0000,0.0000,0.0000,0.0000
0.6925,0.0000,0.0000,0.0000,0.0000,0.0000,0.0000,0.0000,0.0000,0.0000,0.0000,0.0000,0.0000
0.6950,0.0000,0.0000,0.0000,0.0000,0.0000,0.0000,0.0000,0.0000,0.0000,0.0000,0.0000,0.0000
0.6975,0.0000,0.0000,0.0000,0.0000,0.0000,0.0000,0.0000,0.0000,0.0000,0.0000,0.0000,0.0000
0.7000,0.0000,0.0000,0.0000,0.0000,0.0000,0.0000,0.0000,0.0000,0.0000,0.0000,0.0000,0.0000
0.7025,0.0000,0.0000,0.0000,0.0000,0.0000,0.0000,0.0000,0.0000,0.0000,0.0000,0.0000,0.0000
0.7050,0.0000,0.0000,0.0000,0.0000,0.0000,0.0000,0.0000,0.0000,0.0000,0.0000,0.0000,0.0000
0.7075,0.0000,0.0000,0.0000,0.0000,0.0000,0.0000,0.0000,0.0000,0.0000,0.0000,0.0000,0.0000
0.7100,0.0000,0.0000,0.0000,0.0000,0.0000,0.0000,0.0000,0.0000,0.0000,0.0000,0.0000,0.0000
0.7125,0.0000,0.0000,0.0000,0.0000,0.0000,0.0000,0.0000,0.0000,0.0000,0.0000,0.0000,0.0000
0.7150,0.0000,0.0000,0.0000,0.0000,0.0000,0.0000,0.0000,0.0000,0.0000,0.0000,0.0000,0.0000
0.7175,0.0000,0.0000,0.0000,0.0000,0.0000,0.0000,0.0000,0.0000,0.0000,0.0000,0.0000,0.0000
0.7200,0.0000,0.0000,0.0000,0.0000,0.0000,0.0000,0.0000,0.0000,0.0000,0.0000,0.0000,0.0000
0.7225,0.0000,0.0000,0.0000,0.0000,0.0000,0.0000,0.0000,0.0000,0.0000,0.0000,0.0000,0.0000
0.7250,0.0000,0.0000,0.0000,0.0000,0.0000,0.0000,0.0000,0.0000,0.0000,0.0000,0.0000,0.0000
0.7275,0.0000,0.0000,0.0000,0.0000,0.0000,0.0000,0.0000,0.0000,0.0000,0.0000,0.0000,0.0000
0.7300,0.0000,0.0000,0.0000,0.0000,0.0000,0.0000,0.0000,0.0000,0.0000,0.0000,0.0000,0.0000
0.7325,0.0000,0.0000,0.0000,0.0000,0.0000,0.0000,0.0000,0.0000,0.0000,0.0000,0.0000,0.0000
0.7350,0.0000,0.0000,0.0000,0.0000,0.0000,0.0000,0.0000,0.0000,0.0000,0.0000,0.0000,0.0000
0.7375,0.0000,0.0000,0.0000,0.0000,0.0000,0.0000,0.0000,0.0000,0.0000,0.0000,0.0000,0.0000
0.7400,0.0000,0.0000,0.0000,0.0000,0.0000,0.0000,0.0000,0.0000,0.0000,0.0000,0.0000,0.0000
0.7425,0.0000,0.0000,0.0000,0.0000,0.0000,0.0000,0.0000,0.0000,0.0000,0.0000,0.0000,0.0000
0.7450,0.0000,0.0000,0.0000,0.0000,0.0000,0.0000,0.0000,0.0000,0.0000,0.0000,0.0000,0.0000
0.7475,0.0000,0.0000,0.0000,0.0000,0.0000,0.0000,0.0000,0.0000,0.0000,0.0000,0.0000,0.0000
0.7500,0.0000,0.0000,0.0000,0.0000,0.0000,0.0000,0.0000,0.0000,0.0000,0.0000,0.0000,0.0000
0.7525,0.0000,0.0000,0.0000,0.0000,0.0000,0.0000,0.0000,0.0000,0.0000,0.0000,0.0000,0.0000
0.7550,0.0000,0.0000,0.0000,0.0000,0.0000,0.0000,0.0000,0.0000,0.0000,0.0000,0.0000,0.0000
0.7575,0.0000,0.0000,0.0000,0.0000,0.0000,0.0000,0.0000,0.0000,0.0000,0.0000,0.0000,0.0000
0.7600,0.0000,0.0000,0.0000,0.0000,0.0000,0.0000,0.0000,0.0000,0.0000,0.0000,0.0000,0.0000
0.7625,0.0000,0.0000,0.0000,0.0000,0.0000,0.0000,0.0000,0.0000,0.0000,0.0000,0.0000,0.0000
0.7650,0.0000,0.0000,0.0000,0.0000,0.0000,0.0000,0.0000,0.0000,0.0000,0.0000,0.0000,0.0000
0.7675,0.0000,0.0000,0.0000,0.0000,0.0000,0.0000,0.0000,0.0000,0.0000,0.0000,0.0000,0.0000
0.7700,0.0000,0.0000,0.0000,0.0000,0.0000,0.0000,0.0000,0.0000,0.0000,0.0000,0.0000,0.0000
0.7725,0.0000,0.0000,0.0000,0.0000,0.0000,0.0000,0.0000,0.0000,0.0000,0.0000,0.0000,0.0000
0.7750,0.0000,0.0000,0.0000,0.0000,0.0000,0.0000,0.0000,0.0000,0.0000,0.0000,0.0000,0.0000
0.7775,0.0000,0.0000,0.0000,0.0000,0.0000,0.0000,0.0000,0.0000,0.0000,0.0000,0.0000,0.0000
0.7800,0.0000,0.0000,0.0000,0.0000,0.0000,0.0000,0.0000,0.0000,0.0000,0.0000,0.0000,0.0000
0.7825,0.0000,0.0000,0.0000,0.0000,0.0000,0.0000,0.0000,0.0000,0.0000,0.0000,0.0000,0.0000
0.7850,0.0000,0.0000,0.0000,0.0000,0.0000,0.0000,0.0000,0.0000,0.0000,0.0000,0.0000,0.0000
0.7875,0.0000,0.0000,0.0000,0.0000,0.0000,0.0000,0.0000,0.0000,0.0000,0.0000,0.0000,0.0000
0.7900,0.0000,0.0000,0.0000,0.0000,0.0000,0.0000,0.0000,0.0000,0.0000,0.0000,0.0000,0.0000
0.7925,0.0000,0.0000,0.0000,0.0000,0.0000,0.0000,0.0000,0.0000,0.0000,0.0000,0.0000,0.0000
0.7950,0.0000,0.0000,0.0000,0.0000,0.0000,0.0000,0.0000,0.0000,0.0000,0.0000,0.0000,0.0000
0.7975,0.0000,0.0000,0.0000,0.0000,0.0000,0.0000,0.0000,0.0000,0.0000,0.0000,0.0000,0.0000
0.8000,0.0000,0.0000,0.0000,0.0000,0.0000,0.0000,0.0000,0.0000,0.0000,0.0000,0.0000,0.0000
0.8025,0.0000,0.0000,0.0000,0.0000,0.0000,0.0000,0.0000,0.0000,0.0000,0.0000,0.0000,0.0000
0.8050,0.0000,0.0000,0.0000,0.0000,0.0000,0.0000,0.0000,0.0000,0.0000,0.0000,0.0000,0.0000
0.8075,0.0000,0.0000,0.0000,0.0000,0.0000,0.0000,0.0000,0.0000,0.0000,0.0000,0.0000,0.0000
0.8100,0.0000,0.0000,0.0000,0.0000,0.0000,0.0000,0.0000,0.0000,0.0000,0.0000,0.0000,0.0000
0.8125,0.0000,0.0000,0.0000,0.0000,0.0000,0.0000,0.0000,0.0000,0.0000,0.0000,0.0000,0.0000
0.8150,0.0000,0.0000,0.0000,0.0000,0.0000,0.0000,0.0000,0.0000,0.0000,0.0000,0.0000,0.0000
0.8175,0.0000,0.0000,0.0000,0.0000,0.0000,0.0000,0.0000,0.0000,0.0000,0.0000,0.0000,0.0000
0.8200,0.0000,0.0000,0.0000,0.0000,0.0000,0.0000,0.0000,0.0000,0.0000,0.0000,0.0000,0.0000
0.8225,0.0000,0.0000,0.0000,0.0000,0.0000,0.0000,0.0000,0.0000,0.0000,0.0000,0.0000,0.0000
0.8250,0.0000,0.0000,0.0000,0.0000,0.0000,0.0000,0.0000,0.0000,0.0000,0.0000,0.0000,0.0000
0.8275,0.0000,0.0000,0.0000,0.0000,0.0000,0.0000,0.0000,0.0000,0.0000,0.0000,0.0000,0.0000
0.8300,0.0000,0.0000,0.0000,0.0000,0.0000,0.0000,0.0000,0.0000,0.0000,0.0000,0.0000,0.0000
0.8325,0.0000,0.0000,0.0000,0.0000,0.0000,0.0000,0.0000,0.0000,0.0000,0.0000,0.0000,0.0000
0.8350,0.0000,0.0000,0.0000,0.0000,0.0000,0.0000,0.0000,0.0000,0.0000,0.0000,0.0000,0.0000
0.8375,0.0000,0.0000,0.0000,0.0000,0.0000,0.0000,0.0000,0.0000,0.0000,0.0000,0.0000,0.0000
0.8400,0.0000,0.0000,0.0000,0.0000,0.0000,0.0000,0.0000,0.0000,0.0000,0.0000,0.0000,0.0000
0.8425,0.0000,0.0000,0.0000,0.0000,0.0000,0.0000,0.0000,0.0000,0.0000,0.0000,0.0000,0.0000
0.8450,0.0000,0.0000,0.0000,0.0000,0.0000,0.0000,0.0000,0.0000,0.0000,0.0000,0.0000,0.0000
0.8475,0.0000,0.0000,0.0000,0.0000,0.0000,0.0000,0.0000,0.0000,0.0000,0.0000,0.0000,0.0000
0.8500,0.0000,0.0000,0.0000,0.0000,0.0000,0.0000,0.0000,0.0000,0.0000,0.0000,0.0000,0.0000
0.8525,0.0000,0.0000,0.0000,0.0000,0.0000,0.0000,0.0000,0.0000,0.0000,0.0000,0.0000,0.0000
0.8550,0.0000,0.0000,0.0000,0.0000,0.0000,0.0000,0.0000,0.0000,0.0000,0.0000,0.0000,0.0000
0.8575,0.0000,0.0000,0.0000,0.0000,0.0000,0.0000,0.0000,0.0000,0.0000,0.0000,0.0000,0.0000
0.8600,0.0000,0.0000,0.0000,0.0000,0.0000,0.0000,0.0000,0.0000,0.0000,0.0000,0.0000,0.0000
0.8625,0.0000,0.0000,0.0000,0.0000,0.0000,0.0000,0.0000,0.0000,0.0000,0.0000,0.0000,0.0000
0.8650,0.0000,0.0000,0.0000,0.0000,0.0000,0.0000,0.0000,0.0000,0.0000,0.0000,0.0000,0.0000
0.8675,0.0000,0.0000,0.0000,0.0000,0.0000,0.0000,0.0000,0.0000,0.0000,0.0000,0.0000,0.0000
0.8700,0.0000,0.0000,0.0000,0.0000,0.0000,0.0000,0.0000,0.0000,0.0000,0.0000,0.0000,0.0000
0.8725,0.0000,0.0000,0.0000,0.0000,0.0000,0.0000,0.0000,0.0000,0.0000,0.0000,0.0000,0.0000
0.8750,0.0000,0.0000,0.0000,0.0000,0.0000,0.0000,0.0000,0.0000,0.0000,0.0000,0.0000,0.0000
0.8775,0.0000,0.0000,0.0000,0.0000,0.0000,0.0000,0.0000,0.0000,0.0000,0.0000,0.0000,0.0000
0.8800,0.0000,0.0000,0.0000,0.0000,0.0000,0.0000,0.0000,0.0000,0.0000,0.0000,0.0000,0.0000
0.8825,0.0000,0.0000,0.0000,0.0000,0.0000,0.0000,0.0000,0.0000,0.0000,0.0000,0.0000,0.0000
0.8850,0.0000,0.0000,0.0000,0.0000,0.0000,0.0000,0.0000,0.0000,0.0000,0.0000,0.0000,0.0000
0.8875,0.0000,0.0000,0.0000,0.0000,0.0000,0.0000,0.0000,0.0000,0.0000,0.0000,0.0000,0.0000
0.8900,0.0000,0.0000,0.0000,0.0000,0.0000,0.0000,0.0000,0.0000,0.0000,0.0000,0.0000,0.0000
0.8925,0.0000,0.0000,0.0000,0.0000,0.0000,0.0000,0.0000,0.0000,0.0000,0.0000,0.0000,0.0000
0.8950,0.0000,0.0000,0.0000,0.0000,0.0000,0.0000,0.0000,0.0000,0.0000,0.0000,0.0000,0.0000
0.8975,0.0000,0.0000,0.0000,0.0000,0.0000,0.0000,0.0000,0.0000,0.0000,0.0000,0.0000,0.0000
0.9000,0.0000,0.0000,0.0000,0.0000,0.0000,0.0000,0.0000,0.0000,0.0000,0.0000,0.0000,0.0000
0.9025,0.0000,0.0000,0.0000,0.0000,0.0000,0.0000,0.0000,0.0000,0.0000,0.0000,0.0000,0.0000
0.9050,0.0000,0.0000,0.0000,0.0000,0.0000,0.0000,0.0000,0.0000,0.0000,0.0000,0.0000,0.0000
0.9075,0.0000,0.0000,0.0000,0.0000,0.0000,0.0000,0.0000,0.0000,0.0000,0.0000,0.0000,0.0000
0.9100,0.0000,0.0000,0.0000,0.0000,0.0000,0.0000,0.0000,0.0000,0.0000,0.0000,0.0000,0.0000
0.9125,0.0000,0.0000,0.0000,0.0000,0.0000,0.0000,0.0000,0.0000,0.0000,0.0000,0.0000,0.0000
0.9150,0.0000,0.0000,0.0000,0.0000,0.0000,0.0000,0.0000,0.0000,0.0000,0.0000,0.0000,0.0000
0.9175,0.0000,0.0000,0.0000,0.0000,0.0000,0.0000,0.0000,0.0000,0.0000,0.0000,0.0000,0.0000
0.9200,0.0000,0.0000,0.0000,0.0000,0.0000,0.0000,0.0000,0.0000,0.0000,0.0000,0.0000,0.0000
0.9225,0.0000,0.0000,0.0000,0.0000,0.0000,0.0000,0.0000,0.0000,0.0000,0.0000,0.0000,0.0000
0.9250,0.0000,0.0000,0.0000,0.0000,0.0000,0.0000,0.0000,0.0000,0.0000,0.0000,0.0000,0.0000
0.9275,0.0000,0.0000,0.0000,0.0000,0.0000,0.0000,0.0000,0.0000,0.0000,0.0000,0.0000,0.0000
0.9300,0.0000,0.0000,0.0000,0.0000,0.0000,0.0000,0.0000,0.0000,0.0000,0.0000,0.0000,0.0000
0.9325,0.0000,0.0000,0.0000,0.0000,0.0000,0.0000,0.0000,0.0000,0.0000,0.0000,0.0000,0.0000
0.9350,0.0000,0.0000,0.0000,0.0000,0.0000,0.0000,0.0000,0.0000,0.0000,0.0000,0.0000,0.0000
0.9375,0.0000,0.0000,0.0000,0.0000,0.0000,0.0000,0.0000,0.0000,0.0000,0.0000,0.0000,0.0000
0.9400,0.0000,0.0000,0.0000,0.0000,0.0000,0.0000,0.0000,0.0000,0.0000,0.0000,0.0000,0.0000
0.9425,0.0000,0.0000,0.0000,0.0000,0.0000,0.0000,0.0000,0.0000,0.0000,0.0000,0.0000,0.0000
0.9450,0.0000,0.0000,0.0000,0.0000,0.0000,0.0000,0.0000,0.0000,0.0000,0.0000,0.0000,0.0000
0.9475,0.0000,0.0000,0.0000,0.0000,0.0000,0.0000,0.0000,0.0000,0.0000,0.0000,0.0000,0.0000
0.9500,0.0000,0.0000,0.0000,0.0000,0.0000,0.0000,0.0000,0.0000,0.0000,0.0000,0.0000,0.0000
0.9525,0.0000,0.0000,0.0000,0.0000,0.0000,0.0000,0.0000,0.0000,0.0000,0.0000,0.0000,0.0000
0.9550,0.0000,0.0000,0.0000,0.0000,0.0000,0.0000,0.0000,0.0000,0.0000,0.0000,0.0000,0.0000
0.9575,0.0000,0.0000,0.0000,0.0000,0.0000,0.0000,0.0000,0.0000,0.0000,0.0000,0.0000,0.0000
0.9600,0.0000,0.0000,0.0000,0.0000,0.0000,0.0000,0.0000,0.0000,0.0000,0.0000,0.0000,0.0000
0.9625,0.0000,0.0000,0.0000,0.0000,0.0000,0.0000,0.0000,0.0000,0.0000,0.0000,0.0000,0.0000
0.9650,0.0000,0.0000,0.0000,0.0000,0.0000,0.0000,0.0000,0.0000,0.0000,0.0000,0.0000,0.0000
0.9675,0.0000,0.0000,0.0000,0.0000,0.0000,0.0000,0.0000,0.0000,0.0000,0.0000,0.0000,0.0000
0.9700,0.0000,0.0000,0.0000,0.0000,0.0000,0.0000,0.0000,0.0000,0.0000,0.0000,0.0000,0.0000
0.9725,0.0000,0.0000,0.0000,0.0000,0.0000,0.0000,0.0000,0.0000,0.0000,0.0000,0.0000,0.0000
0.9750,0.0000,0.0000,0.0000,0.0000,0.0000,0.0000,0.0000,0.0000,0.0000,0.0000,0.0000,0.0000
0.9775,0.0000,0.0000,0.0000,0.0000,0.0000,0.0000,0.0000,0.0000,0.0000,0.0000,0.0000,0.0000
0.9800,0.0000,0.0000,0.0000,0.0000,0.0000,0.0000,0.0000,0.0000,0.0000,0.0000,0.0000,0.0000
0.9825,0.0000,0.0000,0.0000,0.0000,0.0000,0.0000,0.0000,0.0000,0.0000,0.0000,0.0000,0.0000
0.9850,0.0000,0.0000,0.0000,0.0000,0.0000,0.0000,0.0000,0.0000,0.0000,0.0000,0.0000,0.0000
0.9875,0.0000,0.0000,0.0000,0.0000,0.0000,0.0000,0.0000,0.0000,0.0000,0.0000,0.0000,0.0000
0.9900,0.0000,0.0000,0.0000,0.0000,0.0000,0.0000,0.0000,0.0000,0.0000,0.0000,0.0000,0.0000
0.9925,0.0000,0.0000,0.0000,0.0000,0.0000,0.0000,0.0000,0.0000,0.0000,0.0000,0.0000,0.0000
0.9950,0.0000,0.0000,0.0000,0.0000,0.0000,0.0000,0.0000,0.0000,0.0000,0.0000,0.0000,0.0000
0.9975,0.0000,0.0000,0.0000,0.0000,0.0000,0.0000,0.0000,0.0000,0.0000,0.0000,0.0000,0.0000
1.0000,0.0000,0.0000,0.0000,0.0000,0.0000,0.0000,0.0000,0.0000,0.0000,0.0000,0.0000,0.0000
1.0025,0.0000,0.0000,0.0000,0.0000,0.0000,0.0000,0.0000,0.0000,0.0000,0.0000,0.0000,0.0000
1.0050,0.0000,0.0000,0.0000,0.0000,0.0000,0.0000,0.0000,0.0000,0.0000,0.0000,0.0000,0.0000
1.0075,0.0000,0.0000,0.0000,0.0000,0.0000,0.0000,0.0000,0.0000,0.0000,0.0000,0.0000,0.0000
1.0100,0.0000,0.0000,0.0000,0.0000,0.0000,0.0000,0.0000,0.0000,0.0000,0.0000,0.0000,0.0000
1.0125,0.0000,0.0000,0.0000,0.0000,0.0000,0.0000,0.0000,0.0000,0.0000,0.0000,0.0000,0.0000
1.0150,0.0000,0.0000,0.0000,0.0000,0.0000,0.0000,0.0000,0.0000,0.0000,0.0000,0.0000,0.0000
1.0175,0.0000,0.0000,0.0000,0.0000,0.0000,0.0000,0.0000,0.0000,0.0000,0.0000,0.0000,0.0000
1.0200,0.0000,0.0000,0.0000,0.0000,0.0000,0.0000,0.0000,0.0000,0.0000,0.0000,0.0000,0.0000
1.0225,0.0000,0.0000,0.0000,0.0000,0.0000,0.0000,0.0000,0.0000,0.0000,0.0000,0.0000,0.0000
1.0250,0.0000,0.0000,0.0000,0.0000,0.0000,0.0000,0.0000,0.0000,0.0000,0.0000,0.0000,0.0000
1.0275,0.0000,0.0000,0.0000,0.0000,0.0000,0.0000,0.0000,0.0000,0.0000,0.0000,0.0000,0.0000
1.0300,0.0000,0.0000,0.0000,0.0000,0.0000,0.0000,0.0000,0.0000,0.0000,0.0000,0.0000,0.0000
1.0325,0.0000,0.0000,0.0000,0.0000,0.0000,0.0000,0.0000,0.0000,0.0000,0.0000,0.0000,0.0000
1.0350,0.0000,0.0000,0.0000,0.0000,0.0000,0.0000,0.0000,0.0000,0.0000,0.0000,0.0000,0.0000
1.0375,0.0000,0.0000,0.0000,0.0000,0.0000,0.0000,0.0000,0.0000,0.0000,0.0000,0.0000,0.0000
1.0400,0.0000,0.0000,0.0000,0.0000,0.0000,0.0000,0.0000,0.0000,0.0000,0.0000,0.0000,0.0000
1.0425,0.0000,0.0000,0.0000,0.0000,0.0000,0.0000,0.0000,0.0000,0.0000,0.0000,0.0000,0.0000
1.0450,0.0000,0.0000,0.0000,0.0000,0.0000,0.0000,0.0000,0.0000,0.0000,0.0000,0.0000,0.0000
1.0475,0.0000,0.0000,0.0000,0.0000,0.0000,0.0000,0.0000,0.0000,0.0000,0.0000,0.0000,0.0000
1.0500,0.0000,0.0000,0.0000,0.0000,0.0000,0.0000,0.0000,0.0000,0.0000,0.0000,0.0000,0.0000
1.0525,0.0000,0.0000,0.0000,0.0000,0.0000,0.0000,0.0000,0.0000,0.0000,0.0000,0.0000,0.0000
1.0550,0.0000,0.0000,0.0000,0.0000,0.0000,0.0000,0.0000,0.0000,0.0000,0.0000,0.0000,0.0000
1.0575,0.0000,0.0000,0.0000,0.0000,0.0000,0.0000,0.0000,0.0000,0.0000,0.0000,0.0000,0.0000
1.0600,0.0000,0.0000,0.0000,0.0000,0.0000,0.0000,0.0000,0.0000,0.0000,0.0000,0.0000,0.0000
1.0625,0.0000,0.0000,0.0000,0.0000,0.0000,0.0000,0.0000,0.0000,0.0000,0.0000,0.0000,0.0000
1.0650,0.0000,0.0000,0.0000,0.0000,0.0000,0.0000,0.0000,0.0000,0.0000,0.0000,0.0000,0.0000
1.0675,0.0000,0.0000,0.0000,0.0000,0.0000,0.0000,0.0000,0.0000,0.0000,0.0000,0.0000,0.0000
1.0700,0.0000,0.0000,0.0000,0.0000,0.0000,0.0000,0.0000,0.0000,0.0000,0.0000,0.0000,0.0000
1.0725,0.0000,0.0000,0.0000,0.0000,0.0000,0.0000,0.0000,0.0000,0.0000,0.0000,0.0000,0.0000
1.0750,0.0000,0.0000,0.0000,0.0000,0.0000,0.0000,0.0000,0.0000,0.0000,0.0000,0.0000,0.0000
1.0775,0.0000,0.0000,0.0000,0.0000,0.0000,0.0000,0.0000,0.0000,0.0000,0.0000,0.0000,0.0000
1.0800,0.0000,0.0000,0.0000,0.0000,0.0000,0.0000,0.0000,0.0000,0.0000,0.0000,0.0000,0.0000
1.0825,0.0000,0.0000,0.0000,0.0000,0.0000,0.0000,0.0000,0.0000,0.0000,0.0000,0.0000,0.0000
1.0850,0.0000,0.0000,0.0000,0.0000,0.0000,0.0000,0.0000,0.0000,0.0000,0.0000,0.0000,0.0000
1.0875,0.0000,0.0000,0.0000,0.0000,0.0000,0.0000,0.0000,0.0000,0.0000,0.0000,0.0000,0.0000
1.0900,0.0000,0.0000,0.0000,0.0000,0.0000,0.0000,0.0000,0.0000,0.0000,0.0000,0.0000,0.0000
1.0925,0.0000,0.0000,0.0000,0.0000,0.0000,0.0000,0.0000,0.0000,0.0000,0.0000,0.0000,0.0000
1.0950,0.0000,0.0000,0.0000,0.0000,0.0000,0.0000,0.0000,0.0000,0.0000,0.0000,0.0000,0.0000
1.0975,0.0000,0.0000,0.0000,0.0000,0.0000,0.0000,0.0000,0.0000,0.0000,0.0000,0.0000,0.0000
1.1000,0.0000,0.0000,0.0000,0.0000,0.0000,0.0000,0.0000,0.0000,0.0000,0.0000,0.0000,0.0000
1.1025,0.0000,0.0000,0.0000,0.0000,0.0000,0.0000,0.0000,0.0000,0.0000,0.0000,0.0000,0.0000
1.1050,0.0000,0.0000,0.0000,0.0000,0.0000,0.0000,0.0000,0.0000,0.0000,0.0000,0.0000,0.0000
1.1075,0.0000,0.0000,0.0000,0.0000,0.0000,0.0000,0.0000,0.0000,0.0000,0.0000,0.0000,0.0000
1.1100,0.0000,0.0000,0.0000,0.0000,0.0000,0.0000,0.0000,0.0000,0.0000,0.0000,0.0000,0.0000
1.1125,0.0000,0.0000,0.0000,0.0000,0.0000,0.0000,0.0000,0.0000,0.0000,0.0000,0.0000,0.0000
1.1150,0.0000,0.0000,0.0000,0.0000,0.0000,0.0000,0.0000,0.0000,0.0000,0.0000,0.0000,0.0000
1.1175,0.0000,0.0000,0.0000,0.0000,0.0000,0.0000,0.0000,0.0000,0.0000,0.0000,0.0000,0.0000
1.1200,0.0000,0.0000,0.0000,0.0000,0.0000,0.0000,0.0000,0.0000,0.0000,0.0000,0.0000,0.0000
1.1225,0.0000,0.0000,0.0000,0.0000,0.0000,0.0000,0.0000,0.0000,0.0000,0.0000,0.0000,0.0000
1.1250,0.0000,0.0000,0.0000,0.0000,0.0000,0.0000,0.0000,0.0000,0.0000,0.0000,0.0000,0.0000
1.1275,0.0000,0.0000,0.0000,0.0000,0.0000,0.0000,0.0000,0.0000,0.0000,0.0000,0.0000,0.0000
1.1300,0.0000,0.0000,0.0000,0.0000,0.0000,0.0000,0.0000,0.0000,0.0000,0.0000,0.0000,0.0000
1.1325,0.0000,0.0000,0.0000,0.0000,0.0000,0.0000,0.0000,0.0000,0.0000,0.0000,0.0000,0.0000
1.1350,0.0000,0.0000,0.0000,0.0000,0.0000,0.0000,0.0000,0.0000,0.0000,0.0000,0.0000,0.0000
1.1375,0.0000,0.0000,0.0000,0.0000,0.0000,0.0000,0.0000,0.0000,0.0000,0.0000,0.0000,0.0000
1.1400,0.0000,0.0000,0.0000,0.0000,0.0000,0.0000,0.0000,0.0000,0.0000,0.0000,0.0000,0.0000
1.1425,0.0000,0.0000,0.0000,0.0000,0.0000,0.0000,0.0000,0.0000,0.0000,0.0000,0.0000,0.0000
1.1450,0.0000,0.0000,0.0000,0.0000,0.0000,0.0000,0.0000,0.0000,0.0000,0.0000,0.0000,0.0000
1.1475,0.0000,0.0000,0.0000,0.0000,0.0000,0.0000,0.0000,0.0000,0.0000,0.0000,0.0000,0.0000
1.1500,0.0000,0.0000,0.0000,0.0000,0.0000,0.0000,0.0000,0.0000,0.0000,0.0000,0.0000,0.0000
1.1525,0.0000,0.0000,0.0000,0.0000,0.0000,0.0000,0.0000,0.0000,0.0000,0.0000,0.0000,0.0000
1.1550,0.0000,0.0000,0.0000,0.0000,0.0000,0.0000,0.0000,0.0000,0.0000,0.0000,0.0000,0.0000
1.1575,0.0000,0.0000,0.0000,0.0000,0.0000,0.0000,0.0000,0.0000,0.0000,0.0000,0.0000,0.0000
1.1600,0.0000,0.0000,0.0000,0.0000,0.0000,0.0000,0.0000,0.0000,0.0000,0.0000,0.0000,0.0000
1.1625,0.0000,0.0000,0.0000,0.0000,0.0000,0.0000,0.0000,0.0000,0.0000,0.0000,0.0000,0.0000
1.1650,0.0000,0.0000,0.0000,0.0000,0.0000,0.0000,0.0000,0.0000,0.0000,0.0000,0.0000,0.0000
1.1675,0.0000,0.0000,0.0000,0.0000,0.0000,0.0000,0.0000,0.0000,0.0000,0.0000,0.0000,0.0000
1.1700,0.0000,0.0000,0.0000,0.0000,0.0000,0.0000,0.0000,0.0000,0.0000,0.0000,0.0000,0.0000
1.1725,0.0000,0.0000,0.0000,0.0000,0.0000,0.0000,0.0000,0.0000,0.0000,0.0000,0.0000,0.0000
1.1750,0.0000,0.0000,0.0000,0.0000,0.0000,0.0000,0.0000,0.0000,0.0000,0.0000,0.0000,0.0000
1.1775,0.0000,0.0000,0.0000,0.0000,0.0000,0.0000,0.0000,0.0000,0.0000,0.0000,0.0000,0.0000
1.1800,0.0000,0.0000,0.0000,0.0000,0.0000,0.0000,0.0000,0.0000,0.0000,0.0000,0.0000,0.0000
1.1825,0.0000,0.0000,0.0000,0.0000,0.0000,0.0000,0.0000,0.0000,0.0000,0.0000,0.0000,0.0000
1.1850,0.0000,0.0000,0.0000,0.0000,0.0000,0.0000,0.0000,0.0000,0.0000,0.0000,0.0000,0.0000
1.1875,0.0000,0.0000,0.0000,0.0000,0.0000,0.0000,0.0000,0.0000,0.0000,0.0000,0.0000,0.0000
1.1900,0.0000,0.0000,0.0000,0.0000,0.0000,0.0000,0.0000,0.0000,0.0000,0.0000,0.0000,0.0000
1.1925,0.0000,0.0000,0.0000,0.0000,0.0000,0.0000,0.0000,0.0000,0.0000,0.0000,0.0000,0.0000
1.1950,0.0000,0.0000,0.0000,0.0000,0.0000,0.0000,0.0000,0.0000,0.0000,0.0000,0.0000,0.0000
1.1975,0.0000,0.0000,0.0000,0.0000,0.0000,0.0000,0.0000,0.0000,0.0000,0.0000,0.0000,0.0000
1.2000,0.0000,0.0000,0.0000,0.0000,0.0000,0.0000,0.0000,0.0000,0.0000,0.0000,0.0000,0.0000
1.2025,0.0000,0.0000,0.0000,0.0000,0.0000,0.0000,0.0000,0.0000,0.0000,0.0000,0.0000,0.0000
1.2050,0.0000,0.0000,0.0000,0.0000,0.0000,0.0000,0.0000,0.0000,0.0000,0.0000,0.0000,0.0000
1.2075,0.0000,0.0000,0.0000,0.0000,0.0000,0.0000,0.0000,0.0000,0.0000,0.0000,0.0000,0.0000
1.2100,0.0000,0.0000,0.0000,0.0000,0.0000,0.0000,0.0000,0.0000,0.0000,0.0000,0.0000,0.0000
1.2125,0.0000,0.0000,0.0000,0.0000,0.0000,0.0000,0.0000,0.0000,0.0000,0.0000,0.0000,0.0000
1.2150,0.0000,0.0000,0.0000,0.0000,0.0000,0.0000,0.0000,0.0000,0.0000,0.0000,0.0000,0.0000
1.2175,0.0000,0.0000,0.0000,0.0000,0.0000,0.0000,0.0000,0.0000,0.0000,0.0000,0.0000,0.0000
1.2200,0.0000,0.0000,0.0000,0.0000,0.0000,0.0000,0.0000,0.0000,0.0000,0.0000,0.0000,0.0000
1.2225,0.0000,0.0000,0.0000,0.0000,0.0000,0.0000,0.0000,0.0000,0.0000,0.0000,0.0000,0.0000
1.2250,0.0000,0.0000,0.0000,0.0000,0.0000,0.0000,0.0000,0.0000,0.0000,0.0000,0.0000,0.0000
1.2275,0.0000,0.0000,0.0000,0.0000,0.0000,0.0000,0.0000,0.0000,0.0000,0.0000,0.0000,0.0000
1.2300,0.0000,0.0000,0.0000,0.0000,0.0000,0.0000,0.0000,0.0000,0.0000,0.0000,0.0000,0.0000
1.2325,0.0000,0.0000,0.0000,0.0000,0.0000,0.0000,0.0000,0.0000,0.0000,0.0000,0.0000,0.0000
1.2350,0.0000,0.0000,0.0000,0.0000,0.0000,0.0000,0.0000,0.0000,0.0000,0.0000,0.0000,0.0000
1.2375,0.0000,0.0000,0.0000,0.0000,0.0000,0.0000,0.0000,0.0000,0.0000,0.0000,0.0000,0.0000
1.2400,0.0000,0.0000,0.0000,0.0000,0.0000,0.0000,0.0000,0.0000,0.0000,0.0000,0.0000,0.0000
1.2425,0.0000,0.0000,0.0000,0.0000,0.0000,0.0000,0.0000,0.0000,0.0000,0.0000,0.0000,0.0000
1.2450,0.0000,0.0000,0.0000,0.0000,0.0000,0.0000,0.0000,0.0000,0.0000,0.0000,0.0000,0.0000
1.2475,0.0000,0.0000,0.0000,0.0000,0.0000,0.0000,0.0000,0.0000,0.0000,0.0000,0.0000,0.0000
1.2500,0.0000,0.0000,0.0000,0.0000,0.0000,0.0000,0.0000,0.0000,0.0000,0.0000,0.0000,0.0000
1.2525,0.0000,0.0000,0.0000,0.0000,0.0000,0.0000,0.0000,0.0000,0.0000,0.0000,0.0000,0.0000
1.2550,0.0000,0.0000,0.0000,0.0000,0.0000,0.0000,0.0000,0.0000,0.0000,0.0000,0.0000,0.0000
1.2575,0.0000,0.0000,0.0000,0.0000,0.0000,0.0000,0.0000,0.0000,0.0000,0.0000,0.0000,0.0000
1.2600,0.0000,0.0000,0.0000,0.0000,0.0000,0.0000,0.0000,0.0000,0.0000,0.0000,0.0000,0.0000
1.2625,0.0000,0.0000,0.0000,0.0000,0.0000,0.0000,0.0000,0.0000,0.0000,0.0000,0.0000,0.0000
1.2650,0.0000,0.0000,0.0000,0.0000,0.0000,0.0000,0.0000,0.0000,0.0000,0.0000,0.0000,0.0000
1.2675,0.0000,0.0000,0.0000,0.0000,0.0000,0.0000,0.0000,0.0000,0.0000,0.0000,0.0000,0.0000
1.2700,0.0000,0.0000,0.0000,0.0000,0.0000,0.0000,0.0000,0.0000,0.0000,0.0000,0.0000,0.0000
1.2725,0.0000,0.0000,0.0000,0.0000,0.0000,0.0000,0.0000,0.0000,0.0000,0.0000,0.0000,0.0000
1.2750,0.0000,0.0000,0.0000,0.0000,0.0000,0.0000,0.0000,0.0000,0.0000,0.0000,0.0000,0.0000
1.2775,0.0000,0.0000,0.0000,0.0000,0.0000,0.0000,0.0000,0.0000,0.0000,0.0000,0.0000,0.0000
1.2800,0.0000,0.0000,0.0000,0.0000,0.0000,0.0000,0.0000,0.0000,0.0000,0.0000,0.0000,0.0000
1.2825,0.0000,0.0000,0.0000,0.0000,0.0000,0.0000,0.0000,0.0000,0.0000,0.0000,0.0000,0.0000
1.2850,0.0000,0.0000,0.0000,0.0000,0.0000,0.0000,0.0000,0.0000,0.0000,0.0000,0.0000,0.0000
1.2875,0.0000,0.0000,0.0000,0.0000,0.0000,0.0000,0.0000,0.0000,0.0000,0.0000,0.0000,0.0000
1.2900,0.0000,0.0000,0.0000,0.0000,0.0000,0.0000,0.0000,0.0000,0.0000,0.0000,0.0000,0.0000
1.2925,0.0000,0.0000,0.0000,0.0000,0.0000,0.0000,0.0000,0.0000,0.0000,0.0000,0.0000,0.0000
1.2950,0.0000,0.0000,0.0000,0.0000,0.0000,0.0000,0.0000,0.0000,0.0000,0.0000,0.0000,0.0000
1.2975,0.0000,0.0000,0.0000,0.0000,0.0000,0.0000,0.0000,0.0000,0.0000,0.0000,0.0000,0.0000
1.3000,0.0000,0.0000,0.0000,0.0000,0.0000,0.0000,0.0000,0.0000,0.0000,0.0000,0.0000,0.0000
1.3025,0.0000,0.0000,0.0000,0.0000,0.0000,0.0000,0.0000,0.0000,0.0000,0.0000,0.0000,0.0000
1.3050,0.0000,0.0000,0.0000,0.0000,0.0000,0.0000,0.0000,0.0000,0.0000,0.0000,0.0000,0.0000
1.3075,0.0000,0.0000,0.0000,0.0000,0.0000,0.0000,0.0000,0.0000,0.0000,0.0000,0.0000,0.0000
1.3100,0.0000,0.0000,0.0000,0.0000,0.0000,0.0000,0.0000,0.0000,0.0000,0.0000,0.0000,0.0000
1.3125,0.0000,0.0000,0.0000,0.0000,0.0000,0.0000,0.0000,0.0000,0.0000,0.0000,0.0000,0.0000
1.3150,0.0000,0.0000,0.0000,0.0000,0.0000,0.0000,0.0000,0.0000,0.0000,0.0000,0.0000,0.0000
1.3175,0.0000,0.0000,0.0000,0.0000,0.0000,0.0000,0.0000,0.0000,0.0000,0.0000,0.0000,0.0000
1.3200,0.0000,0.0000,0.0000,0.0000,0.0000,0.0000,0.0000,0.0000,0.0000,0.0000,0.0000,0.0000
1.3225,0.0000,0.0000,0.0000,0.0000,0.0000,0.0000,0.0000,0.0000,0.0000,0.0000,0.0000,0.0000
1.3250,0.0000,0.0000,0.0000,0.0000,0.0000,0.0000,0.0000,0.0000,0.0000,0.0000,0.0000,0.0000
1.3275,0.0000,0.0000,0.0000,0.0000,0.0000,0.0000,0.0000,0.0000,0.0000,0.0000,0.0000,0.0000
1.3300,0.0000,0.0000,0.0000,0.0000,0.0000,0.0000,0.0000,0.0000,0.0000,0.0000,0.0000,0.0000
1.3325,0.0000,0.0000,0.0000,0.0000,0.0000,0.0000,0.0000,0.0000,0.0000,0.0000,0.0000,0.0000
1.3350,0.0000,0.0000,0.0000,0.0000,0.0000,0.0000,0.0000,0.0000,0.0000,0.0000,0.0000,0.0000
1.3375,0.0000,0.0000,0.0000,0.0000,0.0000,0.0000,0.0000,0.0000,0.0000,0.0000,0.0000,0.0000
1.3400,0.0000,0.0000,0.0000,0.0000,0.0000,0.0000,0.0000,0.0000,0.0000,0.0000,0.0000,0.0000
1.3425,0.0000,0.0000,0.0000,0.0000,0.0000,0.0000,0.0000,0.0000,0.0000,0.0000,0.0000,0.0000
1.3450,0.0000,0.0000,0.0000,0.0000,0.0000,0.0000,0.0000,0.0000,0.0000,0.0000,0.0000,0.0000
1.3475,0.0000,0.0000,0.0000,0.0000,0.0000,0.0000,0.0000,0.0000,0.0000,0.0000,0.0000,0.0000
1.3500,0.0000,0.0000,0.0000,0.0000,0.0000,0.0000,0.0000,0.0000,0.0000,0.0000,0.0000,0.0000
1.3525,0.0000,0.0000,0.0000,0.0000,0.0000,0.0000,0.0000,0.0000,0.0000,0.0000,0.0000,0.0000
1.3550,0.0000,0.0000,0.0000,0.0000,0.0000,0.0000,0.0000,0.0000,0.0000,0.0000,0.0000,0.0000
1.3575,0.0000,0.0000,0.0000,0.0000,0.0000,0.0000,0.0000,0.0000,0.0000,0.0000,0.0000,0.0000
1.3600,0.0000,0.0000,0.0000,0.0000,0.0000,0.0000,0.0000,0.0000,0.0000,0.0000,0.0000,0.0000
1.3625,0.0000,0.0000,0.0000,0.0000,0.0000,0.0000,0.0000,0.0000,0.0000,0.0000,0.0000,0.0000
1.3650,0.0000,0.0000,0.0000,0.0000,0.0000,0.0000,0.0000,0.0000,0.0000,0.0000,0.0000,0.0000
1.3675,0.0000,0.0000,0.0000,0.0000,0.0000,0.0000,0.0000,0.0000,0.0000,0.0000,0.0000,0.0000
1.3700,0.0000,0.0000,0.0000,0.0000,0.0000,0.0000,0.0000,0.0000,0.0000,0.0000,0.0000,0.0000
1.3725,0.0000,0.0000,0.0000,0.0000,0.0000,0.0000,0.0000,0.0000,0.0000,0.0000,0.0000,0.0000
1.3750,0.0000,0.0000,0.0000,0.0000,0.0000,0.0000,0.0000,0.0000,0.0000,0.0000,0.0000,0.0000
1.3775,0.0000,0.0000,0.0000,0.0000,0.0000,0.0000,0.0000,0.0000,0.0000,0.0000,0.0000,0.0000
1.3800,0.0000,0.0000,0.0000,0.0000,0.0000,0.0000,0.0000,0.0000,0.0000,0.0000,0.0000,0.0000
1.3825,0.0000,0.0000,0.0000,0.0000,0.0000,0.0000,0.0000,0.0000,0.0000,0.0000,0.0000,0.0000
1.3850,0.0000,0.0000,0.0000,0.0000,0.0000,0.0000,0.0000,0.0000,0.0000,0.0000,0.0000,0.0000
1.3875,0.0000,0.0000,0.0000,0.0000,0.0000,0.0000,0.0000,0.0000,0.0000,0.0000,0.0000,0.0000
1.3900,0.0000,0.0000,0.0000,0.0000,0.0000,0.0000,0.0000,0.0000,0.0000,0.0000,0.0000,0.0000
1.3925,0.0000,0.0000,0.0000,0.0000,0.0000,0.0000,0.0000,0.0000,0.0000,0.0000,0.0000,0.0000
1.3950,0.0000,0.0000,0.0000,0.0000,0.0000,0.0000,0.0000,0.0000,0.0000,0.0000,0.0000,0.0000
1.3975,0.0000,0.0000,0.0000,0.0000,0.0000,0.0000,0.0000,0.0000,0.0000,0.0000,0.0000,0.0000
1.4000,0.0000,0.0000,0.0000,0.0000,0.0000,0.0000,0.0000,0.0000,0.0000,0.0000,0.0000,0.0000
1.4025,0.0000,0.0000,0.0000,0.0000,0.0000,0.0000,0.0000,0.0000,0.0000,0.0000,0.0000,0.0000
1.4050,0.0000,0.0000,0.0000,0.0000,0.0000,0.0000,0.0000,0.0000,0.0000,0.0000,0.0000,0.0000
1.4075,0.0000,0.0000,0.0000,0.0000,0.0000,0.0000,0.0000,0.0000,0.0000,0.0000,0.0000,0.0000
1.4100,0.0000,0.0000,0.0000,0.0000,0.0000,0.0000,0.0000,0.0000,0.0000,0.0000,0.0000,0.0000
1.4125,0.0000,0.0000,0.0000,0.0000,0.0000,0.0000,0.0000,0.0000,0.0000,0.0000,0.0000,0.0000
1.4150,0.0000,0.0000,0.0000,0.0000,0.0000,0.0000,0.0000,0.0000,0.0000,0.0000,0.0000,0.0000
1.4175,0.0000,0.0000,0.0000,0.0000,0.0000,0.0000,0.0000,0.0000,0.0000,0.0000,0.0000,0.0000
1.4200,0.0000,0.0000,0.0000,0.0000,0.0000,0.0000,0.0000,0.0000,0.0000,0.0000,0.0000,0.0000
1.4225,0.0000,0.0000,0.0000,0.0000,0.0000,0.0000,0.0000,0.0000,0.0000,0.0000,0.0000,0.0000
1.4250,0.0000,0.0000,0.0000,0.0000,0.0000,0.0000,0.0000,0.0000,0.0000,0.0000,0.0000,0.0000
1.4275,0.0000,0.0000,0.0000,0.0000,0.0000,0.0000,0.0000,0.0000,0.0000,0.0000,0.0000,0.0000
1.4300,0.0000,0.0000,0.0000,0.0000,0.0000,0.0000,0.0000,0.0000,0.0000,0.0000,0.0000,0.0000
1.4325,0.0000,0.0000,0.0000,0.0000,0.0000,0.0000,0.0000,0.0000,0.0000,0.0000,0.0000,0.0000
1.4350,0.0000,0.0000,0.0000,0.0000,0.0000,0.0000,0.0000,0.0000,0.0000,0.0000,0.0000,0.0000
1.4375,0.0000,0.0000,0.0000,0.0000,0.0000,0.0000,0.0000,0.0000,0.0000,0.0000,0.0000,0.0000
1.4400,0.0000,0.0000,0.0000,0.0000,0.0000,0.0000,0.0000,0.0000,0.0000,0.0000,0.0000,0.0000
1.4425,0.0000,0.0000,0.0000,0.0000,0.0000,0.0000,0.0000,0.0000,0.0000,0.0000,0.0000,0.0000
1.4450,0.0000,0.0000,0.0000,0.0000,0.0000,0.0000,0.0000,0.0000,0.0000,0.0000,0.0000,0.0000
1.4475,0.0000,0.0000,0.0000,0.0000,0.0000,0.0000,0.0000,0.0000,0.0000,0.0000,0.0000,0.0000
1.4500,0.0000,0.0000,0.0000,0.0000,0.0000,0.0000,0.0000,0.0000,0.0000,0.0000,0.0000,0.0000
1.4525,-0.0107,-0.0049,0.0059,-0.0078,0.0010,0.0088,-0.0078,-0.0313,-0.0322,-0.0430,-0.0186,-0.0127
1.4550,-0.0104,-0.0070,0.0044,-0.0074,-0.0013,0.0101,-0.0069,-0.0338,-0.0365,-0.0450,-0.0204,-0.0138
1.4575,-0.0098,-0.0061,0.0015,-0.0040,-0.0021,0.0064,-0.0053,-0.0287,-0.0315,-0.0401,-0.0162,-0.0082
1.4600,-0.0092,-0.0062,0.0062,-0.0098,-0.0004,0.0101,-0.0076,-0.0312,-0.0344,-0.0397,-0.0191,-0.0126
1.4625,-0.0098,-0.0088,0.0117,-0.0176,0.0000,0.0176,-0.0068,-0.0303,-0.0332,-0.0283,-0.0225,-0.0215
1.4650,-0.0201,-0.0120,0.0113,-0.0174,-0.0008,0.0189,-0.0036,-0.0311,-0.0303,-0.0259,-0.0226,-0.0222
1.4675,-0.0258,-0.0132,0.0105,-0.0162,-0.0011,0.0184,-0.0026,-0.0337,-0.0307,-0.0288,-0.0220,-0.0209
1.4700,-0.0220,-0.0124,0.0106,-0.0166,-0.0009,0.0184,-0.0032,-0.0326,-0.0298,-0.0268,-0.0212,-0.0218
1.4725,-0.0205,-0.0117,0.0088,-0.0147,-0.0010,0.0166,-0.0039,-0.0313,-0.0283,-0.0283,-0.0205,-0.0215
1.4750,-0.0200,-0.0112,0.0083,-0.0135,-0.0012,0.0157,-0.0035,-0.0306,-0.0283,-0.0290,-0.0204,-0.0208
1.4775,-0.0192,-0.0097,0.0100,-0.0142,-0.0001,0.0153,-0.0014,-0.0294,-0.0277,-0.0267,-0.0206,-0.0197
1.4800,-0.0197,-0.0086,0.0109,-0.0148,0.0014,0.0144,0.0004,-0.0277,-0.0256,-0.0248,-0.0203,-0.0182
1.4825,-0.0186,-0.0078,0.0107,-0.0147,0.0020,0.0137,0.0010,-0.0254,-0.0235,-0.0235,-0.0195,-0.0176
1.4850,-0.0169,-0.0057,0.0113,-0.0137,0.0033,0.0123,0.0028,-0.0219,-0.0224,-0.0228,-0.0188,-0.0162
1.4875,-0.0165,-0.0040,0.0125,-0.0142,0.0049,0.0110,0.0062,-0.0180,-0.0231,-0.0212,-0.0181,-0.0150
1.4900,-0.0165,-0.0039,0.0126,-0.0145,0.0047,0.0107,0.0084,-0.0163,-0.0231,-0.0187,-0.0173,-0.0162
1.4925,-0.0156,-0.0029,0.0127,-0.0137,0.0049,0.0098,0.0098,-0.0166,-0.0205,-0.0176,-0.0166,-0.0166
1.4950,-0.0148,-0.0006,0.0142,-0.0144,0.0072,0.0082,0.0108,-0.0167,-0.0185,-0.0183,-0.0161,-0.0143
1.4975,-0.0140,0.0006,0.0147,-0.0143,0.0082,0.0073,0.0102,-0.0162,-0.0192,-0.0182,-0.0142,-0.0134
1.5000,-0.0119,0.0013,0.0132,-0.0119,0.0077,0.0064,0.0098,-0.0152,-0.0192,-0.0156,-0.0121,-0.0137
1.5025,-0.0107,0.0029,0.0137,-0.0117,0.0088,0.0049,0.0098,-0.0137,-0.0166,-0.0137,-0.0117,-0.0127
1.5050,-0.0116,0.0040,0.0156,-0.0135,0.0099,0.0040,0.0084,-0.0127,-0.0146,-0.0137,-0.0118,-0.0112
1.5075,-0.0111,0.0031,0.0142,-0.0127,0.0086,0.0039,0.0069,-0.0128,-0.0154,-0.0130,-0.0110,-0.0099
1.5100,-0.0091,0.0015,0.0106,-0.0098,0.0061,0.0039,0.0052,-0.0124,-0.0152,-0.0111,-0.0091,-0.0099
1.5125,-0.0078,0.0010,0.0088,-0.0078,0.0049,0.0039,0.0029,-0.0117,-0.0137,-0.0107,-0.0078,-0.0098
1.5150,-0.0069,0.0011,0.0080,-0.0069,0.0049,0.0039,0.0021,-0.0128,-0.0148,-0.0115,-0.0078,-0.0080
1.5175,-0.0073,0.0005,0.0078,-0.0074,0.0048,0.0042,0.0013,-0.0157,-0.0170,-0.0121,-0.0079,-0.0088
1.5200,-0.0096,-0.0001,0.0095,-0.0096,0.0051,0.0053,-0.0006,-0.0183,-0.0178,-0.0131,-0.0096,-0.0114
1.5225,-0.0107,-0.0000,0.0107,-0.0107,0.0059,0.0059,-0.0020,-0.0205,-0.0195,-0.0147,-0.0117,-0.0107
1.5250,-0.0106,0.0002,0.0107,-0.0106,0.0060,0.0058,-0.0027,-0.0234,-0.0227,-0.0160,-0.0118,-0.0095
1.5275,-0.0115,-0.0007,0.0107,-0.0111,0.0052,0.0063,-0.0037,-0.0262,-0.0240,-0.0180,-0.0121,-0.0108
1.5300,-0.0114,-0.0026,0.0088,-0.0101,0.0031,0.0069,-0.0056,-0.0277,-0.0230,-0.0201,-0.0128,-0.0120
1.5325,-0.0098,-0.0039,0.0059,-0.0078,0.0010,0.0068,-0.0068,-0.0283,-0.0225,-0.0205,-0.0127,-0.0127
1.5350,-0.0096,-0.0045,0.0050,-0.0069,0.0003,0.0074,-0.0062,-0.0291,-0.0231,-0.0204,-0.0139,-0.0143
1.5375,-0.0099,-0.0059,0.0040,-0.0064,-0.0010,0.0084,-0.0052,-0.0291,-0.0240,-0.0210,-0.0160,-0.0146
1.5400,-0.0098,-0.0071,0.0027,-0.0058,-0.0021,0.0089,-0.0048,-0.0280,-0.0245,-0.0216,-0.0166,-0.0132
1.5425,-0.0107,-0.0068,0.0039,-0.0068,-0.0010,0.0098,-0.0049,-0.0283,-0.0244,-0.0215,-0.0156,-0.0127
1.5450,-0.0123,-0.0067,0.0056,-0.0084,0.0001,0.0106,-0.0050,-0.0300,-0.0242,-0.0213,-0.0140,-0.0134
1.5475,-0.0133,-0.0073,0.0060,-0.0094,-0.0005,0.0107,-0.0046,-0.0303,-0.0252,-0.0222,-0.0137,-0.0142
1.5500,-0.0138,-0.0082,0.0056,-0.0098,-0.0012,0.0110,-0.0054,-0.0305,-0.0269,-0.0242,-0.0153,-0.0148
1.5525,-0.0147,-0.0098,0.0049,-0.0098,-0.0020,0.0127,-0.0078,-0.0322,-0.0283,-0.0264,-0.0176,-0.0156
1.5550,-0.0173,-0.0114,0.0059,-0.0116,-0.0023,0.0149,-0.0095,-0.0344,-0.0297,-0.0272,-0.0192,-0.0171
1.5575,-0.0208,-0.0118,0.0090,-0.0150,-0.0008,0.0168,-0.0099,-0.0365,-0.0314,-0.0276,-0.0200,-0.0182
1.5600,-0.0229,-0.0118,0.0112,-0.0169,0.0000,0.0178,-0.0096,-0.0371,-0.0324,-0.0288,-0.0208,-0.0188
1.5625,-0.0235,-0.0127,0.0107,-0.0166,-0.0010,0.0186,-0.0098,-0.0371,-0.0322,-0.0303,-0.0225,-0.0205
1.5650,-0.0240,-0.0142,0.0098,-0.0165,-0.0018,0.0200,-0.0107,-0.0386,-0.0327,-0.0317,-0.0241,-0.0223
1.5675,-0.0251,-0.0150,0.0100,-0.0170,-0.0022,0.0209,-0.0100,-0.0394,-0.0343,-0.0332,-0.0248,-0.0224
1.5700,-0.0255,-0.0143,0.0112,-0.0180,-0.0016,0.0202,-0.0084,-0.0389,-0.0353,-0.0346,-0.0258,-0.0228
1.5725,-0.0264,-0.0137,0.0127,-0.0195,-0.0000,0.0205,-0.0088,-0.0391,-0.0352,-0.0352,-0.0264,-0.0244
1.5750,-0.0281,-0.0151,0.0130,-0.0206,-0.0004,0.0222,-0.0098,-0.0397,-0.0351,-0.0352,-0.0256,-0.0248
1.5775,-0.0280,-0.0161,0.0119,-0.0200,-0.0020,0.0222,-0.0092,-0.0407,-0.0352,-0.0352,-0.0256,-0.0236
1.5800,-0.0272,-0.0152,0.0119,-0.0195,-0.0016,0.0213,-0.0087,-0.0408,-0.0352,-0.0351,-0.0266,-0.0236
1.5825,-0.0274,-0.0147,0.0127,-0.0195,-0.0010,0.0215,-0.0088,-0.0391,-0.0352,-0.0352,-0.0264,-0.0244
1.5850,-0.0273,-0.0153,0.0120,-0.0195,-0.0017,0.0215,-0.0081,-0.0379,-0.0346,-0.0353,-0.0256,-0.0239
1.5875,-0.0277,-0.0159,0.0118,-0.0200,-0.0018,0.0218,-0.0076,-0.0387,-0.0334,-0.0346,-0.0252,-0.0227
1.5900,-0.0285,-0.0154,0.0132,-0.0207,-0.0006,0.0227,-0.0079,-0.0389,-0.0333,-0.0341,-0.0256,-0.0225
1.5925,-0.0283,-0.0147,0.0137,-0.0205,0.0000,0.0225,-0.0078,-0.0381,-0.0342,-0.0342,-0.0264,-0.0225
1.5950,-0.0269,-0.0140,0.0129,-0.0198,0.0000,0.0211,-0.0078,-0.0374,-0.0344,-0.0336,-0.0265,-0.0216
1.5975,-0.0255,-0.0130,0.0124,-0.0188,-0.0001,0.0196,-0.0080,-0.0368,-0.0335,-0.0322,-0.0258,-0.0217
1.6000,-0.0256,-0.0127,0.0129,-0.0186,0.0001,0.0198,-0.0076,-0.0376,-0.0315,-0.0309,-0.0252,-0.0228
1.6025,-0.0264,-0.0127,0.0137,-0.0195,0.0010,0.0205,-0.0068,-0.0381,-0.0303,-0.0303,-0.0244,-0.0235
1.6050,-0.0264,-0.0119,0.0144,-0.0204,0.0019,0.0198,-0.0068,-0.0360,-0.0304,-0.0297,-0.0230,-0.0223
1.6075,-0.0262,-0.0118,0.0143,-0.0200,0.0014,0.0194,-0.0074,-0.0347,-0.0298,-0.0282,-0.0213,-0.0199
1.6100,-0.0247,-0.0133,0.0115,-0.0175,-0.0009,0.0196,-0.0081,-0.0355,-0.0294,-0.0272,-0.0203,-0.0199
1.6125,-0.0235,-0.0147,0.0088,-0.0156,-0.0029,0.0195,-0.0088,-0.0352,-0.0303,-0.0274,-0.0205,-0.0215
1.6150,-0.0248,-0.0148,0.0100,-0.0169,-0.0025,0.0202,-0.0079,-0.0344,-0.0305,-0.0274,-0.0220,-0.0210
1.6175,-0.0266,-0.0145,0.0121,-0.0188,-0.0009,0.0214,-0.0044,-0.0337,-0.0303,-0.0279,-0.0234,-0.0204
1.6200,-0.0300,-0.0149,0.0150,-0.0221,0.0006,0.0234,-0.0009,-0.0311,-0.0302,-0.0304,-0.0254,-0.0225
1.6225,-0.0381,-0.0156,0.0225,-0.0303,0.0039,0.0274,0.0029,-0.0274,-0.0283,-0.0342,-0.0313,-0.0264
1.6250,-0.0485,-0.0145,0.0339,-0.0413,0.0102,0.0320,0.0133,-0.0234,-0.0261,-0.0387,-0.0410,-0.0325
1.6275,-0.0590,-0.0120,0.0470,-0.0527,0.0177,0.0359,0.0311,-0.0158,-0.0240,-0.0430,-0.0494,-0.0417
1.6300,-0.0705,-0.0104,0.0601,-0.0647,0.0249,0.0410,0.0505,-0.0008,-0.0177,-0.0457,-0.0560,-0.0506
1.6325,-0.0811,-0.0088,0.0723,-0.0762,0.0322,0.0459,0.0713,0.0235,-0.0049,-0.0450,-0.0616,-0.0557
1.6350,-0.0857,-0.0053,0.0804,-0.0829,0.0381,0.0462,0.0968,0.0557,0.0131,-0.0383,-0.0635,-0.0571
1.6375,-0.0812,-0.0011,0.0801,-0.0807,0.0397,0.0414,0.1225,0.0924,0.0372,-0.0245,-0.0586,-0.0549
1.6400,-0.0698,0.0040,0.0738,-0.0718,0.0388,0.0329,0.1429,0.1311,0.0650,-0.0063,-0.0455,-0.0478
1.6425,-0.0508,0.0137,0.0645,-0.0577,0.0391,0.0186,0.1534,0.1622,0.0909,0.0166,-0.0244,-0.0332
1.6450,-0.0233,0.0292,0.0525,-0.0379,0.0413,-0.0026,0.1490,0.1734,0.1122,0.0460,0.0023,-0.0087
1.6475,0.0103,0.0473,0.0370,-0.0133,0.0425,-0.0284,0.1275,0.1630,0.1287,0.0793,0.0371,0.0269
1.6500,0.0525,0.0639,0.0114,0.0206,0.0375,-0.0583,0.0891,0.1339,0.1402,0.1189,0.0848,0.0713
1.6525,0.1055,0.0772,-0.0283,0.0674,0.0244,-0.0909,0.0371,0.0879,0.1485,0.1681,0.1417,0.1212
1.6550,0.1624,0.0855,-0.0768,0.1202,0.0048,-0.1229,-0.0240,0.0364,0.1571,0.2228,0.2005,0.1740
1.6575,0.2160,0.0882,-0.1278,0.1720,-0.0195,-0.1517,-0.0904,-0.0073,0.1676,0.2789,0.2575,0.2253
1.6600,0.2627,0.0875,-0.1752,0.2191,-0.0438,-0.1751,-0.1523,-0.0401,0.1803,0.3330,0.3057,0.2678
1.6625,0.2961,0.0850,-0.2111,0.2541,-0.0625,-0.1896,-0.2023,-0.0635,0.1915,0.3752,0.3362,0.2951
1.6650,0.3088,0.0792,-0.2296,0.2694,-0.0745,-0.1932,-0.2404,-0.0800,0.1935,0.3932,0.3413,0.3021
1.6675,0.2984,0.0682,-0.2302,0.2641,-0.0809,-0.1834,-0.2644,-0.0961,0.1779,0.3770,0.3157,0.2844
1.6700,0.2670,0.0496,-0.2174,0.2424,-0.0838,-0.1580,-0.2730,-0.1170,0.1405,0.3248,0.2637,0.2429
1.6725,0.2199,0.0244,-0.1954,0.2081,-0.0850,-0.1212,-0.2697,-0.1407,0.0840,0.2433,0.1935,0.1847
1.6750,0.1645,-0.0023,-0.1669,0.1661,-0.0841,-0.0801,-0.2577,-0.1622,0.0181,0.1467,0.1150,0.1210
1.6775,0.1088,-0.0259,-0.1348,0.1224,-0.0799,-0.0404,-0.2389,-0.1778,-0.0457,0.0531,0.0455,0.0632
1.6800,0.0604,-0.0429,-0.1033,0.0822,-0.0727,-0.0080,-0.2138,-0.1851,-0.0975,-0.0226,-0.0030,0.0178
1.6825,0.0254,-0.0528,-0.0782,0.0518,-0.0655,0.0137,-0.1827,-0.1798,-0.1280,-0.0713,-0.0313,-0.0107
1.6850,0.0045,-0.0562,-0.0607,0.0330,-0.0586,0.0261,-0.1490,-0.1593,-0.1330,-0.0922,-0.0419,-0.0215
1.6875,-0.0062,-0.0524,-0.0462,0.0204,-0.0489,0.0300,-0.1165,-0.1279,-0.1193,-0.0911,-0.0386,-0.0230
1.6900,-0.0092,-0.0440,-0.0348,0.0127,-0.0390,0.0269,-0.0874,-0.0946,-0.0965,-0.0761,-0.0289,-0.0219
1.6925,-0.0078,-0.0352,-0.0274,0.0098,-0.0313,0.0215,-0.0616,-0.0635,-0.0713,-0.0557,-0.0195,-0.0176
1.6950,-0.0075,-0.0275,-0.0200,0.0063,-0.0238,0.0175,-0.0394,-0.0372,-0.0486,-0.0386,-0.0138,-0.0128
1.6975,-0.0091,-0.0224,-0.0133,0.0023,-0.0179,0.0159,-0.0228,-0.0191,-0.0309,-0.0275,-0.0117,-0.0113
1.7000,-0.0101,-0.0198,-0.0097,0.0004,-0.0147,0.0156,-0.0110,-0.0073,-0.0195,-0.0208,-0.0105,-0.0123
1.7025,-0.0098,-0.0166,-0.0068,-0.0010,-0.0117,0.0137,-0.0029,-0.0010,-0.0137,-0.0166,-0.0098,-0.0127
1.7050,-0.0096,-0.0127,-0.0031,-0.0032,-0.0080,0.0111,0.0013,-0.0001,-0.0113,-0.0143,-0.0111,-0.0132
1.7075,-0.0110,-0.0108,0.0002,-0.0054,-0.0050,0.0114,0.0034,0.0011,-0.0099,-0.0131,-0.0130,-0.0150
1.7100,-0.0137,-0.0108,0.0029,-0.0077,-0.0035,0.0133,0.0060,0.0020,-0.0082,-0.0128,-0.0140,-0.0157
1.7125,-0.0156,-0.0107,0.0049,-0.0098,-0.0029,0.0137,0.0088,0.0000,-0.0068,-0.0137,-0.0147,-0.0156
1.7150,-0.0163,-0.0101,0.0062,-0.0113,-0.0016,0.0136,0.0112,-0.0004,-0.0068,-0.0153,-0.0153,-0.0170
1.7175,-0.0173,-0.0090,0.0082,-0.0125,-0.0000,0.0137,0.0129,0.0011,-0.0064,-0.0158,-0.0163,-0.0180
1.7200,-0.0175,-0.0089,0.0086,-0.0126,-0.0002,0.0136,0.0141,0.0026,-0.0056,-0.0154,-0.0165,-0.0173
1.7225,-0.0176,-0.0098,0.0078,-0.0127,-0.0010,0.0137,0.0147,0.0039,-0.0059,-0.0147,-0.0166,-0.0176
1.7250,-0.0190,-0.0099,0.0092,-0.0143,-0.0003,0.0143,0.0147,0.0035,-0.0067,-0.0137,-0.0175,-0.0186
1.7275,-0.0199,-0.0095,0.0104,-0.0148,0.0005,0.0150,0.0146,0.0020,-0.0066,-0.0138,-0.0172,-0.0180
1.7300,-0.0194,-0.0083,0.0111,-0.0148,0.0014,0.0143,0.0147,0.0024,-0.0052,-0.0133,-0.0165,-0.0177
1.7325,-0.0195,-0.0068,0.0127,-0.0156,0.0029,0.0137,0.0147,0.0049,-0.0029,-0.0117,-0.0166,-0.0186
1.7350,-0.0191,-0.0068,0.0123,-0.0152,0.0032,0.0139,0.0146,0.0074,-0.0012,-0.0109,-0.0165,-0.0180
1.7375,-0.0172,-0.0065,0.0107,-0.0138,0.0026,0.0126,0.0148,0.0080,-0.0010,-0.0103,-0.0169,-0.0169
1.7400,-0.0168,-0.0055,0.0112,-0.0139,0.0034,0.0117,0.0145,0.0078,-0.0008,-0.0095,-0.0161,-0.0166
1.7425,-0.0186,-0.0049,0.0137,-0.0156,0.0049,0.0127,0.0147,0.0088,-0.0000,-0.0088,-0.0147,-0.0166
1.7450,-0.0196,-0.0042,0.0154,-0.0173,0.0057,0.0122,0.0157,0.0110,0.0008,-0.0073,-0.0153,-0.0160
1.7475,-0.0193,-0.0036,0.0157,-0.0177,0.0060,0.0112,0.0149,0.0126,0.0014,-0.0061,-0.0156,-0.0148
1.7500,-0.0198,-0.0042,0.0156,-0.0175,0.0057,0.0121,0.0151,0.0126,0.0022,-0.0057,-0.0140,-0.0149
1.7525,-0.0195,-0.0049,0.0147,-0.0166,0.0049,0.0127,0.0176,0.0127,0.0029,-0.0049,-0.0127,-0.0156
1.7550,-0.0173,-0.0037,0.0136,-0.0149,0.0052,0.0114,0.0180,0.0141,0.0036,-0.0040,-0.0125,-0.0149
1.7575,-0.0161,-0.0014,0.0147,-0.0149,0.0073,0.0098,0.0168,0.0154,0.0044,-0.0036,-0.0130,-0.0144
1.7600,-0.0170,-0.0013,0.0157,-0.0159,0.0076,0.0100,0.0168,0.0156,0.0051,-0.0024,-0.0122,-0.0130
1.7625,-0.0176,-0.0029,0.0147,-0.0156,0.0059,0.0107,0.0176,0.0156,0.0059,-0.0010,-0.0107,-0.0117
1.7650,-0.0158,-0.0031,0.0126,-0.0137,0.0051,0.0102,0.0178,0.0169,0.0066,-0.0015,-0.0113,-0.0132
1.7675,-0.0123,-0.0027,0.0096,-0.0104,0.0041,0.0087,0.0171,0.0189,0.0073,-0.0025,-0.0122,-0.0137
1.7700,-0.0105,-0.0030,0.0075,-0.0087,0.0026,0.0074,0.0182,0.0196,0.0081,-0.0014,-0.0113,-0.0122
1.7725,-0.0117,-0.0020,0.0098,-0.0107,0.0039,0.0068,0.0205,0.0195,0.0088,-0.0000,-0.0107,-0.0117
1.7750,-0.0134,-0.0002,0.0132,-0.0133,0.0065,0.0068,0.0214,0.0209,0.0095,0.0001,-0.0115,-0.0124
1.7775,-0.0139,-0.0006,0.0133,-0.0136,0.0062,0.0071,0.0217,0.0224,0.0103,-0.0001,-0.0116,-0.0131
1.7800,-0.0135,-0.0026,0.0109,-0.0121,0.0043,0.0083,0.0212,0.0223,0.0109,0.0000,-0.0102,-0.0120
1.7825,-0.0127,-0.0029,0.0098,-0.0107,0.0039,0.0088,0.0205,0.0225,0.0117,0.0000,-0.0088,-0.0098
1.7850,-0.0120,-0.0015,0.0105,-0.0106,0.0046,0.0074,0.0214,0.0245,0.0126,0.0000,-0.0086,-0.0101
1.7875,-0.0112,-0.0003,0.0109,-0.0108,0.0056,0.0062,0.0210,0.0268,0.0123,-0.0001,-0.0091,-0.0117
1.7900,-0.0105,0.0001,0.0106,-0.0106,0.0058,0.0056,0.0205,0.0273,0.0116,0.0002,-0.0084,-0.0114
1.7925,-0.0098,0.0000,0.0098,-0.0098,0.0049,0.0049,0.0215,0.0274,0.0127,0.0020,-0.0068,-0.0098
1.7950,-0.0089,-0.0001,0.0088,-0.0089,0.0047,0.0048,0.0216,0.0287,0.0144,0.0043,-0.0060,-0.0083
1.7975,-0.0088,0.0004,0.0092,-0.0088,0.0054,0.0049,0.0214,0.0304,0.0145,0.0059,-0.0054,-0.0067
1.8000,-0.0087,0.0012,0.0099,-0.0087,0.0060,0.0049,0.0214,0.0315,0.0151,0.0074,-0.0046,-0.0057
1.8025,-0.0088,0.0010,0.0098,-0.0088,0.0059,0.0049,0.0215,0.0322,0.0176,0.0088,-0.0039,-0.0068
1.8050,-0.0097,0.0001,0.0098,-0.0097,0.0050,0.0048,0.0229,0.0335,0.0194,0.0090,-0.0032,-0.0081
1.8075,-0.0095,0.0002,0.0097,-0.0093,0.0052,0.0051,0.0238,0.0357,0.0194,0.0084,-0.0025,-0.0064
1.8100,-0.0085,0.0015,0.0100,-0.0087,0.0062,0.0045,0.0232,0.0376,0.0199,0.0093,-0.0016,-0.0045
1.8125,-0.0078,0.0029,0.0107,-0.0088,0.0068,0.0029,0.0235,0.0381,0.0225,0.0117,-0.0000,-0.0039
1.8150,-0.0064,0.0032,0.0096,-0.0075,0.0064,0.0021,0.0242,0.0379,0.0245,0.0134,0.0010,-0.0024
1.8175,-0.0049,0.0022,0.0071,-0.0056,0.0046,0.0016,0.0248,0.0388,0.0234,0.0138,0.0005,-0.0016
1.8200,-0.0035,0.0022,0.0056,-0.0047,0.0040,0.0006,0.0256,0.0408,0.0226,0.0137,-0.0002,-0.0021
1.8225,-0.0029,0.0039,0.0068,-0.0049,0.0059,0.0000,0.0254,0.0430,0.0254,0.0147,-0.0000,-0.0020
1.8250,-0.0038,0.0049,0.0087,-0.0058,0.0070,0.0000,0.0244,0.0446,0.0282,0.0163,0.0007,-0.0012
1.8275,-0.0033,0.0046,0.0080,-0.0052,0.0062,-0.0003,0.0252,0.0456,0.0278,0.0166,0.0012,-0.0007
1.8300,-0.0012,0.0053,0.0065,-0.0034,0.0060,-0.0014,0.0268,0.0477,0.0275,0.0168,0.0008,-0.0013
1.8325,0.0000,0.0068,0.0068,-0.0029,0.0068,-0.0029,0.0264,0.0498,0.0293,0.0186,0.0010,-0.0020
1.8350,0.0000,0.0077,0.0076,-0.0037,0.0076,-0.0039,0.0254,0.0505,0.0309,0.0202,0.0018,-0.0013
1.8375,0.0002,0.0079,0.0078,-0.0038,0.0082,-0.0037,0.0259,0.0516,0.0321,0.0210,0.0021,-0.0005
1.8400,0.0016,0.0077,0.0061,-0.0023,0.0073,-0.0043,0.0265,0.0532,0.0337,0.0218,0.0037,0.0004
1.8425,0.0039,0.0078,0.0039,-0.0000,0.0059,-0.0059,0.0264,0.0547,0.0342,0.0235,0.0059,0.0020
1.8450,0.0055,0.0087,0.0032,0.0016,0.0059,-0.0067,0.0263,0.0575,0.0338,0.0257,0.0064,0.0035
1.8475,0.0067,0.0084,0.0017,0.0028,0.0051,-0.0072,0.0268,0.0603,0.0358,0.0274,0.0083,0.0048
1.8500,0.0084,0.0077,-0.0007,0.0045,0.0034,-0.0081,0.0294,0.0621,0.0391,0.0289,0.0101,0.0064
1.8525,0.0098,0.0078,-0.0020,0.0059,0.0029,-0.0088,0.0322,0.0645,0.0410,0.0313,0.0107,0.0078
1.8550,0.0105,0.0078,-0.0027,0.0065,0.0029,-0.0088,0.0318,0.0668,0.0424,0.0336,0.0129,0.0099
1.8575,0.0114,0.0081,-0.0033,0.0076,0.0030,-0.0089,0.0303,0.0683,0.0442,0.0352,0.0148,0.0122
1.8600,0.0136,0.0091,-0.0045,0.0095,0.0028,-0.0104,0.0306,0.0700,0.0469,0.0366,0.0161,0.0125
1.8625,0.0166,0.0098,-0.0068,0.0117,0.0020,-0.0127,0.0322,0.0733,0.0489,0.0381,0.0176,0.0117
1.8650,0.0183,0.0099,-0.0085,0.0134,0.0012,-0.0136,0.0333,0.0771,0.0488,0.0402,0.0176,0.0122
1.8675,0.0190,0.0096,-0.0095,0.0142,0.0006,-0.0138,0.0323,0.0794,0.0496,0.0424,0.0185,0.0136
1.8700,0.0217,0.0100,-0.0116,0.0168,-0.0004,-0.0153,0.0311,0.0804,0.0512,0.0430,0.0215,0.0153
1.8725,0.0254,0.0107,-0.0147,0.0205,-0.0020,-0.0176,0.0322,0.0821,0.0518,0.0440,0.0235,0.0176
1.8750,0.0271,0.0113,-0.0158,0.0216,-0.0023,-0.0191,0.0339,0.0855,0.0542,0.0475,0.0247,0.0192
1.8775,0.0283,0.0129,-0.0154,0.0218,-0.0011,-0.0205,0.0342,0.0893,0.0586,0.0510,0.0271,0.0200
1.8800,0.0314,0.0137,-0.0177,0.0246,-0.0014,-0.0219,0.0342,0.0913,0.0610,0.0537,0.0286,0.0209
1.8825,0.0342,0.0137,-0.0205,0.0274,-0.0029,-0.0235,0.0342,0.0928,0.0616,0.0567,0.0293,0.0225
1.8850,0.0361,0.0150,-0.0211,0.0286,-0.0031,-0.0256,0.0334,0.0957,0.0629,0.0589,0.0320,0.0252
1.8875,0.0396,0.0166,-0.0230,0.0313,-0.0028,-0.0278,0.0331,0.0980,0.0644,0.0609,0.0354,0.0288
1.8900,0.0428,0.0181,-0.0247,0.0338,-0.0029,-0.0301,0.0331,0.0989,0.0662,0.0633,0.0379,0.0323
1.8925,0.0450,0.0195,-0.0254,0.0352,-0.0029,-0.0322,0.0322,0.1006,0.0694,0.0664,0.0410,0.0342
1.8950,0.0484,0.0196,-0.0288,0.0386,-0.0042,-0.0336,0.0314,0.1029,0.0718,0.0702,0.0436,0.0355
1.8975,0.0523,0.0197,-0.0326,0.0426,-0.0062,-0.0356,0.0310,0.1045,0.0727,0.0729,0.0441,0.0379
1.9000,0.0559,0.0210,-0.0349,0.0460,-0.0069,-0.0378,0.0298,0.1059,0.0736,0.0750,0.0459,0.0410
1.9025,0.0596,0.0225,-0.0371,0.0489,-0.0068,-0.0401,0.0283,0.1075,0.0752,0.0782,0.0498,0.0430
1.9050,0.0619,0.0245,-0.0374,0.0497,-0.0063,-0.0431,0.0282,0.1089,0.0774,0.0817,0.0522,0.0456
1.9075,0.0637,0.0270,-0.0367,0.0504,-0.0046,-0.0450,0.0282,0.1100,0.0796,0.0855,0.0541,0.0496
1.9100,0.0665,0.0289,-0.0376,0.0526,-0.0039,-0.0466,0.0267,0.1104,0.0817,0.0889,0.0581,0.0524
1.9125,0.0704,0.0303,-0.0401,0.0557,-0.0049,-0.0498,0.0254,0.1104,0.0831,0.0919,0.0616,0.0537
1.9150,0.0743,0.0312,-0.0432,0.0588,-0.0056,-0.0523,0.0249,0.1104,0.0830,0.0937,0.0630,0.0558
1.9175,0.0760,0.0311,-0.0449,0.0604,-0.0065,-0.0533,0.0226,0.1102,0.0836,0.0931,0.0649,0.0581
1.9200,0.0763,0.0316,-0.0447,0.0606,-0.0065,-0.0539,0.0198,0.1105,0.0857,0.0931,0.0671,0.0604
1.9225,0.0772,0.0342,-0.0430,0.0606,-0.0039,-0.0547,0.0195,0.1104,0.0870,0.0958,0.0684,0.0625
1.9250,0.0786,0.0362,-0.0424,0.0611,-0.0025,-0.0562,0.0191,0.1083,0.0868,0.0980,0.0697,0.0633
1.9275,0.0802,0.0354,-0.0448,0.0627,-0.0043,-0.0573,0.0172,0.1060,0.0875,0.0997,0.0717,0.0642
1.9300,0.0813,0.0355,-0.0458,0.0635,-0.0046,-0.0578,0.0167,0.1054,0.0878,0.1009,0.0740,0.0661
1.9325,0.0811,0.0371,-0.0440,0.0625,-0.0029,-0.0586,0.0176,0.1046,0.0870,0.1016,0.0752,0.0674
1.9350,0.0810,0.0372,-0.0438,0.0623,-0.0029,-0.0588,0.0171,0.1017,0.0862,0.1025,0.0751,0.0674
1.9375,0.0812,0.0374,-0.0438,0.0628,-0.0026,-0.0583,0.0156,0.0984,0.0848,0.1021,0.0761,0.0677
1.9400,0.0809,0.0384,-0.0425,0.0621,-0.0017,-0.0589,0.0142,0.0942,0.0821,0.1015,0.0774,0.0687
1.9425,0.0801,0.0391,-0.0410,0.0606,-0.0010,-0.0596,0.0127,0.0899,0.0811,0.1006,0.0762,0.0694
1.9450,0.0776,0.0399,-0.0377,0.0580,0.0011,-0.0584,0.0118,0.0870,0.0814,0.0976,0.0745,0.0688
1.9475,0.0730,0.0401,-0.0329,0.0535,0.0035,-0.0561,0.0115,0.0833,0.0791,0.0958,0.0733,0.0672
1.9500,0.0694,0.0401,-0.0293,0.0499,0.0055,-0.0541,0.0101,0.0784,0.0747,0.0956,0.0699,0.0643
1.9525,0.0674,0.0401,-0.0274,0.0479,0.0068,-0.0528,0.0078,0.0733,0.0713,0.0948,0.0664,0.0606
1.9550,0.0641,0.0393,-0.0248,0.0444,0.0075,-0.0515,0.0062,0.0672,0.0684,0.0924,0.0652,0.0574
1.9575,0.0594,0.0387,-0.0207,0.0403,0.0088,-0.0490,0.0054,0.0624,0.0652,0.0866,0.0617,0.0550
1.9600,0.0553,0.0375,-0.0178,0.0369,0.0101,-0.0458,0.0046,0.0578,0.0610,0.0801,0.0555,0.0512
1.9625,0.0498,0.0352,-0.0147,0.0322,0.0107,-0.0420,0.0039,0.0518,0.0567,0.0752,0.0498,0.0459
1.9650,0.0430,0.0330,-0.0100,0.0268,0.0116,-0.0374,0.0039,0.0464,0.0525,0.0695,0.0451,0.0414
1.9675,0.0379,0.0306,-0.0073,0.0230,0.0115,-0.0341,0.0037,0.0421,0.0471,0.0634,0.0426,0.0373
1.9700,0.0335,0.0289,-0.0047,0.0191,0.0122,-0.0311,0.0024,0.0374,0.0427,0.0576,0.0415,0.0326
1.9725,0.0283,0.0283,-0.0000,0.0147,0.0147,-0.0274,0.0020,0.0322,0.0391,0.0518,0.0381,0.0283
1.9750,0.0239,0.0271,0.0032,0.0110,0.0156,-0.0243,0.0028,0.0270,0.0340,0.0466,0.0328,0.0247
1.9775,0.0192,0.0249,0.0057,0.0069,0.0156,-0.0216,0.0025,0.0224,0.0292,0.0412,0.0287,0.0209
1.9800,0.0139,0.0226,0.0087,0.0026,0.0155,-0.0184,0.0019,0.0180,0.0249,0.0350,0.0250,0.0175
1.9825,0.0098,0.0195,0.0098,-0.0000,0.0147,-0.0147,0.0020,0.0137,0.0205,0.0293,0.0205,0.0147
1.9850,0.0061,0.0164,0.0103,-0.0022,0.0138,-0.0108,0.0006,0.0106,0.0176,0.0241,0.0168,0.0110
1.9875,0.0030,0.0148,0.0119,-0.0041,0.0136,-0.0083,-0.0006,0.0078,0.0140,0.0190,0.0129,0.0075
1.9900,0.0016,0.0146,0.0130,-0.0053,0.0137,-0.0077,0.0005,0.0032,0.0091,0.0140,0.0082,0.0051
1.9925,-0.0000,0.0137,0.0137,-0.0068,0.0137,-0.0068,0.0010,0.0000,0.0059,0.0107,0.0049,0.0029
1.9950,-0.0030,0.0115,0.0145,-0.0085,0.0129,-0.0041,0.0001,0.0001,0.0038,0.0082,0.0034,0.0007
1.9975,-0.0054,0.0095,0.0149,-0.0094,0.0125,-0.0010,0.0001,-0.0009,0.0012,0.0033,0.0015,-0.0015
2.0000,-0.0077,0.0086,0.0163,-0.0117,0.0129,0.0002,-0.0003,-0.0023,-0.0005,-0.0011,-0.0007,-0.0037
2.0025,-0.0098,0.0078,0.0176,-0.0137,0.0127,0.0010,-0.0010,-0.0029,-0.0029,-0.0020,-0.0020,-0.0059
2.0050,-0.0100,0.0058,0.0157,-0.0124,0.0107,0.0025,-0.0003,-0.0045,-0.0069,-0.0030,-0.0033,-0.0075
2.0075,-0.0096,0.0032,0.0128,-0.0110,0.0080,0.0034,0.0001,-0.0055,-0.0084,-0.0063,-0.0050,-0.0083
2.0100,-0.0100,0.0015,0.0115,-0.0107,0.0066,0.0044,0.0000,-0.0080,-0.0094,-0.0099,-0.0062,-0.0092
2.0125,-0.0107,0.0010,0.0117,-0.0107,0.0068,0.0059,-0.0000,-0.0117,-0.0127,-0.0127,-0.0078,-0.0107
2.0150,-0.0110,0.0010,0.0119,-0.0110,0.0070,0.0060,-0.0015,-0.0120,-0.0151,-0.0149,-0.0107,-0.0129
2.0175,-0.0102,0.0010,0.0112,-0.0102,0.0066,0.0057,-0.0023,-0.0118,-0.0167,-0.0172,-0.0132,-0.0150
2.0200,-0.0115,0.0011,0.0125,-0.0116,0.0072,0.0060,-0.0019,-0.0132,-0.0178,-0.0191,-0.0137,-0.0157
2.0225,-0.0137,0.0020,0.0156,-0.0147,0.0088,0.0059,-0.0029,-0.0147,-0.0176,-0.0195,-0.0137,-0.0156
2.0250,-0.0137,0.0029,0.0166,-0.0148,0.0097,0.0057,-0.0040,-0.0169,-0.0175,-0.0193,-0.0143,-0.0169
2.0275,-0.0144,0.0022,0.0167,-0.0150,0.0095,0.0067,-0.0034,-0.0184,-0.0177,-0.0205,-0.0152,-0.0185
2.0300,-0.0160,0.0003,0.0163,-0.0157,0.0083,0.0083,-0.0029,-0.0186,-0.0175,-0.0218,-0.0157,-0.0182
2.0325,-0.0156,-0.0010,0.0147,-0.0147,0.0068,0.0088,-0.0029,-0.0186,-0.0176,-0.0215,-0.0156,-0.0166
2.0350,-0.0154,-0.0016,0.0138,-0.0145,0.0060,0.0086,-0.0022,-0.0177,-0.0177,-0.0206,-0.0155,-0.0162
2.0375,-0.0161,-0.0028,0.0133,-0.0148,0.0056,0.0097,-0.0014,-0.0178,-0.0174,-0.0207,-0.0161,-0.0177
2.0400,-0.0168,-0.0045,0.0124,-0.0146,0.0043,0.0111,-0.0008,-0.0188,-0.0178,-0.0220,-0.0169,-0.0187
2.0425,-0.0176,-0.0059,0.0117,-0.0147,0.0029,0.0117,-0.0010,-0.0186,-0.0186,-0.0235,-0.0176,-0.0186
2.0450,-0.0171,-0.0061,0.0110,-0.0141,0.0028,0.0119,-0.0019,-0.0177,-0.0180,-0.0237,-0.0178,-0.0179
2.0475,-0.0156,-0.0052,0.0104,-0.0128,0.0030,0.0111,-0.0014,-0.0179,-0.0171,-0.0231,-0.0166,-0.0172
2.0500,-0.0160,-0.0049,0.0111,-0.0130,0.0030,0.0109,-0.0011,-0.0188,-0.0181,-0.0238,-0.0155,-0.0181
2.0525,-0.0176,-0.0049,0.0127,-0.0147,0.0039,0.0117,-0.0020,-0.0186,-0.0195,-0.0244,-0.0166,-0.0195
2.0550,-0.0177,-0.0034,0.0143,-0.0155,0.0055,0.0111,-0.0020,-0.0176,-0.0203,-0.0241,-0.0183,-0.0195
2.0575,-0.0175,-0.0026,0.0150,-0.0158,0.0061,0.0104,-0.0020,-0.0180,-0.0207,-0.0258,-0.0186,-0.0200
2.0600,-0.0174,-0.0032,0.0143,-0.0154,0.0057,0.0109,-0.0017,-0.0187,-0.0203,-0.0277,-0.0186,-0.0206
2.0625,-0.0166,-0.0029,0.0137,-0.0147,0.0059,0.0107,-0.0010,-0.0195,-0.0205,-0.0274,-0.0186,-0.0205
2.0650,-0.0164,-0.0021,0.0144,-0.0153,0.0067,0.0099,-0.0017,-0.0206,-0.0221,-0.0271,-0.0190,-0.0213
2.0675,-0.0171,-0.0020,0.0151,-0.0162,0.0068,0.0097,-0.0018,-0.0195,-0.0220,-0.0279,-0.0209,-0.0212
2.0700,-0.0178,-0.0018,0.0160,-0.0167,0.0070,0.0098,-0.0006,-0.0185,-0.0197,-0.0284,-0.0213,-0.0203
2.0725,-0.0176,-0.0010,0.0166,-0.0166,0.0078,0.0098,-0.0010,-0.0205,-0.0186,-0.0283,-0.0195,-0.0205
2.0750,-0.0167,-0.0009,0.0158,-0.0157,0.0080,0.0098,-0.0026,-0.0224,-0.0198,-0.0276,-0.0187,-0.0212
2.0775,-0.0170,-0.0011,0.0159,-0.0159,0.0076,0.0097,-0.0031,-0.0217,-0.0219,-0.0272,-0.0180,-0.0218
2.0800,-0.0178,-0.0010,0.0168,-0.0169,0.0080,0.0099,-0.0028,-0.0199,-0.0223,-0.0275,-0.0176,-0.0210
2.0825,-0.0186,-0.0020,0.0166,-0.0176,0.0078,0.0107,-0.0020,-0.0195,-0.0205,-0.0283,-0.0186,-0.0195
2.0850,-0.0195,-0.0036,0.0159,-0.0177,0.0063,0.0116,-0.0010,-0.0204,-0.0201,-0.0292,-0.0188,-0.0200
2.0875,-0.0190,-0.0041,0.0150,-0.0170,0.0056,0.0118,-0.0012,-0.0201,-0.0217,-0.0293,-0.0179,-0.0213
2.0900,-0.0186,-0.0038,0.0147,-0.0167,0.0059,0.0117,-0.0006,-0.0194,-0.0225,-0.0295,-0.0176,-0.0215
2.0925,-0.0195,-0.0039,0.0156,-0.0176,0.0059,0.0117,-0.0000,-0.0195,-0.0225,-0.0303,-0.0186,-0.0215
2.0950,-0.0197,-0.0039,0.0158,-0.0177,0.0059,0.0117,-0.0009,-0.0201,-0.0226,-0.0304,-0.0201,-0.0216
2.0975,-0.0193,-0.0039,0.0154,-0.0174,0.0058,0.0117,-0.0004,-0.0216,-0.0219,-0.0301,-0.0211,-0.0213
2.1000,-0.0197,-0.0039,0.0158,-0.0177,0.0059,0.0117,-0.0002,-0.0227,-0.0215,-0.0305,-0.0216,-0.0217
2.1025,-0.0195,-0.0039,0.0156,-0.0176,0.0059,0.0117,-0.0020,-0.0225,-0.0225,-0.0313,-0.0215,-0.0225
2.1050,-0.0193,-0.0046,0.0148,-0.0167,0.0050,0.0123,-0.0016,-0.0218,-0.0232,-0.0320,-0.0206,-0.0225
2.1075,-0.0202,-0.0052,0.0150,-0.0170,0.0052,0.0136,-0.0000,-0.0208,-0.0241,-0.0324,-0.0209,-0.0224
2.1100,-0.0204,-0.0046,0.0159,-0.0178,0.0061,0.0133,-0.0002,-0.0207,-0.0243,-0.0320,-0.0216,-0.0225
2.1125,-0.0195,-0.0039,0.0156,-0.0176,0.0059,0.0117,-0.0010,-0.0225,-0.0235,-0.0313,-0.0205,-0.0225
2.1150,-0.0187,-0.0040,0.0148,-0.0169,0.0057,0.0115,-0.0016,-0.0235,-0.0233,-0.0318,-0.0194,-0.0225
2.1175,-0.0183,-0.0035,0.0148,-0.0163,0.0064,0.0120,-0.0027,-0.0233,-0.0235,-0.0331,-0.0201,-0.0221
2.1200,-0.0188,-0.0027,0.0162,-0.0171,0.0070,0.0115,-0.0028,-0.0236,-0.0235,-0.0330,-0.0205,-0.0213
2.1225,-0.0195,-0.0020,0.0176,-0.0186,0.0078,0.0107,-0.0020,-0.0235,-0.0244,-0.0322,-0.0205,-0.0215
2.1250,-0.0188,-0.0004,0.0184,-0.0187,0.0094,0.0100,-0.0018,-0.0226,-0.0254,-0.0328,-0.0220,-0.0223
2.1275,-0.0187,0.0001,0.0188,-0.0185,0.0097,0.0097,-0.0024,-0.0224,-0.0249,-0.0338,-0.0231,-0.0225
2.1300,-0.0200,-0.0017,0.0183,-0.0185,0.0083,0.0115,-0.0031,-0.0225,-0.0244,-0.0342,-0.0237,-0.0225
2.1325,-0.0205,-0.0029,0.0176,-0.0186,0.0078,0.0127,-0.0029,-0.0235,-0.0254,-0.0342,-0.0244,-0.0225
2.1350,-0.0204,-0.0021,0.0183,-0.0193,0.0086,0.0118,-0.0026,-0.0252,-0.0264,-0.0341,-0.0250,-0.0223
2.1375,-0.0207,-0.0022,0.0185,-0.0194,0.0086,0.0122,-0.0038,-0.0246,-0.0259,-0.0346,-0.0262,-0.0231
2.1400,-0.0202,-0.0031,0.0170,-0.0180,0.0074,0.0126,-0.0035,-0.0232,-0.0254,-0.0354,-0.0260,-0.0233
2.1425,-0.0195,-0.0029,0.0166,-0.0176,0.0068,0.0117,-0.0020,-0.0244,-0.0264,-0.0362,-0.0244,-0.0225
2.1450,-0.0209,-0.0028,0.0181,-0.0190,0.0076,0.0123,-0.0027,-0.0254,-0.0274,-0.0364,-0.0250,-0.0224
2.1475,-0.0220,-0.0031,0.0189,-0.0200,0.0080,0.0131,-0.0027,-0.0252,-0.0268,-0.0352,-0.0253,-0.0224
2.1500,-0.0211,-0.0028,0.0182,-0.0191,0.0077,0.0125,-0.0018,-0.0256,-0.0264,-0.0340,-0.0240,-0.0226
2.1525,-0.0205,-0.0029,0.0176,-0.0186,0.0078,0.0127,-0.0029,-0.0264,-0.0274,-0.0352,-0.0244,-0.0235
2.1550,-0.0207,-0.0037,0.0170,-0.0187,0.0073,0.0130,-0.0039,-0.0264,-0.0276,-0.0376,-0.0254,-0.0235
2.1575,-0.0199,-0.0040,0.0158,-0.0179,0.0060,0.0119,-0.0039,-0.0263,-0.0269,-0.0384,-0.0251,-0.0233
2.1600,-0.0196,-0.0038,0.0158,-0.0177,0.0061,0.0119,-0.0039,-0.0264,-0.0280,-0.0379,-0.0259,-0.0235
2.1625,-0.0205,-0.0039,0.0166,-0.0186,0.0068,0.0127,-0.0039,-0.0264,-0.0303,-0.0381,-0.0274,-0.0235
2.1650,-0.0212,-0.0040,0.0172,-0.0192,0.0067,0.0126,-0.0045,-0.0268,-0.0306,-0.0383,-0.0261,-0.0234
2.1675,-0.0221,-0.0038,0.0183,-0.0202,0.0075,0.0132,-0.0056,-0.0288,-0.0299,-0.0377,-0.0244,-0.0234
2.1700,-0.0224,-0.0041,0.0183,-0.0202,0.0075,0.0138,-0.0058,-0.0307,-0.0306,-0.0387,-0.0246,-0.0236
2.1725,-0.0215,-0.0049,0.0166,-0.0186,0.0059,0.0137,-0.0049,-0.0303,-0.0313,-0.0410,-0.0254,-0.0244
2.1750,-0.0214,-0.0051,0.0163,-0.0182,0.0056,0.0138,-0.0046,-0.0293,-0.0311,-0.0413,-0.0261,-0.0247
2.1775,-0.0215,-0.0043,0.0172,-0.0192,0.0064,0.0131,-0.0053,-0.0301,-0.0322,-0.0407,-0.0268,-0.0237
2.1800,-0.0215,-0.0039,0.0177,-0.0195,0.0070,0.0129,-0.0044,-0.0316,-0.0334,-0.0413,-0.0276,-0.0236
2.1825,-0.0225,-0.0049,0.0176,-0.0195,0.0068,0.0147,-0.0039,-0.0313,-0.0322,-0.0420,-0.0274,-0.0244
2.1850,-0.0234,-0.0065,0.0169,-0.0196,0.0053,0.0156,-0.0055,-0.0302,-0.0305,-0.0420,-0.0257,-0.0238
2.1875,-0.0231,-0.0070,0.0161,-0.0191,0.0046,0.0155,-0.0056,-0.0309,-0.0306,-0.0421,-0.0256,-0.0231
2.1900,-0.0222,-0.0068,0.0154,-0.0183,0.0050,0.0157,-0.0047,-0.0311,-0.0315,-0.0418,-0.0265,-0.0237
2.1925,-0.0225,-0.0068,0.0156,-0.0186,0.0049,0.0156,-0.0049,-0.0303,-0.0313,-0.0410,-0.0254,-0.0244
2.1950,-0.0233,-0.0068,0.0165,-0.0194,0.0049,0.0156,-0.0047,-0.0302,-0.0310,-0.0409,-0.0249,-0.0251
2.1975,-0.0235,-0.0070,0.0165,-0.0195,0.0048,0.0157,-0.0059,-0.0305,-0.0325,-0.0414,-0.0270,-0.0258
2.2000,-0.0235,-0.0067,0.0168,-0.0196,0.0050,0.0155,-0.0069,-0.0318,-0.0349,-0.0423,-0.0287,-0.0250
2.2025,-0.0235,-0.0068,0.0166,-0.0195,0.0049,0.0156,-0.0059,-0.0332,-0.0362,-0.0430,-0.0293,-0.0244
2.2050,-0.0228,-0.0085,0.0143,-0.0181,0.0033,0.0165,-0.0063,-0.0325,-0.0356,-0.0430,-0.0296,-0.0259
2.2075,-0.0219,-0.0083,0.0136,-0.0172,0.0029,0.0160,-0.0078,-0.0324,-0.0344,-0.0428,-0.0282,-0.0264
2.2100,-0.0213,-0.0062,0.0151,-0.0178,0.0044,0.0141,-0.0077,-0.0335,-0.0343,-0.0431,-0.0273,-0.0249
2.2125,-0.0205,-0.0059,0.0147,-0.0176,0.0049,0.0137,-0.0078,-0.0332,-0.0342,-0.0440,-0.0283,-0.0244
2.2150,-0.0203,-0.0067,0.0136,-0.0166,0.0041,0.0145,-0.0088,-0.0329,-0.0333,-0.0448,-0.0278,-0.0252
2.2175,-0.0210,-0.0068,0.0142,-0.0170,0.0038,0.0147,-0.0080,-0.0341,-0.0336,-0.0450,-0.0268,-0.0255
2.2200,-0.0216,-0.0070,0.0146,-0.0178,0.0039,0.0148,-0.0065,-0.0338,-0.0344,-0.0448,-0.0279,-0.0253
2.2225,-0.0225,-0.0078,0.0147,-0.0186,0.0039,0.0156,-0.0068,-0.0322,-0.0352,-0.0440,-0.0293,-0.0254
2.2250,-0.0234,-0.0080,0.0154,-0.0194,0.0039,0.0158,-0.0078,-0.0321,-0.0362,-0.0437,-0.0287,-0.0262
2.2275,-0.0233,-0.0076,0.0157,-0.0195,0.0039,0.0153,-0.0074,-0.0325,-0.0352,-0.0446,-0.0281,-0.0265
2.2300,-0.0237,-0.0080,0.0158,-0.0197,0.0040,0.0160,-0.0066,-0.0337,-0.0341,-0.0449,-0.0302,-0.0263
2.2325,-0.0244,-0.0078,0.0166,-0.0205,0.0049,0.0166,-0.0068,-0.0352,-0.0352,-0.0450,-0.0313,-0.0264
2.2350,-0.0230,-0.0075,0.0155,-0.0193,0.0046,0.0158,-0.0077,-0.0346,-0.0360,-0.0459,-0.0290,-0.0270
2.2375,-0.0223,-0.0090,0.0134,-0.0178,0.0024,0.0159,-0.0075,-0.0338,-0.0365,-0.0451,-0.0283,-0.0279
2.2400,-0.0240,-0.0097,0.0143,-0.0192,0.0023,0.0167,-0.0066,-0.0345,-0.0373,-0.0437,-0.0298,-0.0284
2.2425,-0.0235,-0.0078,0.0156,-0.0195,0.0039,0.0156,-0.0068,-0.0352,-0.0371,-0.0450,-0.0303,-0.0283
2.2450,-0.0215,-0.0068,0.0147,-0.0176,0.0040,0.0146,-0.0084,-0.0352,-0.0369,-0.0468,-0.0303,-0.0283
2.2475,-0.0225,-0.0073,0.0152,-0.0186,0.0040,0.0151,-0.0091,-0.0348,-0.0377,-0.0461,-0.0302,-0.0284
2.2500,-0.0235,-0.0082,0.0154,-0.0195,0.0036,0.0158,-0.0084,-0.0339,-0.0380,-0.0444,-0.0304,-0.0281
2.2525,-0.0235,-0.0098,0.0137,-0.0186,0.0020,0.0166,-0.0068,-0.0342,-0.0371,-0.0440,-0.0303,-0.0274
2.2550,-0.0244,-0.0102,0.0142,-0.0193,0.0024,0.0176,-0.0058,-0.0351,-0.0370,-0.0441,-0.0289,-0.0273
2.2575,-0.0236,-0.0087,0.0148,-0.0189,0.0036,0.0171,-0.0066,-0.0347,-0.0370,-0.0434,-0.0276,-0.0272
2.2600,-0.0223,-0.0094,0.0129,-0.0172,0.0021,0.0166,-0.0083,-0.0341,-0.0355,-0.0429,-0.0273,-0.0257
2.2625,-0.0235,-0.0117,0.0117,-0.0176,-0.0000,0.0176,-0.0088,-0.0342,-0.0342,-0.0430,-0.0274,-0.0244
2.2650,-0.0238,-0.0113,0.0124,-0.0177,0.0004,0.0178,-0.0087,-0.0335,-0.0349,-0.0430,-0.0274,-0.0256
2.2675,-0.0228,-0.0098,0.0129,-0.0175,0.0019,0.0169,-0.0089,-0.0330,-0.0353,-0.0429,-0.0275,-0.0277
2.2700,-0.0223,-0.0100,0.0124,-0.0174,0.0016,0.0166,-0.0086,-0.0332,-0.0352,-0.0431,-0.0289,-0.0284
2.2725,-0.0215,-0.0107,0.0107,-0.0156,-0.0000,0.0166,-0.0078,-0.0332,-0.0362,-0.0440,-0.0303,-0.0283
2.2750,-0.0205,-0.0110,0.0095,-0.0144,-0.0004,0.0166,-0.0077,-0.0338,-0.0371,-0.0448,-0.0296,-0.0283
2.2775,-0.0212,-0.0098,0.0114,-0.0159,0.0015,0.0166,-0.0083,-0.0348,-0.0367,-0.0449,-0.0294,-0.0284
2.2800,-0.0230,-0.0085,0.0146,-0.0183,0.0033,0.0165,-0.0090,-0.0352,-0.0360,-0.0451,-0.0306,-0.0283
2.2825,-0.0235,-0.0088,0.0147,-0.0186,0.0029,0.0166,-0.0098,-0.0352,-0.0362,-0.0459,-0.0303,-0.0283
2.2850,-0.0226,-0.0103,0.0122,-0.0170,0.0014,0.0173,-0.0105,-0.0351,-0.0369,-0.0461,-0.0292,-0.0284
2.2875,-0.0228,-0.0111,0.0117,-0.0166,0.0005,0.0178,-0.0110,-0.0352,-0.0373,-0.0453,-0.0302,-0.0281
2.2900,-0.0237,-0.0104,0.0133,-0.0182,0.0015,0.0174,-0.0104,-0.0350,-0.0369,-0.0449,-0.0315,-0.0286
2.2925,-0.0244,-0.0098,0.0147,-0.0195,0.0029,0.0176,-0.0088,-0.0342,-0.0362,-0.0459,-0.0313,-0.0293
2.2950,-0.0247,-0.0105,0.0142,-0.0191,0.0024,0.0184,-0.0079,-0.0334,-0.0360,-0.0463,-0.0311,-0.0293
2.2975,-0.0234,-0.0110,0.0124,-0.0173,0.0013,0.0184,-0.0078,-0.0330,-0.0365,-0.0446,-0.0314,-0.0296
2.3000,-0.0223,-0.0105,0.0118,-0.0167,0.0010,0.0171,-0.0079,-0.0334,-0.0374,-0.0441,-0.0311,-0.0305
2.3025,-0.0235,-0.0098,0.0137,-0.0186,0.0020,0.0166,-0.0088,-0.0342,-0.0381,-0.0459,-0.0313,-0.0303
2.3050,-0.0244,-0.0096,0.0149,-0.0197,0.0031,0.0174,-0.0104,-0.0350,-0.0381,-0.0463,-0.0315,-0.0295
2.3075,-0.0240,-0.0104,0.0136,-0.0185,0.0019,0.0177,-0.0106,-0.0353,-0.0382,-0.0448,-0.0301,-0.0289
2.3100,-0.0232,-0.0108,0.0125,-0.0173,0.0009,0.0176,-0.0092,-0.0349,-0.0379,-0.0436,-0.0293,-0.0281
2.3125,-0.0225,-0.0107,0.0117,-0.0166,0.0010,0.0176,-0.0078,-0.0332,-0.0371,-0.0430,-0.0303,-0.0283
2.3150,-0.0216,-0.0109,0.0107,-0.0157,0.0001,0.0169,-0.0075,-0.0327,-0.0364,-0.0429,-0.0299,-0.0293
2.3175,-0.0214,-0.0103,0.0110,-0.0157,0.0002,0.0162,-0.0088,-0.0347,-0.0358,-0.0434,-0.0284,-0.0287
2.3200,-0.0215,-0.0113,0.0102,-0.0154,-0.0005,0.0170,-0.0100,-0.0348,-0.0365,-0.0442,-0.0286,-0.0284
2.3225,-0.0215,-0.0127,0.0088,-0.0147,-0.0020,0.0176,-0.0098,-0.0332,-0.0371,-0.0440,-0.0293,-0.0293
2.3250,-0.0215,-0.0113,0.0102,-0.0153,-0.0006,0.0168,-0.0091,-0.0338,-0.0363,-0.0430,-0.0292,-0.0293
2.3275,-0.0217,-0.0105,0.0113,-0.0161,0.0007,0.0168,-0.0082,-0.0343,-0.0365,-0.0434,-0.0300,-0.0296
2.3300,-0.0230,-0.0108,0.0122,-0.0170,0.0012,0.0180,-0.0079,-0.0343,-0.0373,-0.0441,-0.0317,-0.0306
2.3325,-0.0244,-0.0107,0.0137,-0.0186,0.0020,0.0186,-0.0088,-0.0352,-0.0371,-0.0440,-0.0313,-0.0313
2.3350,-0.0246,-0.0116,0.0130,-0.0188,0.0013,0.0186,-0.0091,-0.0347,-0.0372,-0.0440,-0.0295,-0.0315
2.3375,-0.0240,-0.0114,0.0126,-0.0180,0.0009,0.0183,-0.0077,-0.0332,-0.0364,-0.0437,-0.0293,-0.0303
2.3400,-0.0230,-0.0105,0.0125,-0.0173,0.0009,0.0171,-0.0065,-0.0316,-0.0346,-0.0425,-0.0290,-0.0290
2.3425,-0.0215,-0.0098,0.0117,-0.0166,0.0010,0.0156,-0.0059,-0.0293,-0.0342,-0.0410,-0.0274,-0.0283
2.3450,-0.0200,-0.0070,0.0130,-0.0165,0.0031,0.0136,-0.0050,-0.0275,-0.0343,-0.0395,-0.0265,-0.0268
2.3475,-0.0185,-0.0042,0.0144,-0.0165,0.0049,0.0111,-0.0049,-0.0273,-0.0334,-0.0382,-0.0257,-0.0261
2.3500,-0.0172,-0.0042,0.0130,-0.0150,0.0046,0.0110,-0.0046,-0.0272,-0.0316,-0.0365,-0.0238,-0.0265
2.3525,-0.0166,-0.0049,0.0117,-0.0137,0.0039,0.0117,-0.0029,-0.0264,-0.0303,-0.0352,-0.0235,-0.0264
2.3550,-0.0160,-0.0043,0.0117,-0.0138,0.0038,0.0102,-0.0008,-0.0250,-0.0290,-0.0351,-0.0250,-0.0263
2.3575,-0.0149,-0.0033,0.0116,-0.0130,0.0044,0.0095,0.0020,-0.0231,-0.0268,-0.0348,-0.0254,-0.0264
2.3600,-0.0147,-0.0028,0.0119,-0.0129,0.0051,0.0097,0.0047,-0.0206,-0.0248,-0.0338,-0.0237,-0.0263
2.3625,-0.0147,-0.0020,0.0127,-0.0137,0.0059,0.0088,0.0059,-0.0186,-0.0235,-0.0322,-0.0215,-0.0264
2.3650,-0.0144,-0.0010,0.0134,-0.0135,0.0067,0.0087,0.0066,-0.0165,-0.0219,-0.0300,-0.0204,-0.0264
2.3675,-0.0154,-0.0013,0.0141,-0.0144,0.0066,0.0089,0.0074,-0.0141,-0.0208,-0.0285,-0.0210,-0.0262
2.3700,-0.0153,-0.0023,0.0130,-0.0142,0.0053,0.0088,0.0078,-0.0140,-0.0204,-0.0283,-0.0215,-0.0266
2.3725,-0.0137,-0.0029,0.0107,-0.0117,0.0039,0.0088,0.0059,-0.0166,-0.0205,-0.0283,-0.0215,-0.0274
2.3750,-0.0135,-0.0024,0.0110,-0.0120,0.0042,0.0081,0.0020,-0.0183,-0.0219,-0.0283,-0.0217,-0.0268
2.3775,-0.0136,-0.0008,0.0128,-0.0135,0.0063,0.0073,0.0001,-0.0187,-0.0231,-0.0284,-0.0203,-0.0253
2.3800,-0.0120,0.0002,0.0122,-0.0119,0.0066,0.0065,-0.0003,-0.0183,-0.0218,-0.0282,-0.0177,-0.0240
2.3825,-0.0098,0.0010,0.0107,-0.0098,0.0059,0.0049,-0.0029,-0.0176,-0.0205,-0.0274,-0.0166,-0.0235
2.3850,-0.0082,0.0037,0.0119,-0.0096,0.0078,0.0027,-0.0062,-0.0186,-0.0212,-0.0259,-0.0166,-0.0229
2.3875,-0.0074,0.0067,0.0141,-0.0102,0.0104,0.0009,-0.0071,-0.0214,-0.0219,-0.0246,-0.0165,-0.0213
2.3900,-0.0083,0.0063,0.0146,-0.0111,0.0106,0.0015,-0.0069,-0.0226,-0.0230,-0.0246,-0.0168,-0.0206
2.3925,-0.0107,0.0039,0.0147,-0.0127,0.0098,0.0039,-0.0088,-0.0235,-0.0244,-0.0264,-0.0176,-0.0225
2.3950,-0.0125,0.0024,0.0149,-0.0137,0.0091,0.0056,-0.0114,-0.0263,-0.0249,-0.0293,-0.0183,-0.0248
2.3975,-0.0126,0.0010,0.0136,-0.0132,0.0078,0.0063,-0.0114,-0.0286,-0.0271,-0.0317,-0.0194,-0.0262
2.4000,-0.0129,-0.0004,0.0125,-0.0126,0.0064,0.0071,-0.0106,-0.0297,-0.0302,-0.0322,-0.0210,-0.0262
2.4025,-0.0137,-0.0010,0.0127,-0.0127,0.0059,0.0078,-0.0107,-0.0313,-0.0322,-0.0322,-0.0215,-0.0254
2.4050,-0.0138,-0.0016,0.0121,-0.0128,0.0053,0.0078,-0.0114,-0.0322,-0.0339,-0.0330,-0.0213,-0.0246
2.4075,-0.0136,-0.0028,0.0108,-0.0123,0.0039,0.0080,-0.0125,-0.0319,-0.0340,-0.0333,-0.0220,-0.0241
2.4100,-0.0136,-0.0045,0.0091,-0.0114,0.0025,0.0092,-0.0125,-0.0308,-0.0329,-0.0331,-0.0224,-0.0247
2.4125,-0.0127,-0.0059,0.0068,-0.0098,0.0010,0.0098,-0.0107,-0.0293,-0.0322,-0.0332,-0.0215,-0.0254
2.4150,-0.0117,-0.0053,0.0064,-0.0086,0.0006,0.0089,-0.0092,-0.0283,-0.0315,-0.0332,-0.0206,-0.0246
2.4175,-0.0122,-0.0044,0.0078,-0.0095,0.0020,0.0091,-0.0081,-0.0287,-0.0308,-0.0331,-0.0204,-0.0243
2.4200,-0.0128,-0.0054,0.0075,-0.0096,0.0014,0.0100,-0.0080,-0.0296,-0.0300,-0.0333,-0.0205,-0.0244
2.4225,-0.0137,-0.0068,0.0068,-0.0098,0.0000,0.0107,-0.0098,-0.0313,-0.0303,-0.0342,-0.0205,-0.0244
2.4250,-0.0159,-0.0076,0.0083,-0.0121,0.0008,0.0122,-0.0108,-0.0336,-0.0331,-0.0351,-0.0210,-0.0259
2.4275,-0.0174,-0.0083,0.0090,-0.0129,0.0006,0.0134,-0.0104,-0.0347,-0.0359,-0.0348,-0.0229,-0.0267
2.4300,-0.0177,-0.0089,0.0087,-0.0128,-0.0000,0.0138,-0.0112,-0.0357,-0.0375,-0.0340,-0.0250,-0.0261
2.4325,-0.0186,-0.0098,0.0088,-0.0137,-0.0000,0.0147,-0.0127,-0.0381,-0.0381,-0.0352,-0.0264,-0.0264
2.4350,-0.0206,-0.0119,0.0087,-0.0142,-0.0015,0.0167,-0.0121,-0.0397,-0.0379,-0.0382,-0.0279,-0.0272
2.4375,-0.0233,-0.0142,0.0091,-0.0159,-0.0023,0.0193,-0.0113,-0.0406,-0.0390,-0.0403,-0.0292,-0.0273
2.4400,-0.0245,-0.0162,0.0083,-0.0164,-0.0035,0.0208,-0.0121,-0.0411,-0.0404,-0.0414,-0.0310,-0.0276
2.4425,-0.0235,-0.0166,0.0068,-0.0147,-0.0049,0.0205,-0.0137,-0.0410,-0.0410,-0.0430,-0.0332,-0.0293
2.4450,-0.0226,-0.0156,0.0069,-0.0145,-0.0040,0.0197,-0.0141,-0.0410,-0.0425,-0.0446,-0.0335,-0.0311
2.4475,-0.0226,-0.0164,0.0062,-0.0146,-0.0048,0.0196,-0.0124,-0.0410,-0.0433,-0.0453,-0.0323,-0.0306
2.4500,-0.0239,-0.0180,0.0059,-0.0148,-0.0060,0.0212,-0.0119,-0.0411,-0.0427,-0.0444,-0.0307,-0.0286
2.4525,-0.0244,-0.0186,0.0059,-0.0147,-0.0059,0.0225,-0.0137,-0.0410,-0.0420,-0.0420,-0.0293,-0.0274
2.4550,-0.0234,-0.0187,0.0047,-0.0135,-0.0068,0.0218,-0.0134,-0.0396,-0.0413,-0.0402,-0.0291,-0.0273
2.4575,-0.0241,-0.0179,0.0062,-0.0149,-0.0058,0.0212,-0.0112,-0.0385,-0.0404,-0.0401,-0.0296,-0.0273
2.4600,-0.0241,-0.0179,0.0061,-0.0151,-0.0052,0.0217,-0.0109,-0.0396,-0.0400,-0.0399,-0.0289,-0.0274
2.4625,-0.0225,-0.0205,0.0020,-0.0117,-0.0088,0.0225,-0.0117,-0.0401,-0.0401,-0.0401,-0.0274,-0.0274
2.4650,-0.0230,-0.0212,0.0018,-0.0118,-0.0096,0.0228,-0.0111,-0.0390,-0.0407,-0.0410,-0.0271,-0.0272
2.4675,-0.0237,-0.0187,0.0050,-0.0143,-0.0068,0.0214,-0.0105,-0.0400,-0.0414,-0.0405,-0.0279,-0.0278
2.4700,-0.0233,-0.0175,0.0057,-0.0144,-0.0059,0.0204,-0.0109,-0.0411,-0.0406,-0.0400,-0.0285,-0.0284
2.4725,-0.0235,-0.0186,0.0049,-0.0137,-0.0068,0.0215,-0.0107,-0.0401,-0.0401,-0.0401,-0.0293,-0.0283
2.4750,-0.0241,-0.0189,0.0052,-0.0142,-0.0064,0.0224,-0.0106,-0.0392,-0.0410,-0.0398,-0.0301,-0.0283
2.4775,-0.0251,-0.0176,0.0075,-0.0157,-0.0047,0.0223,-0.0114,-0.0390,-0.0404,-0.0410,-0.0300,-0.0283
2.4800,-0.0252,-0.0162,0.0090,-0.0168,-0.0037,0.0209,-0.0118,-0.0394,-0.0403,-0.0420,-0.0289,-0.0283
2.4825,-0.0235,-0.0156,0.0078,-0.0156,-0.0039,0.0195,-0.0117,-0.0401,-0.0410,-0.0401,-0.0283,-0.0283
2.4850,-0.0218,-0.0163,0.0056,-0.0132,-0.0053,0.0196,-0.0126,-0.0388,-0.0397,-0.0383,-0.0291,-0.0278
2.4875,-0.0212,-0.0173,0.0039,-0.0123,-0.0069,0.0193,-0.0126,-0.0376,-0.0388,-0.0381,-0.0292,-0.0263
2.4900,-0.0220,-0.0175,0.0044,-0.0131,-0.0064,0.0200,-0.0112,-0.0385,-0.0392,-0.0381,-0.0279,-0.0252
2.4925,-0.0244,-0.0166,0.0078,-0.0156,-0.0039,0.0215,-0.0088,-0.0381,-0.0391,-0.0391,-0.0283,-0.0264
2.4950,-0.0291,-0.0158,0.0132,-0.0211,-0.0012,0.0226,-0.0042,-0.0347,-0.0394,-0.0425,-0.0329,-0.0305
2.4975,-0.0374,-0.0154,0.0220,-0.0295,0.0033,0.0266,0.0039,-0.0301,-0.0380,-0.0475,-0.0409,-0.0368
2.5000,-0.0491,-0.0141,0.0350,-0.0416,0.0104,0.0320,0.0166,-0.0240,-0.0353,-0.0526,-0.0501,-0.0451
2.5025,-0.0606,-0.0117,0.0489,-0.0547,0.0186,0.0362,0.0342,-0.0137,-0.0313,-0.0567,-0.0586,-0.0547
2.5050,-0.0705,-0.0096,0.0609,-0.0655,0.0262,0.0408,0.0564,0.0033,-0.0234,-0.0589,-0.0657,-0.0634
2.5075,-0.0781,-0.0071,0.0711,-0.0739,0.0322,0.0435,0.0821,0.0293,-0.0102,-0.0572,-0.0705,-0.0686
2.5100,-0.0799,-0.0036,0.0763,-0.0778,0.0364,0.0421,0.1084,0.0660,0.0110,-0.0495,-0.0708,-0.0689
2.5125,-0.0733,0.0020,0.0752,-0.0743,0.0391,0.0362,0.1319,0.1065,0.0391,-0.0342,-0.0625,-0.0635
2.5150,-0.0591,0.0116,0.0707,-0.0649,0.0412,0.0239,0.1486,0.1413,0.0679,-0.0107,-0.0448,-0.0517
2.5175,-0.0381,0.0248,0.0630,-0.0506,0.0441,0.0068,0.1527,0.1645,0.0953,0.0207,-0.0195,-0.0313
2.5200,-0.0106,0.0408,0.0514,-0.0309,0.0466,-0.0146,0.1408,0.1692,0.1185,0.0578,0.0146,0.0000
2.5225,0.0254,0.0586,0.0332,-0.0039,0.0459,-0.0420,0.1114,0.1524,0.1358,0.0997,0.0606,0.0420
2.5250,0.0717,0.0754,0.0037,0.0339,0.0398,-0.0735,0.0658,0.1177,0.1508,0.1487,0.1167,0.0917
2.5275,0.1243,0.0878,-0.0365,0.0807,0.0264,-0.1049,0.0093,0.0695,0.1646,0.2073,0.1786,0.1468
2.5300,0.1763,0.0944,-0.0820,0.1295,0.0065,-0.1347,-0.0556,0.0210,0.1791,0.2741,0.2436,0.2052
2.5325,0.2248,0.0958,-0.1290,0.1769,-0.0166,-0.1603,-0.1231,-0.0166,0.1964,0.3430,0.3049,0.2590
2.5350,0.2647,0.0951,-0.1696,0.2175,-0.0368,-0.1791,-0.1831,-0.0461,0.2140,0.4043,0.3516,0.2986
2.5375,0.2876,0.0934,-0.1943,0.2415,-0.0502,-0.1897,-0.2298,-0.0697,0.2257,0.4468,0.3759,0.3197
2.5400,0.2897,0.0851,-0.2046,0.2476,-0.0597,-0.1869,-0.2605,-0.0878,0.2224,0.4578,0.3711,0.3183
2.5425,0.2726,0.0674,-0.2052,0.2394,-0.0684,-0.1691,-0.2765,-0.1055,0.1954,0.4280,0.3342,0.2912
2.5450,0.2384,0.0440,-0.1944,0.2165,-0.0747,-0.1406,-0.2821,-0.1264,0.1421,0.3575,0.2695,0.2419
2.5475,0.1916,0.0159,-0.1757,0.1838,-0.0794,-0.1031,-0.2759,-0.1489,0.0688,0.2563,0.1873,0.1783
2.5500,0.1403,-0.0151,-0.1553,0.1484,-0.0848,-0.0616,-0.2578,-0.1679,-0.0085,0.1430,0.1043,0.1106
2.5525,0.0919,-0.0401,-0.1319,0.1124,-0.0860,-0.0254,-0.2316,-0.1788,-0.0743,0.0381,0.0362,0.0508
2.5550,0.0513,-0.0545,-0.1058,0.0790,-0.0798,0.0024,-0.2000,-0.1788,-0.1206,-0.0427,-0.0107,0.0081
2.5575,0.0217,-0.0621,-0.0838,0.0533,-0.0724,0.0214,-0.1655,-0.1662,-0.1439,-0.0906,-0.0360,-0.0166
2.5600,0.0041,-0.0627,-0.0668,0.0359,-0.0643,0.0302,-0.1317,-0.1428,-0.1445,-0.1053,-0.0426,-0.0280
2.5625,-0.0049,-0.0547,-0.0498,0.0225,-0.0518,0.0303,-0.1006,-0.1134,-0.1261,-0.0967,-0.0371,-0.0293
2.5650,-0.0087,-0.0441,-0.0354,0.0132,-0.0393,0.0268,-0.0730,-0.0811,-0.0965,-0.0783,-0.0264,-0.0244
2.5675,-0.0080,-0.0356,-0.0276,0.0102,-0.0311,0.0227,-0.0487,-0.0504,-0.0668,-0.0577,-0.0160,-0.0196
2.5700,-0.0069,-0.0278,-0.0209,0.0074,-0.0239,0.0181,-0.0292,-0.0279,-0.0445,-0.0397,-0.0110,-0.0172
2.5725,-0.0078,-0.0215,-0.0137,0.0029,-0.0176,0.0147,-0.0156,-0.0147,-0.0303,-0.0274,-0.0107,-0.0166
2.5750,-0.0092,-0.0189,-0.0097,0.0005,-0.0144,0.0143,-0.0076,-0.0066,-0.0217,-0.0216,-0.0122,-0.0169
2.5775,-0.0117,-0.0179,-0.0061,-0.0021,-0.0119,0.0155,-0.0028,-0.0030,-0.0161,-0.0198,-0.0144,-0.0159
2.5800,-0.0145,-0.0159,-0.0014,-0.0062,-0.0087,0.0155,0.0017,-0.0030,-0.0131,-0.0198,-0.0161,-0.0164
2.5825,-0.0137,-0.0137,0.0000,-0.0068,-0.0068,0.0137,0.0059,-0.0029,-0.0137,-0.0205,-0.0156,-0.0195
2.5850,-0.0123,-0.0121,0.0002,-0.0063,-0.0055,0.0125,0.0078,-0.0027,-0.0161,-0.0208,-0.0154,-0.0202
2.5875,-0.0147,-0.0111,0.0036,-0.0089,-0.0032,0.0137,0.0078,-0.0035,-0.0167,-0.0195,-0.0163,-0.0184
2.5900,-0.0171,-0.0106,0.0064,-0.0112,-0.0016,0.0148,0.0082,-0.0036,-0.0147,-0.0183,-0.0166,-0.0192
2.5925,-0.0166,-0.0107,0.0059,-0.0107,-0.0020,0.0147,0.0098,-0.0020,-0.0127,-0.0186,-0.0166,-0.0215
2.5950,-0.0165,-0.0109,0.0056,-0.0105,-0.0022,0.0146,0.0113,-0.0003,-0.0125,-0.0187,-0.0174,-0.0217
2.5975,-0.0167,-0.0099,0.0068,-0.0112,-0.0010,0.0143,0.0124,0.0006,-0.0123,-0.0183,-0.0177,-0.0212
2.6000,-0.0166,-0.0083,0.0083,-0.0121,0.0004,0.0133,0.0128,0.0012,-0.0097,-0.0187,-0.0175,-0.0218
2.6025,-0.0176,-0.0078,0.0098,-0.0137,0.0010,0.0127,0.0127,0.0020,-0.0078,-0.0186,-0.0176,-0.0225
2.6050,-0.0179,-0.0079,0.0100,-0.0141,0.0009,0.0127,0.0127,0.0027,-0.0086,-0.0171,-0.0170,-0.0220
2.6075,-0.0167,-0.0073,0.0094,-0.0127,0.0014,0.0127,0.0130,0.0034,-0.0082,-0.0156,-0.0159,-0.0203
2.6100,-0.0169,-0.0068,0.0101,-0.0131,0.0021,0.0126,0.0141,0.0042,-0.0062,-0.0141,-0.0157,-0.0194
2.6125,-0.0176,-0.0078,0.0098,-0.0137,0.0010,0.0127,0.0147,0.0049,-0.0059,-0.0127,-0.0166,-0.0195
2.6150,-0.0168,-0.0095,0.0072,-0.0121,-0.0008,0.0134,0.0145,0.0055,-0.0061,-0.0126,-0.0175,-0.0195
2.6175,-0.0169,-0.0095,0.0074,-0.0119,-0.0006,0.0139,0.0155,0.0066,-0.0046,-0.0128,-0.0173,-0.0196
2.6200,-0.0178,-0.0086,0.0092,-0.0130,0.0002,0.0135,0.0169,0.0067,-0.0022,-0.0126,-0.0164,-0.0194
2.6225,-0.0176,-0.0088,0.0088,-0.0127,0.0000,0.0137,0.0166,0.0068,-0.0010,-0.0127,-0.0166,-0.0195
2.6250,-0.0169,-0.0090,0.0079,-0.0120,-0.0001,0.0139,0.0164,0.0090,-0.0010,-0.0123,-0.0170,-0.0198
2.6275,-0.0159,-0.0079,0.0080,-0.0114,0.0002,0.0127,0.0168,0.0105,-0.0006,-0.0102,-0.0152,-0.0184
2.6300,-0.0158,-0.0064,0.0094,-0.0122,0.0016,0.0115,0.0164,0.0110,0.0002,-0.0083,-0.0132,-0.0175
2.6325,-0.0166,-0.0059,0.0107,-0.0137,0.0029,0.0117,0.0166,0.0127,0.0000,-0.0068,-0.0127,-0.0176
2.6350,-0.0154,-0.0065,0.0089,-0.0119,0.0017,0.0118,0.0182,0.0137,-0.0002,-0.0051,-0.0120,-0.0155
2.6375,-0.0133,-0.0072,0.0062,-0.0090,-0.0001,0.0114,0.0187,0.0135,0.0011,-0.0049,-0.0114,-0.0136
2.6400,-0.0126,-0.0065,0.0061,-0.0091,0.0003,0.0103,0.0186,0.0140,0.0038,-0.0045,-0.0119,-0.0139
2.6425,-0.0127,-0.0059,0.0068,-0.0098,0.0010,0.0098,0.0195,0.0156,0.0049,-0.0029,-0.0117,-0.0137
2.6450,-0.0128,-0.0066,0.0062,-0.0090,0.0002,0.0106,0.0198,0.0172,0.0040,-0.0033,-0.0109,-0.0128
2.6475,-0.0125,-0.0067,0.0058,-0.0089,0.0002,0.0104,0.0191,0.0183,0.0046,-0.0049,-0.0108,-0.0130
2.6500,-0.0129,-0.0054,0.0075,-0.0102,0.0014,0.0096,0.0202,0.0202,0.0063,-0.0046,-0.0106,-0.0140
2.6525,-0.0137,-0.0049,0.0088,-0.0107,0.0020,0.0098,0.0225,0.0215,0.0068,-0.0029,-0.0107,-0.0147
2.6550,-0.0137,-0.0044,0.0093,-0.0113,0.0025,0.0092,0.0227,0.0207,0.0080,-0.0014,-0.0117,-0.0154
2.6575,-0.0138,-0.0027,0.0111,-0.0126,0.0041,0.0080,0.0221,0.0210,0.0103,-0.0004,-0.0110,-0.0159
2.6600,-0.0134,-0.0020,0.0115,-0.0123,0.0049,0.0080,0.0228,0.0232,0.0105,0.0002,-0.0092,-0.0154
2.6625,-0.0127,-0.0029,0.0098,-0.0107,0.0039,0.0088,0.0235,0.0244,0.0098,0.0010,-0.0078,-0.0147
2.6650,-0.0133,-0.0031,0.0102,-0.0113,0.0037,0.0089,0.0233,0.0250,0.0110,0.0023,-0.0069,-0.0135
2.6675,-0.0137,-0.0027,0.0110,-0.0120,0.0043,0.0087,0.0242,0.0267,0.0128,0.0042,-0.0070,-0.0109
2.6700,-0.0120,-0.0031,0.0089,-0.0099,0.0035,0.0087,0.0259,0.0290,0.0141,0.0049,-0.0064,-0.0096
2.6725,-0.0107,-0.0029,0.0078,-0.0088,0.0029,0.0078,0.0264,0.0303,0.0156,0.0049,-0.0049,-0.0098
2.6750,-0.0114,-0.0020,0.0094,-0.0104,0.0037,0.0068,0.0255,0.0309,0.0171,0.0062,-0.0055,-0.0097
2.6775,-0.0120,-0.0023,0.0096,-0.0105,0.0036,0.0074,0.0256,0.0322,0.0183,0.0077,-0.0059,-0.0101
2.6800,-0.0114,-0.0030,0.0084,-0.0095,0.0027,0.0076,0.0267,0.0336,0.0185,0.0077,-0.0042,-0.0091
2.6825,-0.0098,-0.0020,0.0078,-0.0088,0.0029,0.0059,0.0274,0.0342,0.0186,0.0078,-0.0029,-0.0068
2.6850,-0.0074,-0.0003,0.0071,-0.0072,0.0037,0.0042,0.0273,0.0347,0.0200,0.0092,-0.0029,-0.0073
2.6875,-0.0066,0.0002,0.0067,-0.0067,0.0041,0.0037,0.0274,0.0365,0.0210,0.0108,-0.0026,-0.0082
2.6900,-0.0069,-0.0002,0.0067,-0.0066,0.0036,0.0040,0.0273,0.0388,0.0219,0.0122,-0.0016,-0.0076
2.6925,-0.0059,-0.0010,0.0049,-0.0049,0.0020,0.0039,0.0274,0.0410,0.0235,0.0137,-0.0010,-0.0078
2.6950,-0.0042,-0.0018,0.0024,-0.0032,0.0002,0.0031,0.0287,0.0432,0.0248,0.0146,-0.0004,-0.0080
2.6975,-0.0037,-0.0017,0.0020,-0.0026,0.0002,0.0029,0.0305,0.0450,0.0268,0.0144,0.0007,-0.0074
2.7000,-0.0040,-0.0006,0.0035,-0.0033,0.0014,0.0028,0.0314,0.0463,0.0288,0.0152,0.0009,-0.0064
2.7025,-0.0039,-0.0000,0.0039,-0.0039,0.0020,0.0020,0.0313,0.0479,0.0293,0.0186,0.0010,-0.0039
2.7050,-0.0026,-0.0001,0.0025,-0.0026,0.0012,0.0013,0.0311,0.0500,0.0304,0.0219,0.0024,-0.0020
2.7075,-0.0008,0.0007,0.0015,-0.0012,0.0011,0.0000,0.0315,0.0520,0.0330,0.0229,0.0034,-0.0026
2.7100,0.0004,0.0027,0.0023,-0.0009,0.0025,-0.0014,0.0309,0.0530,0.0345,0.0240,0.0025,-0.0027
2.7125,0.0020,0.0049,0.0029,-0.0000,0.0039,-0.0029,0.0303,0.0547,0.0352,0.0264,0.0020,-0.0010
2.7150,0.0037,0.0059,0.0023,0.0009,0.0040,-0.0047,0.0323,0.0577,0.0365,0.0286,0.0032,-0.0001
2.7175,0.0037,0.0051,0.0015,0.0010,0.0035,-0.0043,0.0345,0.0597,0.0384,0.0304,0.0055,0.0004
2.7200,0.0027,0.0033,0.0006,0.0011,0.0025,-0.0023,0.0353,0.0612,0.0409,0.0315,0.0074,0.0012
2.7225,0.0029,0.0020,-0.0010,0.0020,0.0010,-0.0020,0.0362,0.0645,0.0430,0.0322,0.0088,0.0020
2.7250,0.0043,0.0018,-0.0025,0.0034,0.0001,-0.0027,0.0369,0.0676,0.0437,0.0337,0.0103,0.0035
2.7275,0.0059,0.0021,-0.0038,0.0048,-0.0002,-0.0033,0.0375,0.0696,0.0447,0.0350,0.0116,0.0044
2.7300,0.0074,0.0018,-0.0056,0.0065,-0.0016,-0.0043,0.0384,0.0723,0.0465,0.0369,0.0133,0.0054
2.7325,0.0098,0.0020,-0.0078,0.0088,-0.0029,-0.0059,0.0391,0.0752,0.0489,0.0401,0.0156,0.0078
2.7350,0.0134,0.0033,-0.0101,0.0117,-0.0029,-0.0079,0.0390,0.0780,0.0523,0.0424,0.0172,0.0101
2.7375,0.0166,0.0049,-0.0117,0.0141,-0.0031,-0.0105,0.0398,0.0816,0.0561,0.0442,0.0183,0.0119
2.7400,0.0178,0.0064,-0.0114,0.0146,-0.0025,-0.0121,0.0415,0.0849,0.0581,0.0468,0.0204,0.0129
2.7425,0.0186,0.0078,-0.0107,0.0147,-0.0010,-0.0127,0.0420,0.0870,0.0596,0.0498,0.0235,0.0137
2.7450,0.0212,0.0080,-0.0132,0.0171,-0.0020,-0.0141,0.0412,0.0890,0.0617,0.0527,0.0245,0.0151
2.7475,0.0249,0.0078,-0.0170,0.0212,-0.0042,-0.0157,0.0412,0.0917,0.0639,0.0554,0.0242,0.0165
2.7500,0.0268,0.0095,-0.0173,0.0226,-0.0034,-0.0171,0.0425,0.0948,0.0662,0.0572,0.0265,0.0183
2.7525,0.0283,0.0107,-0.0176,0.0235,-0.0029,-0.0186,0.0440,0.0977,0.0684,0.0596,0.0303,0.0205
2.7550,0.0307,0.0099,-0.0208,0.0259,-0.0053,-0.0200,0.0441,0.0998,0.0698,0.0639,0.0325,0.0219
2.7575,0.0319,0.0104,-0.0216,0.0266,-0.0058,-0.0215,0.0437,0.1027,0.0715,0.0678,0.0350,0.0241
2.7600,0.0343,0.0123,-0.0220,0.0283,-0.0047,-0.0229,0.0442,0.1068,0.0742,0.0699,0.0381,0.0275
2.7625,0.0381,0.0127,-0.0254,0.0322,-0.0059,-0.0244,0.0450,0.1094,0.0772,0.0723,0.0410,0.0303
2.7650,0.0403,0.0131,-0.0272,0.0338,-0.0070,-0.0265,0.0450,0.1099,0.0802,0.0771,0.0442,0.0331
2.7675,0.0432,0.0153,-0.0279,0.0358,-0.0062,-0.0289,0.0447,0.1120,0.0825,0.0829,0.0458,0.0362
2.7700,0.0471,0.0170,-0.0301,0.0391,-0.0060,-0.0310,0.0433,0.1153,0.0847,0.0870,0.0478,0.0390
2.7725,0.0498,0.0176,-0.0322,0.0410,-0.0068,-0.0332,0.0410,0.1173,0.0870,0.0899,0.0518,0.0420
2.7750,0.0520,0.0189,-0.0331,0.0425,-0.0071,-0.0355,0.0406,0.1180,0.0896,0.0934,0.0548,0.0449
2.7775,0.0541,0.0207,-0.0334,0.0438,-0.0062,-0.0372,0.0420,0.1187,0.0935,0.0975,0.0575,0.0479
2.7800,0.0566,0.0219,-0.0348,0.0457,-0.0058,-0.0386,0.0415,0.1210,0.0964,0.1023,0.0605,0.0507
2.7825,0.0596,0.0235,-0.0362,0.0479,-0.0059,-0.0410,0.0401,0.1231,0.0977,0.1065,0.0625,0.0528
2.7850,0.0617,0.0251,-0.0366,0.0491,-0.0058,-0.0435,0.0401,0.1236,0.0998,0.1069,0.0646,0.0535
2.7875,0.0647,0.0257,-0.0390,0.0522,-0.0063,-0.0446,0.0392,0.1253,0.1017,0.1056,0.0672,0.0546
2.7900,0.0685,0.0269,-0.0416,0.0555,-0.0069,-0.0469,0.0376,0.1258,0.1029,0.1076,0.0705,0.0581
2.7925,0.0704,0.0293,-0.0410,0.0557,-0.0059,-0.0498,0.0362,0.1241,0.1036,0.1124,0.0733,0.0625
2.7950,0.0709,0.0304,-0.0406,0.0561,-0.0048,-0.0500,0.0338,0.1233,0.1034,0.1163,0.0753,0.0643
2.7975,0.0723,0.0300,-0.0423,0.0578,-0.0055,-0.0499,0.0326,0.1221,0.1044,0.1187,0.0783,0.0649
2.8000,0.0736,0.0307,-0.0429,0.0588,-0.0058,-0.0513,0.0318,0.1208,0.1058,0.1209,0.0805,0.0676
2.8025,0.0743,0.0322,-0.0420,0.0586,-0.0049,-0.0528,0.0293,0.1202,0.1065,0.1231,0.0811,0.0713
2.8050,0.0755,0.0330,-0.0425,0.0591,-0.0048,-0.0543,0.0270,0.1181,0.1073,0.1247,0.0831,0.0731
2.8075,0.0772,0.0337,-0.0435,0.0606,-0.0047,-0.0550,0.0253,0.1151,0.1068,0.1253,0.0857,0.0732
2.8100,0.0767,0.0344,-0.0423,0.0600,-0.0034,-0.0545,0.0240,0.1105,0.1048,0.1248,0.0873,0.0734
2.8125,0.0752,0.0352,-0.0401,0.0577,-0.0020,-0.0547,0.0225,0.1055,0.1036,0.1251,0.0870,0.0743
2.8150,0.0746,0.0373,-0.0374,0.0563,-0.0000,-0.0556,0.0202,0.1032,0.1022,0.1260,0.0846,0.0744
2.8175,0.0728,0.0394,-0.0335,0.0538,0.0032,-0.0553,0.0182,0.1004,0.0998,0.1252,0.0836,0.0734
2.8200,0.0707,0.0402,-0.0305,0.0510,0.0053,-0.0545,0.0156,0.0945,0.0965,0.1234,0.0840,0.0716
2.8225,0.0684,0.0401,-0.0283,0.0489,0.0059,-0.0537,0.0127,0.0879,0.0928,0.1212,0.0821,0.0694
2.8250,0.0641,0.0393,-0.0248,0.0446,0.0071,-0.0516,0.0117,0.0825,0.0892,0.1163,0.0783,0.0666
2.8275,0.0599,0.0389,-0.0210,0.0403,0.0093,-0.0493,0.0118,0.0783,0.0853,0.1107,0.0750,0.0630
2.8300,0.0563,0.0391,-0.0172,0.0370,0.0114,-0.0470,0.0117,0.0732,0.0818,0.1076,0.0706,0.0594
2.8325,0.0518,0.0381,-0.0137,0.0332,0.0127,-0.0440,0.0117,0.0664,0.0772,0.1046,0.0655,0.0557
2.8350,0.0486,0.0360,-0.0126,0.0307,0.0122,-0.0416,0.0112,0.0597,0.0705,0.0983,0.0612,0.0518
2.8375,0.0460,0.0334,-0.0126,0.0292,0.0106,-0.0395,0.0096,0.0539,0.0647,0.0903,0.0558,0.0489
2.8400,0.0410,0.0301,-0.0109,0.0260,0.0095,-0.0356,0.0086,0.0492,0.0599,0.0824,0.0499,0.0456
2.8425,0.0352,0.0274,-0.0078,0.0215,0.0098,-0.0313,0.0088,0.0440,0.0547,0.0752,0.0459,0.0420
2.8450,0.0307,0.0265,-0.0042,0.0178,0.0112,-0.0283,0.0088,0.0378,0.0496,0.0692,0.0435,0.0386
2.8475,0.0258,0.0257,-0.0001,0.0137,0.0127,-0.0251,0.0089,0.0333,0.0440,0.0636,0.0423,0.0335
2.8500,0.0193,0.0237,0.0044,0.0077,0.0141,-0.0211,0.0086,0.0284,0.0383,0.0574,0.0398,0.0292
2.8525,0.0147,0.0215,0.0068,0.0039,0.0147,-0.0176,0.0078,0.0225,0.0342,0.0508,0.0342,0.0274
2.8550,0.0132,0.0193,0.0061,0.0040,0.0133,-0.0151,0.0071,0.0180,0.0301,0.0441,0.0287,0.0240
2.8575,0.0108,0.0172,0.0063,0.0025,0.0118,-0.0136,0.0062,0.0139,0.0244,0.0382,0.0250,0.0193
2.8600,0.0062,0.0148,0.0086,-0.0012,0.0119,-0.0103,0.0058,0.0109,0.0188,0.0337,0.0210,0.0153
2.8625,0.0029,0.0127,0.0098,-0.0029,0.0117,-0.0068,0.0049,0.0078,0.0156,0.0293,0.0166,0.0117
2.8650,0.0022,0.0113,0.0091,-0.0028,0.0102,-0.0061,0.0025,0.0018,0.0130,0.0235,0.0130,0.0086
2.8675,0.0007,0.0093,0.0085,-0.0037,0.0091,-0.0046,0.0019,-0.0022,0.0084,0.0177,0.0089,0.0064
2.8700,-0.0018,0.0072,0.0091,-0.0055,0.0086,-0.0023,0.0034,-0.0032,0.0033,0.0133,0.0045,0.0040
2.8725,-0.0039,0.0059,0.0098,-0.0068,0.0078,-0.0010,0.0029,-0.0049,-0.0000,0.0098,0.0020,0.0010
2.8750,-0.0061,0.0043,0.0104,-0.0082,0.0077,0.0012,0.0005,-0.0066,-0.0022,0.0062,0.0005,-0.0020
2.8775,-0.0084,0.0034,0.0118,-0.0099,0.0080,0.0030,-0.0003,-0.0070,-0.0044,0.0022,-0.0011,-0.0046
2.8800,-0.0105,0.0025,0.0130,-0.0112,0.0077,0.0045,0.0001,-0.0068,-0.0067,-0.0008,-0.0023,-0.0063
2.8825,-0.0127,0.0010,0.0137,-0.0127,0.0078,0.0068,0.0000,-0.0078,-0.0088,-0.0020,-0.0039,-0.0068
2.8850,-0.0132,0.0001,0.0133,-0.0132,0.0074,0.0072,-0.0000,-0.0109,-0.0102,-0.0032,-0.0062,-0.0068
2.8875,-0.0116,-0.0004,0.0112,-0.0112,0.0054,0.0063,0.0000,-0.0125,-0.0121,-0.0058,-0.0078,-0.0071
2.8900,-0.0124,-0.0012,0.0112,-0.0113,0.0052,0.0075,-0.0000,-0.0130,-0.0144,-0.0088,-0.0095,-0.0083
2.8925,-0.0147,-0.0010,0.0137,-0.0137,0.0068,0.0088,-0.0000,-0.0147,-0.0156,-0.0107,-0.0107,-0.0098
2.8950,-0.0141,-0.0008,0.0133,-0.0133,0.0064,0.0080,-0.0000,-0.0156,-0.0162,-0.0121,-0.0106,-0.0099
2.8975,-0.0136,-0.0019,0.0118,-0.0121,0.0051,0.0085,0.0001,-0.0155,-0.0176,-0.0140,-0.0118,-0.0095
2.9000,-0.0153,-0.0034,0.0119,-0.0132,0.0049,0.0103,-0.0002,-0.0159,-0.0188,-0.0146,-0.0126,-0.0100
2.9025,-0.0166,-0.0039,0.0127,-0.0147,0.0049,0.0107,-0.0010,-0.0176,-0.0186,-0.0137,-0.0107,-0.0107
2.9050,-0.0168,-0.0039,0.0129,-0.0150,0.0050,0.0107,-0.0011,-0.0181,-0.0178,-0.0134,-0.0097,-0.0102
2.9075,-0.0160,-0.0043,0.0118,-0.0136,0.0041,0.0108,-0.0005,-0.0162,-0.0174,-0.0143,-0.0102,-0.0090
2.9100,-0.0156,-0.0052,0.0104,-0.0125,0.0025,0.0108,0.0001,-0.0159,-0.0178,-0.0146,-0.0111,-0.0088
2.9125,-0.0156,-0.0059,0.0098,-0.0127,0.0020,0.0107,-0.0000,-0.0176,-0.0186,-0.0137,-0.0117,-0.0088
2.9150,-0.0149,-0.0058,0.0090,-0.0121,0.0020,0.0106,-0.0008,-0.0177,-0.0193,-0.0133,-0.0116,-0.0085
2.9175,-0.0145,-0.0062,0.0083,-0.0110,0.0016,0.0113,-0.0011,-0.0176,-0.0201,-0.0149,-0.0123,-0.0098
2.9200,-0.0147,-0.0072,0.0075,-0.0107,0.0006,0.0118,-0.0009,-0.0174,-0.0206,-0.0156,-0.0127,-0.0109
2.9225,-0.0147,-0.0078,0.0068,-0.0107,0.0000,0.0117,-0.0010,-0.0166,-0.0205,-0.0156,-0.0127,-0.0107
2.9250,-0.0146,-0.0072,0.0074,-0.0107,0.0006,0.0118,-0.0011,-0.0172,-0.0203,-0.0177,-0.0142,-0.0113
2.9275,-0.0149,-0.0059,0.0090,-0.0113,0.0018,0.0112,-0.0005,-0.0181,-0.0213,-0.0195,-0.0152,-0.0123
2.9300,-0.0161,-0.0045,0.0116,-0.0135,0.0036,0.0106,0.0000,-0.0188,-0.0230,-0.0194,-0.0159,-0.0128
2.9325,-0.0166,-0.0039,0.0127,-0.0147,0.0049,0.0107,-0.0010,-0.0195,-0.0235,-0.0195,-0.0166,-0.0127
2.9350,-0.0150,-0.0040,0.0111,-0.0131,0.0042,0.0101,-0.0021,-0.0189,-0.0226,-0.0203,-0.0158,-0.0125
2.9375,-0.0147,-0.0037,0.0110,-0.0129,0.0038,0.0093,-0.0011,-0.0182,-0.0227,-0.0207,-0.0159,-0.0134
2.9400,-0.0161,-0.0043,0.0118,-0.0139,0.0038,0.0103,0.0003,-0.0189,-0.0237,-0.0202,-0.0169,-0.0135
2.9425,-0.0166,-0.0059,0.0107,-0.0137,0.0029,0.0117,0.0000,-0.0195,-0.0235,-0.0195,-0.0176,-0.0127
2.9450,-0.0166,-0.0061,0.0105,-0.0136,0.0027,0.0118,-0.0002,-0.0195,-0.0225,-0.0201,-0.0178,-0.0134
2.9475,-0.0165,-0.0055,0.0110,-0.0137,0.0032,0.0116,0.0006,-0.0195,-0.0228,-0.0211,-0.0168,-0.0138
2.9500,-0.0167,-0.0063,0.0105,-0.0137,0.0025,0.0119,0.0009,-0.0194,-0.0236,-0.0216,-0.0169,-0.0137
2.9525,-0.0176,-0.0078,0.0098,-0.0137,0.0010,0.0127,-0.0000,-0.0186,-0.0235,-0.0215,-0.0186,-0.0137
2.9550,-0.0178,-0.0087,0.0091,-0.0131,0.0001,0.0135,-0.0003,-0.0183,-0.0227,-0.0207,-0.0187,-0.0129
2.9575,-0.0170,-0.0088,0.0082,-0.0120,-0.0000,0.0137,0.0007,-0.0193,-0.0223,-0.0203,-0.0186,-0.0129
2.9600,-0.0166,-0.0088,0.0078,-0.0117,0.0000,0.0137,0.0008,-0.0193,-0.0226,-0.0207,-0.0182,-0.0139
2.9625,-0.0166,-0.0088,0.0078,-0.0117,-0.0000,0.0137,0.0000,-0.0186,-0.0225,-0.0215,-0.0166,-0.0137
2.9650,-0.0166,-0.0088,0.0078,-0.0117,-0.0000,0.0136,-0.0001,-0.0192,-0.0222,-0.0223,-0.0169,-0.0128
2.9675,-0.0167,-0.0088,0.0079,-0.0117,-0.0000,0.0138,0.0001,-0.0198,-0.0234,-0.0225,-0.0187,-0.0126
2.9700,-0.0165,-0.0087,0.0078,-0.0118,0.0001,0.0134,-0.0001,-0.0194,-0.0246,-0.0225,-0.0181,-0.0128
2.9725,-0.0166,-0.0078,0.0088,-0.0127,0.0010,0.0127,0.0000,-0.0195,-0.0244,-0.0225,-0.0166,-0.0127
2.9750,-0.0175,-0.0069,0.0106,-0.0136,0.0019,0.0127,0.0001,-0.0202,-0.0243,-0.0222,-0.0165,-0.0120
2.9775,-0.0172,-0.0073,0.0099,-0.0132,0.0015,0.0127,-0.0001,-0.0212,-0.0245,-0.0234,-0.0169,-0.0114
2.9800,-0.0165,-0.0080,0.0085,-0.0126,0.0009,0.0128,0.0001,-0.0213,-0.0244,-0.0247,-0.0180,-0.0120
2.9825,-0.0166,-0.0078,0.0088,-0.0127,0.0010,0.0127,-0.0000,-0.0195,-0.0244,-0.0254,-0.0186,-0.0127
2.9850,-0.0160,-0.0078,0.0082,-0.0121,0.0003,0.0119,-0.0009,-0.0183,-0.0244,-0.0269,-0.0176,-0.0127
2.9875,-0.0153,-0.0076,0.0077,-0.0112,-0.0000,0.0116,-0.0007,-0.0196,-0.0244,-0.0276,-0.0184,-0.0127
2.9900,-0.0160,-0.0064,0.0096,-0.0123,0.0017,0.0117,0.0002,-0.0207,-0.0244,-0.0272,-0.0198,-0.0126
2.9925,-0.0166,-0.0059,0.0107,-0.0137,0.0029,0.0117,-0.0000,-0.0205,-0.0244,-0.0274,-0.0195,-0.0127
2.9950,-0.0165,-0.0066,0.0099,-0.0130,0.0023,0.0124,-0.0002,-0.0211,-0.0245,-0.0281,-0.0195,-0.0135
2.9975,-0.0170,-0.0070,0.0100,-0.0127,0.0017,0.0129,0.0003,-0.0222,-0.0242,-0.0285,-0.0191,-0.0136
3.0000,-0.0179,-0.0067,0.0111,-0.0143,0.0023,0.0126,-0.0004,-0.0224,-0.0247,-0.0281,-0.0185,-0.0122
3.0025,-0.0186,-0.0059,0.0127,-0.0156,0.0039,0.0127,-0.0010,-0.0225,-0.0254,-0.0274,-0.0195,-0.0117
3.0050,-0.0187,-0.0048,0.0139,-0.0158,0.0052,0.0128,-0.0002,-0.0232,-0.0252,-0.0279,-0.0205,-0.0131
3.0075,-0.0180,-0.0061,0.0120,-0.0148,0.0031,0.0124,0.0000,-0.0237,-0.0261,-0.0291,-0.0204,-0.0144
3.0100,-0.0175,-0.0085,0.0090,-0.0132,0.0003,0.0130,0.0001,-0.0233,-0.0261,-0.0292,-0.0206,-0.0147
3.0125,-0.0176,-0.0088,0.0088,-0.0127,-0.0000,0.0137,-0.0000,-0.0235,-0.0254,-0.0293,-0.0205,-0.0147
3.0150,-0.0175,-0.0080,0.0095,-0.0134,0.0007,0.0129,-0.0015,-0.0249,-0.0268,-0.0295,-0.0196,-0.0139
3.0175,-0.0180,-0.0077,0.0102,-0.0142,0.0015,0.0130,-0.0022,-0.0257,-0.0277,-0.0289,-0.0199,-0.0132
3.0200,-0.0187,-0.0078,0.0109,-0.0148,0.0021,0.0139,-0.0019,-0.0251,-0.0272,-0.0300,-0.0208,-0.0125
3.0225,-0.0186,-0.0078,0.0107,-0.0147,0.0020,0.0137,-0.0020,-0.0244,-0.0274,-0.0322,-0.0215,-0.0127
3.0250,-0.0178,-0.0078,0.0100,-0.0139,0.0012,0.0129,-0.0013,-0.0249,-0.0280,-0.0318,-0.0223,-0.0136
3.0275,-0.0173,-0.0079,0.0094,-0.0134,0.0006,0.0125,-0.0007,-0.0262,-0.0290,-0.0307,-0.0221,-0.0132
3.0300,-0.0178,-0.0076,0.0102,-0.0139,0.0014,0.0130,-0.0012,-0.0261,-0.0292,-0.0318,-0.0214,-0.0127
3.0325,-0.0186,-0.0068,0.0117,-0.0147,0.0029,0.0137,-0.0020,-0.0254,-0.0283,-0.0332,-0.0225,-0.0137
3.0350,-0.0186,-0.0067,0.0119,-0.0147,0.0031,0.0136,-0.0027,-0.0261,-0.0289,-0.0340,-0.0236,-0.0145
3.0375,-0.0186,-0.0071,0.0115,-0.0145,0.0028,0.0139,-0.0032,-0.0268,-0.0297,-0.0346,-0.0227,-0.0150
3.0400,-0.0184,-0.0066,0.0118,-0.0147,0.0031,0.0133,-0.0028,-0.0278,-0.0289,-0.0354,-0.0226,-0.0159
3.0425,-0.0176,-0.0059,0.0117,-0.0147,0.0029,0.0117,-0.0029,-0.0293,-0.0293,-0.0352,-0.0235,-0.0156
3.0450,-0.0174,-0.0065,0.0109,-0.0138,0.0021,0.0122,-0.0038,-0.0294,-0.0317,-0.0341,-0.0234,-0.0147
3.0475,-0.0181,-0.0072,0.0109,-0.0139,0.0021,0.0136,-0.0041,-0.0294,-0.0324,-0.0350,-0.0239,-0.0151
3.0500,-0.0187,-0.0065,0.0122,-0.0151,0.0034,0.0135,-0.0056,-0.0308,-0.0323,-0.0365,-0.0244,-0.0158
3.0525,-0.0186,-0.0059,0.0127,-0.0156,0.0039,0.0127,-0.0068,-0.0313,-0.0332,-0.0371,-0.0235,-0.0156
3.0550,-0.0185,-0.0059,0.0126,-0.0155,0.0037,0.0126,-0.0048,-0.0304,-0.0332,-0.0385,-0.0226,-0.0156
3.0575,-0.0187,-0.0057,0.0130,-0.0159,0.0043,0.0128,-0.0030,-0.0306,-0.0335,-0.0395,-0.0226,-0.0156
3.0600,-0.0183,-0.0062,0.0121,-0.0152,0.0032,0.0126,-0.0030,-0.0316,-0.0344,-0.0386,-0.0241,-0.0156
3.0625,-0.0176,-0.0078,0.0098,-0.0137,0.0010,0.0127,-0.0029,-0.0322,-0.0342,-0.0381,-0.0264,-0.0156
3.0650,-0.0181,-0.0081,0.0100,-0.0141,0.0014,0.0135,-0.0036,-0.0324,-0.0340,-0.0394,-0.0266,-0.0155
3.0675,-0.0193,-0.0072,0.0121,-0.0155,0.0027,0.0138,-0.0041,-0.0316,-0.0347,-0.0412,-0.0260,-0.0164
3.0700,-0.0194,-0.0067,0.0127,-0.0156,0.0030,0.0135,-0.0038,-0.0313,-0.0353,-0.0422,-0.0267,-0.0181
3.0725,-0.0186,-0.0059,0.0127,-0.0156,0.0039,0.0127,-0.0039,-0.0322,-0.0362,-0.0420,-0.0274,-0.0186
3.0750,-0.0184,-0.0055,0.0129,-0.0158,0.0043,0.0124,-0.0040,-0.0330,-0.0364,-0.0418,-0.0273,-0.0178
3.0775,-0.0187,-0.0072,0.0115,-0.0147,0.0025,0.0138,-0.0041,-0.0334,-0.0353,-0.0426,-0.0277,-0.0175
3.0800,-0.0184,-0.0094,0.0090,-0.0134,0.0004,0.0148,-0.0054,-0.0329,-0.0354,-0.0430,-0.0287,-0.0176
3.0825,-0.0186,-0.0098,0.0088,-0.0137,0.0000,0.0147,-0.0059,-0.0322,-0.0362,-0.0430,-0.0293,-0.0176
3.0850,-0.0194,-0.0090,0.0105,-0.0145,0.0008,0.0147,-0.0049,-0.0335,-0.0353,-0.0431,-0.0288,-0.0176
3.0875,-0.0192,-0.0084,0.0107,-0.0147,0.0013,0.0142,-0.0054,-0.0348,-0.0356,-0.0420,-0.0272,-0.0173
3.0900,-0.0184,-0.0074,0.0110,-0.0146,0.0023,0.0135,-0.0057,-0.0335,-0.0361,-0.0407,-0.0262,-0.0162
3.0925,-0.0186,-0.0068,0.0117,-0.0147,0.0029,0.0137,-0.0049,-0.0322,-0.0352,-0.0410,-0.0274,-0.0156
3.0950,-0.0186,-0.0076,0.0110,-0.0147,0.0022,0.0138,-0.0056,-0.0329,-0.0350,-0.0418,-0.0291,-0.0163
3.0975,-0.0184,-0.0079,0.0105,-0.0146,0.0019,0.0136,-0.0057,-0.0334,-0.0354,-0.0422,-0.0291,-0.0170
3.1000,-0.0188,-0.0079,0.0109,-0.0148,0.0019,0.0138,-0.0046,-0.0331,-0.0367,-0.0418,-0.0279,-0.0162
3.1025,-0.0195,-0.0078,0.0117,-0.0156,0.0020,0.0137,-0.0049,-0.0332,-0.0381,-0.0420,-0.0274,-0.0156
3.1050,-0.0197,-0.0064,0.0133,-0.0166,0.0034,0.0129,-0.0057,-0.0339,-0.0380,-0.0443,-0.0273,-0.0158
3.1075,-0.0190,-0.0054,0.0136,-0.0162,0.0044,0.0125,-0.0063,-0.0347,-0.0386,-0.0453,-0.0273,-0.0149
3.1100,-0.0185,-0.0063,0.0121,-0.0153,0.0034,0.0129,-0.0071,-0.0354,-0.0390,-0.0447,-0.0274,-0.0149
3.1125,-0.0186,-0.0078,0.0107,-0.0147,0.0020,0.0137,-0.0078,-0.0362,-0.0381,-0.0450,-0.0283,-0.0166
3.1150,-0.0185,-0.0081,0.0104,-0.0144,0.0016,0.0139,-0.0081,-0.0364,-0.0386,-0.0457,-0.0299,-0.0169
3.1175,-0.0189,-0.0068,0.0122,-0.0156,0.0030,0.0131,-0.0069,-0.0352,-0.0394,-0.0460,-0.0304,-0.0160
3.1200,-0.0197,-0.0057,0.0140,-0.0168,0.0041,0.0127,-0.0056,-0.0338,-0.0387,-0.0457,-0.0285,-0.0155
3.1225,-0.0195,-0.0068,0.0127,-0.0156,0.0029,0.0137,-0.0059,-0.0342,-0.0381,-0.0450,-0.0274,-0.0156
3.1250,-0.0187,-0.0085,0.0102,-0.0139,0.0012,0.0145,-0.0067,-0.0351,-0.0374,-0.0441,-0.0288,-0.0165
3.1275,-0.0185,-0.0089,0.0096,-0.0136,0.0009,0.0147,-0.0067,-0.0347,-0.0367,-0.0438,-0.0293,-0.0165
3.1300,-0.0185,-0.0088,0.0098,-0.0137,0.0010,0.0146,-0.0054,-0.0341,-0.0375,-0.0441,-0.0278,-0.0169
3.1325,-0.0186,-0.0088,0.0098,-0.0137,0.0010,0.0147,-0.0049,-0.0352,-0.0381,-0.0450,-0.0274,-0.0176
3.1350,-0.0192,-0.0087,0.0105,-0.0143,0.0011,0.0147,-0.0058,-0.0361,-0.0372,-0.0458,-0.0275,-0.0163
3.1375,-0.0198,-0.0093,0.0105,-0.0150,0.0005,0.0146,-0.0055,-0.0357,-0.0375,-0.0455,-0.0270,-0.0150
3.1400,-0.0192,-0.0098,0.0094,-0.0143,-0.0001,0.0147,-0.0048,-0.0350,-0.0381,-0.0447,-0.0277,-0.0162
3.1425,-0.0186,-0.0088,0.0098,-0.0137,0.0010,0.0147,-0.0059,-0.0352,-0.0371,-0.0450,-0.0283,-0.0176
3.1450,-0.0185,-0.0072,0.0114,-0.0144,0.0026,0.0139,-0.0068,-0.0352,-0.0369,-0.0457,-0.0268,-0.0176
3.1475,-0.0185,-0.0066,0.0119,-0.0147,0.0032,0.0135,-0.0068,-0.0350,-0.0376,-0.0463,-0.0264,-0.0176
3.1500,-0.0187,-0.0071,0.0116,-0.0147,0.0027,0.0137,-0.0069,-0.0354,-0.0383,-0.0471,-0.0278,-0.0174
3.1525,-0.0195,-0.0078,0.0117,-0.0156,0.0020,0.0137,-0.0068,-0.0362,-0.0391,-0.0469,-0.0283,-0.0166
3.1550,-0.0197,-0.0080,0.0118,-0.0159,0.0018,0.0136,-0.0068,-0.0363,-0.0392,-0.0460,-0.0282,-0.0165
3.1575,-0.0189,-0.0072,0.0117,-0.0150,0.0025,0.0137,-0.0068,-0.0356,-0.0385,-0.0462,-0.0285,-0.0170
3.1600,-0.0185,-0.0069,0.0116,-0.0146,0.0029,0.0136,-0.0069,-0.0350,-0.0381,-0.0472,-0.0280,-0.0179
3.1625,-0.0186,-0.0078,0.0107,-0.0147,0.0020,0.0137,-0.0078,-0.0352,-0.0391,-0.0479,-0.0274,-0.0186
3.1650,-0.0185,-0.0082,0.0103,-0.0145,0.0016,0.0137,-0.0088,-0.0359,-0.0394,-0.0480,-0.0280,-0.0186
3.1675,-0.0189,-0.0069,0.0120,-0.0151,0.0028,0.0136,-0.0082,-0.0362,-0.0379,-0.0472,-0.0286,-0.0182
3.1700,-0.0197,-0.0072,0.0125,-0.0156,0.0025,0.0139,-0.0079,-0.0361,-0.0371,-0.0470,-0.0282,-0.0172
3.1725,-0.0195,-0.0088,0.0107,-0.0147,0.0010,0.0147,-0.0088,-0.0362,-0.0381,-0.0479,-0.0283,-0.0166
3.1750,-0.0187,-0.0089,0.0098,-0.0136,0.0009,0.0148,-0.0089,-0.0362,-0.0389,-0.0479,-0.0285,-0.0180
3.1775,-0.0185,-0.0085,0.0100,-0.0141,0.0012,0.0141,-0.0087,-0.0361,-0.0393,-0.0478,-0.0277,-0.0193
3.1800,-0.0185,-0.0073,0.0113,-0.0148,0.0025,0.0135,-0.0088,-0.0362,-0.0387,-0.0478,-0.0274,-0.0195
3.1825,-0.0186,-0.0068,0.0117,-0.0147,0.0029,0.0137,-0.0088,-0.0362,-0.0381,-0.0479,-0.0283,-0.0186
3.1850,-0.0192,-0.0092,0.0101,-0.0146,0.0006,0.0144,-0.0088,-0.0361,-0.0395,-0.0480,-0.0285,-0.0175
3.1875,-0.0198,-0.0097,0.0101,-0.0147,0.0000,0.0149,-0.0088,-0.0362,-0.0404,-0.0473,-0.0280,-0.0182
3.1900,-0.0192,-0.0084,0.0108,-0.0146,0.0013,0.0144,-0.0088,-0.0361,-0.0397,-0.0468,-0.0286,-0.0184
3.1925,-0.0186,-0.0078,0.0107,-0.0147,0.0020,0.0137,-0.0088,-0.0362,-0.0391,-0.0469,-0.0283,-0.0176
3.1950,-0.0185,-0.0069,0.0116,-0.0147,0.0028,0.0136,-0.0087,-0.0363,-0.0389,-0.0468,-0.0266,-0.0176
3.1975,-0.0185,-0.0073,0.0112,-0.0145,0.0025,0.0138,-0.0090,-0.0355,-0.0396,-0.0470,-0.0271,-0.0171
3.2000,-0.0187,-0.0078,0.0108,-0.0149,0.0019,0.0136,-0.0085,-0.0352,-0.0400,-0.0466,-0.0287,-0.0167
3.2025,-0.0195,-0.0078,0.0117,-0.0156,0.0020,0.0137,-0.0078,-0.0362,-0.0391,-0.0459,-0.0283,-0.0176
3.2050,-0.0198,-0.0093,0.0104,-0.0151,0.0005,0.0145,-0.0086,-0.0364,-0.0381,-0.0466,-0.0275,-0.0171
3.2075,-0.0189,-0.0097,0.0092,-0.0138,-0.0000,0.0148,-0.0088,-0.0355,-0.0384,-0.0470,-0.0269,-0.0157
3.2100,-0.0186,-0.0084,0.0102,-0.0139,0.0015,0.0145,-0.0089,-0.0351,-0.0393,-0.0469,-0.0262,-0.0158
3.2125,-0.0186,-0.0078,0.0107,-0.0147,0.0020,0.0137,-0.0088,-0.0352,-0.0391,-0.0469,-0.0264,-0.0166
3.2150,-0.0177,-0.0065,0.0112,-0.0146,0.0024,0.0121,-0.0072,-0.0352,-0.0375,-0.0455,-0.0266,-0.0173
3.2175,-0.0179,-0.0049,0.0130,-0.0152,0.0042,0.0117,-0.0071,-0.0349,-0.0370,-0.0442,-0.0257,-0.0179
3.2200,-0.0188,-0.0053,0.0135,-0.0156,0.0048,0.0133,-0.0079,-0.0336,-0.0371,-0.0438,-0.0254,-0.0172
3.2225,-0.0186,-0.0068,0.0117,-0.0147,0.0029,0.0137,-0.0059,-0.0313,-0.0362,-0.0430,-0.0254,-0.0156
3.2250,-0.0178,-0.0066,0.0112,-0.0144,0.0023,0.0122,-0.0027,-0.0289,-0.0341,-0.0416,-0.0252,-0.0148
3.2275,-0.0173,-0.0041,0.0132,-0.0150,0.0049,0.0112,-0.0009,-0.0271,-0.0311,-0.0398,-0.0261,-0.0143
3.2300,-0.0160,-0.0028,0.0133,-0.0141,0.0056,0.0103,0.0005,-0.0242,-0.0287,-0.0389,-0.0260,-0.0133
3.2325,-0.0137,-0.0029,0.0107,-0.0117,0.0039,0.0088,0.0020,-0.0205,-0.0283,-0.0381,-0.0235,-0.0127
3.2350,-0.0125,-0.0017,0.0108,-0.0112,0.0050,0.0080,0.0034,-0.0193,-0.0283,-0.0358,-0.0217,-0.0127
3.2375,-0.0135,-0.0000,0.0135,-0.0132,0.0070,0.0074,0.0051,-0.0203,-0.0284,-0.0344,-0.0208,-0.0124
3.2400,-0.0132,-0.0002,0.0130,-0.0133,0.0064,0.0066,0.0059,-0.0202,-0.0281,-0.0339,-0.0188,-0.0112
3.2425,-0.0107,0.0000,0.0107,-0.0107,0.0059,0.0059,0.0049,-0.0186,-0.0264,-0.0322,-0.0176,-0.0098
3.2450,-0.0091,0.0022,0.0113,-0.0097,0.0073,0.0045,0.0045,-0.0177,-0.0240,-0.0305,-0.0176,-0.0089
3.2475,-0.0080,0.0038,0.0118,-0.0097,0.0082,0.0028,0.0058,-0.0173,-0.0230,-0.0302,-0.0173,-0.0087
3.2500,-0.0062,0.0038,0.0100,-0.0081,0.0074,0.0017,0.0054,-0.0162,-0.0238,-0.0301,-0.0161,-0.0088
3.2525,-0.0049,0.0029,0.0078,-0.0059,0.0059,0.0020,0.0029,-0.0156,-0.0244,-0.0283,-0.0147,-0.0078
3.2550,-0.0048,0.0015,0.0062,-0.0049,0.0044,0.0028,0.0006,-0.0163,-0.0236,-0.0265,-0.0137,-0.0054
3.2575,-0.0050,0.0003,0.0053,-0.0050,0.0032,0.0029,-0.0011,-0.0174,-0.0238,-0.0267,-0.0141,-0.0048
3.2600,-0.0048,-0.0000,0.0047,-0.0048,0.0029,0.0030,-0.0023,-0.0193,-0.0264,-0.0275,-0.0149,-0.0064
3.2625,-0.0049,0.0000,0.0049,-0.0049,0.0029,0.0029,-0.0039,-0.0215,-0.0283,-0.0283,-0.0156,-0.0068
3.2650,-0.0056,0.0001,0.0057,-0.0057,0.0029,0.0028,-0.0062,-0.0229,-0.0277,-0.0298,-0.0158,-0.0065
3.2675,-0.0062,-0.0001,0.0061,-0.0061,0.0033,0.0035,-0.0074,-0.0248,-0.0273,-0.0310,-0.0154,-0.0083
3.2700,-0.0074,0.0001,0.0075,-0.0075,0.0043,0.0040,-0.0082,-0.0271,-0.0291,-0.0331,-0.0177,-0.0102
3.2725,-0.0098,-0.0000,0.0098,-0.0098,0.0049,0.0049,-0.0098,-0.0283,-0.0313,-0.0362,-0.0205,-0.0107
3.2750,-0.0109,-0.0020,0.0089,-0.0094,0.0037,0.0072,-0.0107,-0.0290,-0.0328,-0.0372,-0.0198,-0.0115
3.2775,-0.0103,-0.0046,0.0057,-0.0077,0.0012,0.0084,-0.0104,-0.0298,-0.0339,-0.0369,-0.0201,-0.0117
3.2800,-0.0114,-0.0064,0.0050,-0.0083,-0.0003,0.0092,-0.0094,-0.0304,-0.0342,-0.0373,-0.0220,-0.0119
3.2825,-0.0137,-0.0078,0.0059,-0.0098,-0.0010,0.0107,-0.0088,-0.0303,-0.0342,-0.0381,-0.0215,-0.0127
3.2850,-0.0139,-0.0081,0.0058,-0.0098,-0.0013,0.0109,-0.0089,-0.0295,-0.0343,-0.0383,-0.0205,-0.0127
3.2875,-0.0132,-0.0070,0.0062,-0.0095,-0.0001,0.0106,-0.0084,-0.0291,-0.0336,-0.0373,-0.0210,-0.0130
3.2900,-0.0124,-0.0072,0.0052,-0.0082,-0.0006,0.0108,-0.0094,-0.0295,-0.0333,-0.0373,-0.0216,-0.0138
3.2925,-0.0117,-0.0088,0.0029,-0.0068,-0.0029,0.0107,-0.0117,-0.0303,-0.0352,-0.0381,-0.0215,-0.0127
3.2950,-0.0123,-0.0084,0.0039,-0.0081,-0.0019,0.0107,-0.0119,-0.0317,-0.0369,-0.0379,-0.0207,-0.0114
3.2975,-0.0133,-0.0068,0.0065,-0.0097,0.0003,0.0107,-0.0118,-0.0332,-0.0371,-0.0390,-0.0206,-0.0134
3.3000,-0.0139,-0.0074,0.0066,-0.0098,-0.0005,0.0109,-0.0132,-0.0347,-0.0373,-0.0404,-0.0221,-0.0165
3.3025,-0.0156,-0.0098,0.0059,-0.0107,-0.0020,0.0127,-0.0137,-0.0362,-0.0381,-0.0410,-0.0244,-0.0176
3.3050,-0.0180,-0.0115,0.0066,-0.0124,-0.0020,0.0151,-0.0136,-0.0370,-0.0388,-0.0425,-0.0261,-0.0181
3.3075,-0.0189,-0.0119,0.0070,-0.0129,-0.0019,0.0160,-0.0138,-0.0371,-0.0399,-0.0433,-0.0264,-0.0197
3.3100,-0.0184,-0.0116,0.0068,-0.0126,-0.0020,0.0154,-0.0134,-0.0372,-0.0414,-0.0428,-0.0264,-0.0207
3.3125,-0.0186,-0.0117,0.0068,-0.0127,-0.0020,0.0156,-0.0127,-0.0381,-0.0410,-0.0430,-0.0274,-0.0215
3.3150,-0.0199,-0.0131,0.0069,-0.0134,-0.0025,0.0171,-0.0126,-0.0390,-0.0399,-0.0437,-0.0283,-0.0224
3.3175,-0.0214,-0.0145,0.0068,-0.0139,-0.0037,0.0183,-0.0127,-0.0388,-0.0410,-0.0445,-0.0278,-0.0223
3.3200,-0.0213,-0.0145,0.0067,-0.0134,-0.0038,0.0185,-0.0127,-0.0378,-0.0422,-0.0450,-0.0273,-0.0228
3.3225,-0.0205,-0.0147,0.0059,-0.0127,-0.0039,0.0186,-0.0127,-0.0381,-0.0420,-0.0450,-0.0283,-0.0235
3.3250,-0.0211,-0.0161,0.0050,-0.0126,-0.0054,0.0193,-0.0125,-0.0391,-0.0425,-0.0456,-0.0293,-0.0225
3.3275,-0.0219,-0.0169,0.0049,-0.0128,-0.0062,0.0198,-0.0135,-0.0385,-0.0437,-0.0462,-0.0288,-0.0230
3.3300,-0.0211,-0.0163,0.0048,-0.0126,-0.0056,0.0193,-0.0150,-0.0381,-0.0439,-0.0455,-0.0282,-0.0232
3.3325,-0.0205,-0.0156,0.0049,-0.0127,-0.0049,0.0186,-0.0147,-0.0381,-0.0430,-0.0440,-0.0283,-0.0215
3.3350,-0.0212,-0.0155,0.0057,-0.0134,-0.0048,0.0185,-0.0136,-0.0372,-0.0421,-0.0436,-0.0284,-0.0219
3.3375,-0.0216,-0.0158,0.0058,-0.0138,-0.0050,0.0185,-0.0143,-0.0375,-0.0421,-0.0447,-0.0284,-0.0232
3.3400,-0.0214,-0.0154,0.0061,-0.0136,-0.0047,0.0186,-0.0146,-0.0380,-0.0417,-0.0447,-0.0299,-0.0235
3.3425,-0.0215,-0.0147,0.0068,-0.0137,-0.0039,0.0186,-0.0137,-0.0362,-0.0410,-0.0440,-0.0313,-0.0235
3.3450,-0.0208,-0.0153,0.0055,-0.0131,-0.0045,0.0185,-0.0136,-0.0350,-0.0417,-0.0440,-0.0306,-0.0232
3.3475,-0.0198,-0.0157,0.0041,-0.0117,-0.0054,0.0184,-0.0138,-0.0359,-0.0423,-0.0435,-0.0297,-0.0241
3.3500,-0.0195,-0.0138,0.0057,-0.0121,-0.0042,0.0169,-0.0137,-0.0361,-0.0417,-0.0429,-0.0289,-0.0242
3.3525,-0.0195,-0.0117,0.0078,-0.0137,-0.0020,0.0156,-0.0137,-0.0362,-0.0410,-0.0430,-0.0274,-0.0225
3.3550,-0.0190,-0.0121,0.0069,-0.0126,-0.0021,0.0164,-0.0136,-0.0372,-0.0410,-0.0417,-0.0263,-0.0215
3.3575,-0.0177,-0.0142,0.0035,-0.0102,-0.0051,0.0166,-0.0141,-0.0365,-0.0413,-0.0398,-0.0268,-0.0214
3.3600,-0.0180,-0.0163,0.0017,-0.0100,-0.0073,0.0170,-0.0131,-0.0346,-0.0408,-0.0389,-0.0276,-0.0217
3.3625,-0.0205,-0.0176,0.0029,-0.0117,-0.0068,0.0195,-0.0107,-0.0332,-0.0401,-0.0391,-0.0283,-0.0225
3.3650,-0.0245,-0.0171,0.0074,-0.0155,-0.0042,0.0219,-0.0089,-0.0322,-0.0401,-0.0415,-0.0308,-0.0249
3.3675,-0.0314,-0.0157,0.0156,-0.0230,0.0001,0.0242,-0.0043,-0.0327,-0.0401,-0.0473,-0.0363,-0.0310
3.3700,-0.0403,-0.0140,0.0263,-0.0328,0.0061,0.0276,0.0044,-0.0311,-0.0403,-0.0540,-0.0437,-0.0388
3.3725,-0.0508,-0.0107,0.0401,-0.0450,0.0147,0.0313,0.0186,-0.0244,-0.0410,-0.0596,-0.0518,-0.0459
3.3750,-0.0642,-0.0063,0.0578,-0.0605,0.0257,0.0357,0.0400,-0.0126,-0.0386,-0.0646,-0.0615,-0.0541
3.3775,-0.0757,-0.0027,0.0730,-0.0739,0.0354,0.0398,0.0643,0.0087,-0.0288,-0.0665,-0.0700,-0.0613
3.3800,-0.0795,-0.0002,0.0793,-0.0789,0.0401,0.0410,0.0903,0.0412,-0.0107,-0.0624,-0.0723,-0.0639
3.3825,-0.0752,0.0029,0.0782,-0.0762,0.0410,0.0371,0.1192,0.0811,0.0147,-0.0498,-0.0674,-0.0616
3.3850,-0.0640,0.0100,0.0740,-0.0689,0.0421,0.0271,0.1446,0.1231,0.0445,-0.0290,-0.0559,-0.0534
3.3875,-0.0468,0.0229,0.0697,-0.0581,0.0462,0.0119,0.1585,0.1570,0.0747,-0.0023,-0.0340,-0.0373
3.3900,-0.0257,0.0404,0.0661,-0.0453,0.0534,-0.0066,0.1586,0.1732,0.1030,0.0303,-0.0024,-0.0120
3.3925,0.0029,0.0596,0.0567,-0.0264,0.0586,-0.0303,0.1397,0.1681,0.1280,0.0713,0.0352,0.0235
3.3950,0.0444,0.0789,0.0345,0.0054,0.0568,-0.0611,0.0989,0.1429,0.1485,0.1206,0.0821,0.0690
3.3975,0.0945,0.0966,0.0021,0.0468,0.0493,-0.0950,0.0417,0.1034,0.1663,0.1783,0.1417,0.1219
3.4000,0.1463,0.1107,-0.0356,0.0912,0.0376,-0.1282,-0.0250,0.0566,0.1857,0.2450,0.2077,0.1781
3.4025,0.1974,0.1192,-0.0782,0.1378,0.0205,-0.1583,-0.0967,0.0147,0.2081,0.3176,0.2697,0.2326
3.4050,0.2432,0.1223,-0.1209,0.1824,0.0007,-0.1823,-0.1646,-0.0141,0.2313,0.3877,0.3219,0.2782
3.4075,0.2770,0.1198,-0.1573,0.2175,-0.0188,-0.1981,-0.2199,-0.0345,0.2505,0.4433,0.3583,0.3086
3.4100,0.2956,0.1085,-0.1871,0.2412,-0.0392,-0.2020,-0.2598,-0.0511,0.2573,0.4722,0.3701,0.3201
3.4125,0.2961,0.0879,-0.2081,0.2521,-0.0596,-0.1915,-0.2844,-0.0655,0.2423,0.4651,0.3518,0.3088
3.4150,0.2765,0.0605,-0.2160,0.2467,-0.0776,-0.1679,-0.2946,-0.0823,0.2000,0.4165,0.3053,0.2734
3.4175,0.2398,0.0270,-0.2129,0.2267,-0.0931,-0.1332,-0.2918,-0.1033,0.1320,0.3280,0.2360,0.2195
3.4200,0.1926,-0.0070,-0.1996,0.1959,-0.1032,-0.0929,-0.2756,-0.1259,0.0505,0.2153,0.1540,0.1563
3.4225,0.1407,-0.0352,-0.1759,0.1583,-0.1055,-0.0528,-0.2482,-0.1476,-0.0283,0.1016,0.0762,0.0928
3.4250,0.0922,-0.0553,-0.1475,0.1203,-0.1015,-0.0180,-0.2157,-0.1612,-0.0928,0.0049,0.0180,0.0399
3.4275,0.0544,-0.0643,-0.1187,0.0868,-0.0912,0.0055,-0.1808,-0.1587,-0.1340,-0.0635,-0.0170,0.0060
3.4300,0.0289,-0.0635,-0.0923,0.0605,-0.0774,0.0177,-0.1441,-0.1418,-0.1467,-0.0974,-0.0327,-0.0111
3.4325,0.0137,-0.0567,-0.0704,0.0420,-0.0635,0.0215,-0.1085,-0.1153,-0.1339,-0.1006,-0.0342,-0.0166
3.4350,0.0069,-0.0453,-0.0522,0.0295,-0.0489,0.0190,-0.0775,-0.0831,-0.1068,-0.0854,-0.0281,-0.0149
3.4375,0.0043,-0.0331,-0.0374,0.0211,-0.0348,0.0151,-0.0521,-0.0524,-0.0774,-0.0631,-0.0200,-0.0115
3.4400,0.0020,-0.0237,-0.0257,0.0143,-0.0244,0.0117,-0.0318,-0.0276,-0.0517,-0.0431,-0.0127,-0.0094
3.4425,-0.0000,-0.0176,-0.0176,0.0088,-0.0176,0.0088,-0.0166,-0.0107,-0.0322,-0.0303,-0.0098,-0.0088
3.4450,-0.0020,-0.0143,-0.0123,0.0050,-0.0129,0.0085,-0.0056,-0.0038,-0.0221,-0.0232,-0.0113,-0.0097
3.4475,-0.0055,-0.0128,-0.0073,0.0010,-0.0097,0.0096,0.0012,-0.0019,-0.0190,-0.0196,-0.0124,-0.0102
3.4500,-0.0090,-0.0112,-0.0022,-0.0035,-0.0067,0.0099,0.0034,-0.0005,-0.0169,-0.0187,-0.0135,-0.0116
3.4525,-0.0117,-0.0098,0.0020,-0.0068,-0.0039,0.0107,0.0039,0.0000,-0.0147,-0.0186,-0.0166,-0.0137
3.4550,-0.0148,-0.0102,0.0046,-0.0092,-0.0029,0.0130,0.0062,0.0000,-0.0144,-0.0185,-0.0186,-0.0145
3.4575,-0.0166,-0.0116,0.0050,-0.0106,-0.0030,0.0146,0.0077,0.0003,-0.0149,-0.0194,-0.0181,-0.0156
3.4600,-0.0167,-0.0114,0.0052,-0.0109,-0.0027,0.0146,0.0081,0.0016,-0.0143,-0.0209,-0.0176,-0.0170
3.4625,-0.0176,-0.0107,0.0068,-0.0117,-0.0020,0.0147,0.0088,0.0029,-0.0137,-0.0215,-0.0186,-0.0176
3.4650,-0.0186,-0.0102,0.0083,-0.0134,-0.0006,0.0149,0.0094,0.0029,-0.0137,-0.0214,-0.0201,-0.0184
3.4675,-0.0181,-0.0082,0.0099,-0.0139,0.0012,0.0136,0.0111,0.0034,-0.0133,-0.0215,-0.0210,-0.0182
3.4700,-0.0175,-0.0065,0.0110,-0.0136,0.0021,0.0125,0.0134,0.0040,-0.0124,-0.0213,-0.0217,-0.0175
3.4725,-0.0176,-0.0068,0.0107,-0.0137,0.0020,0.0127,0.0147,0.0039,-0.0117,-0.0205,-0.0215,-0.0186
3.4750,-0.0169,-0.0069,0.0100,-0.0130,0.0019,0.0128,0.0153,0.0057,-0.0111,-0.0196,-0.0206,-0.0196
3.4775,-0.0163,-0.0068,0.0095,-0.0123,0.0019,0.0126,0.0164,0.0089,-0.0099,-0.0196,-0.0208,-0.0190
3.4800,-0.0169,-0.0068,0.0101,-0.0131,0.0020,0.0127,0.0182,0.0097,-0.0082,-0.0193,-0.0199,-0.0185
3.4825,-0.0176,-0.0068,0.0107,-0.0137,0.0020,0.0127,0.0195,0.0088,-0.0068,-0.0176,-0.0176,-0.0186
3.4850,-0.0175,-0.0069,0.0106,-0.0135,0.0018,0.0127,0.0195,0.0092,-0.0055,-0.0159,-0.0173,-0.0186
3.4875,-0.0178,-0.0064,0.0114,-0.0143,0.0025,0.0123,0.0199,0.0109,-0.0037,-0.0155,-0.0179,-0.0184
3.4900,-0.0173,-0.0058,0.0115,-0.0145,0.0029,0.0115,0.0208,0.0120,-0.0028,-0.0157,-0.0173,-0.0170
3.4925,-0.0166,-0.0059,0.0107,-0.0137,0.0029,0.0117,0.0215,0.0127,-0.0029,-0.0156,-0.0166,-0.0156
3.4950,-0.0167,-0.0052,0.0115,-0.0137,0.0037,0.0120,0.0222,0.0135,-0.0023,-0.0149,-0.0165,-0.0162
3.4975,-0.0160,-0.0045,0.0116,-0.0132,0.0036,0.0110,0.0229,0.0141,-0.0013,-0.0143,-0.0171,-0.0171
3.5000,-0.0157,-0.0053,0.0104,-0.0127,0.0027,0.0110,0.0239,0.0150,-0.0010,-0.0149,-0.0177,-0.0178
3.5025,-0.0166,-0.0059,0.0107,-0.0137,0.0029,0.0117,0.0254,0.0156,-0.0010,-0.0147,-0.0176,-0.0176
3.5050,-0.0161,-0.0039,0.0122,-0.0138,0.0043,0.0104,0.0257,0.0156,0.0003,-0.0123,-0.0169,-0.0159
3.5075,-0.0149,-0.0015,0.0134,-0.0135,0.0061,0.0089,0.0249,0.0163,0.0023,-0.0114,-0.0160,-0.0159
3.5100,-0.0147,-0.0011,0.0136,-0.0138,0.0069,0.0088,0.0260,0.0182,0.0029,-0.0117,-0.0155,-0.0168
3.5125,-0.0147,-0.0020,0.0127,-0.0137,0.0059,0.0088,0.0274,0.0195,0.0029,-0.0107,-0.0156,-0.0166
3.5150,-0.0152,-0.0028,0.0124,-0.0135,0.0048,0.0093,0.0272,0.0207,0.0038,-0.0098,-0.0163,-0.0166
3.5175,-0.0165,-0.0030,0.0134,-0.0143,0.0054,0.0106,0.0283,0.0229,0.0038,-0.0098,-0.0169,-0.0163
3.5200,-0.0163,-0.0028,0.0135,-0.0146,0.0059,0.0104,0.0295,0.0232,0.0044,-0.0097,-0.0163,-0.0153
3.5225,-0.0147,-0.0020,0.0127,-0.0137,0.0059,0.0088,0.0293,0.0225,0.0068,-0.0098,-0.0156,-0.0147
3.5250,-0.0138,-0.0011,0.0127,-0.0128,0.0059,0.0079,0.0300,0.0245,0.0085,-0.0092,-0.0156,-0.0139
3.5275,-0.0136,-0.0010,0.0126,-0.0126,0.0057,0.0077,0.0302,0.0267,0.0092,-0.0080,-0.0153,-0.0134
3.5300,-0.0136,-0.0009,0.0127,-0.0127,0.0061,0.0079,0.0289,0.0276,0.0099,-0.0079,-0.0143,-0.0139
3.5325,-0.0127,-0.0010,0.0117,-0.0117,0.0059,0.0078,0.0293,0.0283,0.0098,-0.0078,-0.0137,-0.0147
3.5350,-0.0110,-0.0018,0.0092,-0.0100,0.0041,0.0070,0.0316,0.0289,0.0095,-0.0062,-0.0131,-0.0141
3.5375,-0.0107,-0.0016,0.0091,-0.0098,0.0044,0.0069,0.0326,0.0306,0.0106,-0.0057,-0.0117,-0.0129
3.5400,-0.0105,-0.0008,0.0097,-0.0095,0.0048,0.0066,0.0320,0.0329,0.0122,-0.0057,-0.0103,-0.0128
3.5425,-0.0098,-0.0010,0.0088,-0.0088,0.0039,0.0059,0.0322,0.0342,0.0137,-0.0039,-0.0098,-0.0127
3.5450,-0.0104,-0.0004,0.0100,-0.0102,0.0052,0.0059,0.0324,0.0348,0.0158,-0.0023,-0.0104,-0.0112
3.5475,-0.0108,0.0008,0.0116,-0.0109,0.0064,0.0055,0.0318,0.0359,0.0179,-0.0012,-0.0112,-0.0105
3.5500,-0.0090,0.0008,0.0098,-0.0089,0.0054,0.0046,0.0328,0.0378,0.0187,0.0006,-0.0101,-0.0107
3.5525,-0.0068,-0.0000,0.0068,-0.0068,0.0039,0.0039,0.0352,0.0401,0.0195,0.0010,-0.0078,-0.0098
3.5550,-0.0059,-0.0002,0.0057,-0.0059,0.0029,0.0030,0.0355,0.0417,0.0211,0.0001,-0.0075,-0.0088
3.5575,-0.0062,0.0005,0.0068,-0.0062,0.0038,0.0034,0.0347,0.0424,0.0220,0.0007,-0.0083,-0.0092
3.5600,-0.0070,0.0011,0.0081,-0.0070,0.0051,0.0039,0.0357,0.0433,0.0227,0.0026,-0.0073,-0.0100
3.5625,-0.0059,0.0010,0.0068,-0.0059,0.0039,0.0029,0.0371,0.0450,0.0235,0.0039,-0.0059,-0.0098
3.5650,-0.0034,0.0009,0.0043,-0.0034,0.0029,0.0021,0.0378,0.0471,0.0239,0.0053,-0.0058,-0.0077
3.5675,-0.0027,0.0011,0.0038,-0.0028,0.0031,0.0019,0.0390,0.0493,0.0259,0.0066,-0.0055,-0.0055
3.5700,-0.0029,0.0009,0.0038,-0.0028,0.0026,0.0019,0.0403,0.0515,0.0279,0.0068,-0.0046,-0.0048
3.5725,-0.0020,0.0010,0.0029,-0.0020,0.0020,0.0010,0.0401,0.0537,0.0293,0.0078,-0.0039,-0.0049
3.5750,-0.0017,0.0018,0.0035,-0.0026,0.0027,-0.0001,0.0398,0.0553,0.0316,0.0108,-0.0026,-0.0043
3.5775,-0.0024,0.0016,0.0040,-0.0030,0.0028,0.0007,0.0410,0.0562,0.0329,0.0127,-0.0010,-0.0033
3.5800,-0.0014,0.0009,0.0023,-0.0014,0.0015,0.0007,0.0424,0.0586,0.0335,0.0126,-0.0013,-0.0029
3.5825,-0.0000,0.0020,0.0020,-0.0010,0.0020,-0.0010,0.0430,0.0616,0.0352,0.0137,-0.0020,-0.0029
3.5850,0.0006,0.0036,0.0031,-0.0013,0.0037,-0.0018,0.0437,0.0629,0.0373,0.0161,-0.0007,-0.0018
3.5875,0.0021,0.0040,0.0019,0.0002,0.0035,-0.0024,0.0442,0.0651,0.0397,0.0168,0.0012,0.0005
3.5900,0.0030,0.0039,0.0009,0.0010,0.0029,-0.0031,0.0436,0.0684,0.0414,0.0167,0.0023,0.0008
3.5925,0.0029,0.0039,0.0010,0.0010,0.0029,-0.0029,0.0430,0.0713,0.0420,0.0186,0.0029,0.0000
3.5950,0.0055,0.0037,-0.0018,0.0037,0.0015,-0.0040,0.0448,0.0743,0.0433,0.0209,0.0030,0.0013
3.5975,0.0089,0.0047,-0.0042,0.0064,0.0005,-0.0067,0.0479,0.0767,0.0452,0.0223,0.0031,0.0030
3.6000,0.0099,0.0063,-0.0036,0.0069,0.0014,-0.0079,0.0488,0.0789,0.0479,0.0243,0.0044,0.0043
3.6025,0.0107,0.0068,-0.0039,0.0078,0.0020,-0.0078,0.0479,0.0811,0.0518,0.0274,0.0059,0.0049
3.6050,0.0123,0.0068,-0.0054,0.0093,0.0013,-0.0085,0.0483,0.0830,0.0549,0.0303,0.0072,0.0046
3.6075,0.0135,0.0068,-0.0067,0.0106,0.0004,-0.0092,0.0498,0.0867,0.0567,0.0329,0.0093,0.0065
3.6100,0.0155,0.0070,-0.0086,0.0124,-0.0002,-0.0103,0.0512,0.0912,0.0580,0.0346,0.0113,0.0098
3.6125,0.0186,0.0078,-0.0107,0.0147,-0.0010,-0.0127,0.0528,0.0948,0.0596,0.0362,0.0127,0.0117
3.6150,0.0197,0.0086,-0.0110,0.0157,-0.0012,-0.0138,0.0542,0.0978,0.0623,0.0389,0.0148,0.0131
3.6175,0.0194,0.0088,-0.0105,0.0156,-0.0006,-0.0132,0.0553,0.0999,0.0657,0.0422,0.0170,0.0147
3.6200,0.0216,0.0088,-0.0128,0.0175,-0.0015,-0.0144,0.0558,0.1027,0.0680,0.0447,0.0194,0.0160
3.6225,0.0254,0.0098,-0.0156,0.0205,-0.0029,-0.0176,0.0567,0.1065,0.0704,0.0469,0.0215,0.0176
3.6250,0.0271,0.0113,-0.0158,0.0214,-0.0023,-0.0194,0.0583,0.1086,0.0740,0.0490,0.0227,0.0197
3.6275,0.0282,0.0122,-0.0160,0.0224,-0.0017,-0.0197,0.0587,0.1115,0.0768,0.0515,0.0256,0.0220
3.6300,0.0315,0.0131,-0.0184,0.0255,-0.0021,-0.0212,0.0586,0.1154,0.0789,0.0549,0.0296,0.0240
3.6325,0.0342,0.0147,-0.0195,0.0274,-0.0020,-0.0235,0.0586,0.1182,0.0821,0.0586,0.0332,0.0254
3.6350,0.0360,0.0162,-0.0198,0.0284,-0.0019,-0.0256,0.0583,0.1210,0.0844,0.0621,0.0364,0.0279
3.6375,0.0399,0.0173,-0.0226,0.0315,-0.0023,-0.0280,0.0597,0.1238,0.0861,0.0662,0.0375,0.0322
3.6400,0.0424,0.0175,-0.0249,0.0336,-0.0033,-0.0297,0.0604,0.1255,0.0890,0.0692,0.0370,0.0346
3.6425,0.0430,0.0176,-0.0254,0.0342,-0.0039,-0.0303,0.0586,0.1270,0.0928,0.0723,0.0381,0.0352
3.6450,0.0464,0.0189,-0.0274,0.0370,-0.0039,-0.0322,0.0582,0.1284,0.0952,0.0774,0.0416,0.0379
3.6475,0.0499,0.0206,-0.0294,0.0395,-0.0041,-0.0351,0.0595,0.1299,0.0967,0.0815,0.0456,0.0412
3.6500,0.0511,0.0220,-0.0291,0.0403,-0.0035,-0.0364,0.0592,0.1313,0.0999,0.0837,0.0487,0.0438
3.6525,0.0537,0.0244,-0.0293,0.0420,-0.0020,-0.0381,0.0577,0.1329,0.1036,0.0870,0.0508,0.0459
3.6550,0.0576,0.0269,-0.0308,0.0443,-0.0017,-0.0420,0.0555,0.1344,0.1045,0.0907,0.0528,0.0478
3.6575,0.0597,0.0278,-0.0319,0.0460,-0.0023,-0.0438,0.0530,0.1351,0.1049,0.0937,0.0559,0.0514
3.6600,0.0611,0.0287,-0.0324,0.0473,-0.0016,-0.0441,0.0514,0.1362,0.1075,0.0967,0.0599,0.0545
3.6625,0.0635,0.0303,-0.0332,0.0489,-0.0010,-0.0459,0.0508,0.1378,0.1104,0.0997,0.0625,0.0567
3.6650,0.0657,0.0317,-0.0340,0.0503,-0.0010,-0.0481,0.0494,0.1373,0.1120,0.1025,0.0631,0.0598
3.6675,0.0681,0.0333,-0.0348,0.0520,-0.0009,-0.0503,0.0479,0.1356,0.1129,0.1056,0.0651,0.0610
3.6700,0.0714,0.0346,-0.0369,0.0546,-0.0010,-0.0524,0.0461,0.1344,0.1135,0.1082,0.0685,0.0624
3.6725,0.0733,0.0362,-0.0371,0.0557,0.0000,-0.0537,0.0430,0.1329,0.1143,0.1104,0.0713,0.0664
3.6750,0.0725,0.0385,-0.0340,0.0534,0.0024,-0.0552,0.0406,0.1307,0.1152,0.1134,0.0737,0.0690
3.6775,0.0726,0.0393,-0.0333,0.0527,0.0029,-0.0563,0.0388,0.1280,0.1148,0.1155,0.0749,0.0699
3.6800,0.0753,0.0391,-0.0362,0.0559,0.0016,-0.0568,0.0362,0.1249,0.1142,0.1164,0.0754,0.0704
3.6825,0.0772,0.0401,-0.0371,0.0577,0.0020,-0.0577,0.0342,0.1221,0.1143,0.1163,0.0762,0.0704
3.6850,0.0760,0.0409,-0.0351,0.0556,0.0034,-0.0578,0.0328,0.1187,0.1131,0.1154,0.0763,0.0711
3.6875,0.0737,0.0414,-0.0323,0.0532,0.0048,-0.0570,0.0305,0.1138,0.1108,0.1153,0.0760,0.0715
3.6900,0.0715,0.0424,-0.0292,0.0508,0.0065,-0.0565,0.0272,0.1086,0.1087,0.1149,0.0763,0.0712
3.6925,0.0684,0.0430,-0.0254,0.0469,0.0088,-0.0557,0.0244,0.1026,0.1065,0.1124,0.0762,0.0704
3.6950,0.0646,0.0424,-0.0222,0.0436,0.0105,-0.0529,0.0218,0.0951,0.1031,0.1094,0.0737,0.0675
3.6975,0.0616,0.0410,-0.0206,0.0418,0.0108,-0.0500,0.0177,0.0890,0.0979,0.1063,0.0691,0.0646
3.7000,0.0583,0.0397,-0.0187,0.0388,0.0110,-0.0483,0.0151,0.0842,0.0918,0.1019,0.0655,0.0630
3.7025,0.0537,0.0391,-0.0147,0.0342,0.0127,-0.0459,0.0147,0.0782,0.0870,0.0967,0.0635,0.0606
3.7050,0.0491,0.0385,-0.0106,0.0304,0.0145,-0.0428,0.0134,0.0715,0.0821,0.0909,0.0602,0.0562
3.7075,0.0455,0.0368,-0.0087,0.0273,0.0143,-0.0407,0.0113,0.0650,0.0758,0.0849,0.0551,0.0523
3.7100,0.0415,0.0343,-0.0072,0.0244,0.0135,-0.0379,0.0089,0.0583,0.0707,0.0791,0.0502,0.0501
3.7125,0.0371,0.0322,-0.0049,0.0215,0.0137,-0.0342,0.0068,0.0518,0.0655,0.0723,0.0459,0.0469
3.7150,0.0334,0.0308,-0.0026,0.0185,0.0144,-0.0312,0.0066,0.0457,0.0573,0.0640,0.0415,0.0417
3.7175,0.0296,0.0293,-0.0003,0.0155,0.0152,-0.0283,0.0071,0.0406,0.0506,0.0573,0.0376,0.0373
3.7200,0.0245,0.0278,0.0032,0.0111,0.0158,-0.0255,0.0066,0.0351,0.0465,0.0518,0.0356,0.0341
3.7225,0.0195,0.0254,0.0059,0.0068,0.0156,-0.0225,0.0059,0.0293,0.0420,0.0459,0.0332,0.0303
3.7250,0.0158,0.0218,0.0060,0.0052,0.0143,-0.0181,0.0051,0.0242,0.0370,0.0401,0.0289,0.0264
3.7275,0.0122,0.0183,0.0061,0.0038,0.0125,-0.0143,0.0044,0.0189,0.0312,0.0338,0.0245,0.0236
3.7300,0.0085,0.0158,0.0073,0.0009,0.0116,-0.0119,0.0036,0.0141,0.0256,0.0270,0.0198,0.0202
3.7325,0.0049,0.0137,0.0088,-0.0020,0.0117,-0.0088,0.0029,0.0098,0.0215,0.0205,0.0147,0.0166
3.7350,0.0017,0.0115,0.0098,-0.0037,0.0112,-0.0056,0.0022,0.0052,0.0173,0.0150,0.0108,0.0144
3.7375,-0.0001,0.0094,0.0095,-0.0042,0.0098,-0.0038,0.0014,0.0018,0.0121,0.0113,0.0076,0.0116
3.7400,-0.0017,0.0087,0.0104,-0.0056,0.0102,-0.0025,0.0008,-0.0011,0.0073,0.0071,0.0051,0.0072
3.7425,-0.0049,0.0088,0.0137,-0.0088,0.0117,-0.0010,-0.0000,-0.0049,0.0039,0.0020,0.0029,0.0029
3.7450,-0.0075,0.0075,0.0150,-0.0107,0.0112,0.0005,-0.0002,-0.0086,0.0017,-0.0013,0.0005,0.0003
3.7475,-0.0081,0.0054,0.0135,-0.0106,0.0098,0.0019,0.0004,-0.0117,-0.0009,-0.0033,-0.0002,0.0003
3.7500,-0.0095,0.0032,0.0127,-0.0111,0.0083,0.0035,-0.0006,-0.0128,-0.0040,-0.0058,0.0000,0.0011
3.7525,-0.0117,0.0020,0.0137,-0.0127,0.0078,0.0049,-0.0020,-0.0127,-0.0068,-0.0088,0.0000,0.0000
3.7550,-0.0126,0.0020,0.0147,-0.0137,0.0087,0.0057,-0.0012,-0.0136,-0.0092,-0.0118,-0.0004,-0.0017
3.7575,-0.0130,0.0012,0.0142,-0.0136,0.0081,0.0063,-0.0012,-0.0133,-0.0108,-0.0140,-0.0028,-0.0020
3.7600,-0.0141,-0.0006,0.0135,-0.0139,0.0063,0.0072,-0.0022,-0.0128,-0.0123,-0.0149,-0.0039,-0.0020
3.7625,-0.0156,-0.0020,0.0137,-0.0147,0.0059,0.0088,-0.0020,-0.0147,-0.0137,-0.0156,-0.0029,-0.0029
3.7650,-0.0172,-0.0028,0.0143,-0.0154,0.0058,0.0105,-0.0025,-0.0171,-0.0150,-0.0170,-0.0042,-0.0044
3.7675,-0.0179,-0.0029,0.0151,-0.0160,0.0060,0.0108,-0.0038,-0.0182,-0.0169,-0.0188,-0.0057,-0.0059
3.7700,-0.0173,-0.0032,0.0140,-0.0151,0.0056,0.0109,-0.0037,-0.0186,-0.0176,-0.0197,-0.0060,-0.0071
3.7725,-0.0166,-0.0049,0.0117,-0.0137,0.0039,0.0117,-0.0029,-0.0186,-0.0176,-0.0195,-0.0068,-0.0068
3.7750,-0.0166,-0.0059,0.0107,-0.0136,0.0029,0.0118,-0.0034,-0.0185,-0.0191,-0.0201,-0.0075,-0.0065
3.7775,-0.0165,-0.0054,0.0111,-0.0136,0.0034,0.0117,-0.0047,-0.0185,-0.0197,-0.0216,-0.0087,-0.0077
3.7800,-0.0168,-0.0048,0.0120,-0.0139,0.0040,0.0117,-0.0048,-0.0187,-0.0197,-0.0227,-0.0101,-0.0075
3.7825,-0.0176,-0.0059,0.0117,-0.0147,0.0029,0.0117,-0.0049,-0.0195,-0.0205,-0.0225,-0.0098,-0.0068
3.7850,-0.0176,-0.0075,0.0101,-0.0139,0.0013,0.0125,-0.0058,-0.0211,-0.0205,-0.0223,-0.0095,-0.0083
3.7875,-0.0176,-0.0079,0.0097,-0.0136,0.0009,0.0128,-0.0051,-0.0218,-0.0208,-0.0231,-0.0104,-0.0091
3.7900,-0.0174,-0.0078,0.0096,-0.0135,0.0010,0.0127,-0.0034,-0.0211,-0.0218,-0.0233,-0.0107,-0.0087
3.7925,-0.0166,-0.0078,0.0088,-0.0127,0.0010,0.0127,-0.0029,-0.0205,-0.0225,-0.0225,-0.0098,-0.0088
3.7950,-0.0165,-0.0077,0.0088,-0.0127,0.0012,0.0126,-0.0029,-0.0212,-0.0227,-0.0229,-0.0101,-0.0080
3.7975,-0.0169,-0.0083,0.0086,-0.0124,0.0003,0.0131,-0.0032,-0.0217,-0.0218,-0.0243,-0.0125,-0.0080
3.8000,-0.0180,-0.0088,0.0092,-0.0132,0.0003,0.0139,-0.0043,-0.0213,-0.0216,-0.0241,-0.0137,-0.0092
3.8025,-0.0186,-0.0078,0.0107,-0.0147,0.0020,0.0137,-0.0049,-0.0215,-0.0225,-0.0235,-0.0117,-0.0098
3.8050,-0.0178,-0.0068,0.0109,-0.0140,0.0023,0.0129,-0.0043,-0.0217,-0.0219,-0.0241,-0.0098,-0.0104
3.8075,-0.0176,-0.0073,0.0103,-0.0136,0.0013,0.0125,-0.0032,-0.0207,-0.0211,-0.0250,-0.0106,-0.0111
3.8100,-0.0174,-0.0080,0.0094,-0.0135,0.0009,0.0128,-0.0028,-0.0207,-0.0218,-0.0256,-0.0121,-0.0103
3.8125,-0.0166,-0.0078,0.0088,-0.0127,0.0010,0.0127,-0.0020,-0.0215,-0.0225,-0.0254,-0.0127,-0.0098
3.8150,-0.0172,-0.0077,0.0095,-0.0133,0.0010,0.0125,-0.0015,-0.0208,-0.0225,-0.0245,-0.0128,-0.0106
3.8175,-0.0182,-0.0083,0.0100,-0.0139,0.0010,0.0136,-0.0033,-0.0207,-0.0224,-0.0248,-0.0124,-0.0107
3.8200,-0.0186,-0.0091,0.0096,-0.0136,0.0009,0.0150,-0.0036,-0.0219,-0.0226,-0.0255,-0.0131,-0.0110
3.8225,-0.0186,-0.0098,0.0088,-0.0137,-0.0000,0.0147,-0.0020,-0.0225,-0.0235,-0.0254,-0.0137,-0.0117
3.8250,-0.0178,-0.0099,0.0078,-0.0130,-0.0010,0.0138,-0.0025,-0.0231,-0.0243,-0.0255,-0.0121,-0.0116
3.8275,-0.0175,-0.0092,0.0083,-0.0125,-0.0005,0.0137,-0.0032,-0.0237,-0.0244,-0.0248,-0.0118,-0.0123
3.8300,-0.0176,-0.0088,0.0088,-0.0127,-0.0000,0.0136,-0.0029,-0.0231,-0.0244,-0.0246,-0.0130,-0.0126
3.8325,-0.0176,-0.0098,0.0078,-0.0127,-0.0010,0.0137,-0.0039,-0.0225,-0.0244,-0.0254,-0.0127,-0.0117
3.8350,-0.0183,-0.0101,0.0081,-0.0133,-0.0007,0.0145,-0.0042,-0.0231,-0.0243,-0.0248,-0.0125,-0.0124
3.8375,-0.0188,-0.0086,0.0102,-0.0144,0.0014,0.0145,-0.0032,-0.0238,-0.0250,-0.0241,-0.0132,-0.0129
3.8400,-0.0183,-0.0077,0.0106,-0.0145,0.0018,0.0132,-0.0029,-0.0231,-0.0253,-0.0246,-0.0139,-0.0127
3.8425,-0.0176,-0.0078,0.0098,-0.0137,0.0010,0.0127,-0.0029,-0.0225,-0.0244,-0.0254,-0.0147,-0.0137
3.8450,-0.0180,-0.0083,0.0097,-0.0134,0.0011,0.0140,-0.0029,-0.0225,-0.0242,-0.0263,-0.0149,-0.0139
3.8475,-0.0195,-0.0097,0.0098,-0.0143,0.0004,0.0153,-0.0033,-0.0226,-0.0250,-0.0260,-0.0140,-0.0133
3.8500,-0.0191,-0.0093,0.0098,-0.0145,0.0001,0.0140,-0.0041,-0.0241,-0.0254,-0.0252,-0.0137,-0.0141
3.8525,-0.0176,-0.0078,0.0098,-0.0137,0.0010,0.0127,-0.0039,-0.0254,-0.0254,-0.0254,-0.0147,-0.0147
3.8550,-0.0182,-0.0091,0.0090,-0.0136,0.0004,0.0141,-0.0031,-0.0247,-0.0261,-0.0261,-0.0154,-0.0139
3.8575,-0.0188,-0.0103,0.0086,-0.0138,-0.0003,0.0150,-0.0029,-0.0246,-0.0269,-0.0269,-0.0158,-0.0136
3.8600,-0.0184,-0.0094,0.0090,-0.0136,0.0003,0.0145,-0.0029,-0.0258,-0.0275,-0.0274,-0.0154,-0.0136
3.8625,-0.0186,-0.0088,0.0098,-0.0137,0.0010,0.0147,-0.0029,-0.0264,-0.0274,-0.0274,-0.0147,-0.0137
3.8650,-0.0198,-0.0086,0.0112,-0.0150,0.0018,0.0153,-0.0036,-0.0265,-0.0272,-0.0280,-0.0152,-0.0145
3.8675,-0.0216,-0.0096,0.0119,-0.0163,0.0015,0.0164,-0.0042,-0.0259,-0.0280,-0.0286,-0.0163,-0.0146
3.8700,-0.0209,-0.0111,0.0098,-0.0149,-0.0007,0.0164,-0.0036,-0.0252,-0.0282,-0.0280,-0.0166,-0.0149
3.8725,-0.0195,-0.0107,0.0088,-0.0137,-0.0010,0.0156,-0.0029,-0.0254,-0.0274,-0.0274,-0.0166,-0.0156
3.8750,-0.0203,-0.0092,0.0111,-0.0153,0.0014,0.0157,-0.0029,-0.0260,-0.0273,-0.0279,-0.0172,-0.0143
3.8775,-0.0201,-0.0084,0.0117,-0.0153,0.0019,0.0151,-0.0030,-0.0271,-0.0274,-0.0290,-0.0184,-0.0130
3.8800,-0.0195,-0.0091,0.0104,-0.0146,0.0007,0.0147,-0.0030,-0.0272,-0.0275,-0.0293,-0.0184,-0.0143
3.8825,-0.0205,-0.0098,0.0107,-0.0156,0.0010,0.0156,-0.0039,-0.0264,-0.0283,-0.0293,-0.0176,-0.0156
3.8850,-0.0206,-0.0091,0.0116,-0.0157,0.0018,0.0158,-0.0043,-0.0269,-0.0285,-0.0294,-0.0188,-0.0156
3.8875,-0.0204,-0.0086,0.0119,-0.0156,0.0021,0.0155,-0.0026,-0.0281,-0.0277,-0.0288,-0.0206,-0.0160
3.8900,-0.0205,-0.0089,0.0116,-0.0155,0.0019,0.0157,-0.0021,-0.0283,-0.0274,-0.0282,-0.0201,-0.0169
3.8925,-0.0205,-0.0088,0.0117,-0.0156,0.0020,0.0156,-0.0029,-0.0283,-0.0283,-0.0283,-0.0195,-0.0176
3.8950,-0.0213,-0.0092,0.0120,-0.0166,0.0016,0.0155,-0.0022,-0.0291,-0.0292,-0.0289,-0.0204,-0.0178
3.8975,-0.0215,-0.0108,0.0107,-0.0160,-0.0002,0.0161,-0.0021,-0.0291,-0.0292,-0.0301,-0.0200,-0.0168
3.9000,-0.0216,-0.0102,0.0114,-0.0159,0.0008,0.0167,-0.0034,-0.0279,-0.0295,-0.0301,-0.0197,-0.0170
3.9025,-0.0225,-0.0088,0.0137,-0.0176,0.0029,0.0166,-0.0039,-0.0283,-0.0303,-0.0293,-0.0215,-0.0186
3.9050,-0.0220,-0.0101,0.0119,-0.0165,0.0009,0.0165,-0.0039,-0.0307,-0.0303,-0.0300,-0.0225,-0.0187
3.9075,-0.0206,-0.0112,0.0094,-0.0144,-0.0006,0.0168,-0.0039,-0.0316,-0.0305,-0.0305,-0.0221,-0.0185
3.9100,-0.0207,-0.0104,0.0103,-0.0151,0.0004,0.0163,-0.0040,-0.0311,-0.0317,-0.0303,-0.0211,-0.0185
3.9125,-0.0215,-0.0098,0.0117,-0.0166,0.0010,0.0156,-0.0049,-0.0313,-0.0322,-0.0313,-0.0205,-0.0186
3.9150,-0.0221,-0.0097,0.0125,-0.0174,0.0018,0.0162,-0.0058,-0.0320,-0.0314,-0.0322,-0.0219,-0.0189
3.9175,-0.0231,-0.0102,0.0129,-0.0177,0.0016,0.0173,-0.0056,-0.0324,-0.0315,-0.0318,-0.0228,-0.0173
3.9200,-0.0233,-0.0108,0.0125,-0.0174,0.0008,0.0176,-0.0045,-0.0321,-0.0325,-0.0311,-0.0223,-0.0168
3.9225,-0.0225,-0.0107,0.0117,-0.0166,0.0010,0.0176,-0.0039,-0.0322,-0.0332,-0.0313,-0.0225,-0.0186
3.9250,-0.0223,-0.0107,0.0116,-0.0165,0.0010,0.0176,-0.0045,-0.0330,-0.0334,-0.0320,-0.0227,-0.0186
3.9275,-0.0226,-0.0107,0.0119,-0.0167,0.0010,0.0176,-0.0055,-0.0332,-0.0326,-0.0324,-0.0218,-0.0189
3.9300,-0.0224,-0.0108,0.0116,-0.0165,0.0009,0.0176,-0.0060,-0.0335,-0.0323,-0.0320,-0.0216,-0.0197
3.9325,-0.0225,-0.0107,0.0117,-0.0166,0.0010,0.0176,-0.0059,-0.0352,-0.0332,-0.0313,-0.0225,-0.0195
3.9350,-0.0232,-0.0106,0.0126,-0.0173,0.0011,0.0176,-0.0058,-0.0356,-0.0334,-0.0311,-0.0226,-0.0197
3.9375,-0.0237,-0.0114,0.0123,-0.0179,0.0003,0.0175,-0.0060,-0.0338,-0.0330,-0.0315,-0.0221,-0.0186
3.9400,-0.0232,-0.0116,0.0116,-0.0173,0.0001,0.0176,-0.0056,-0.0333,-0.0333,-0.0309,-0.0211,-0.0173
3.9425,-0.0225,-0.0107,0.0117,-0.0166,0.0010,0.0176,-0.0049,-0.0342,-0.0332,-0.0303,-0.0205,-0.0176
3.9450,-0.0224,-0.0113,0.0111,-0.0166,0.0004,0.0175,-0.0049,-0.0342,-0.0323,-0.0311,-0.0219,-0.0176
3.9475,-0.0224,-0.0121,0.0103,-0.0164,-0.0004,0.0177,-0.0050,-0.0348,-0.0325,-0.0309,-0.0229,-0.0179
3.9500,-0.0226,-0.0114,0.0112,-0.0169,0.0003,0.0174,-0.0065,-0.0367,-0.0336,-0.0300,-0.0222,-0.0189
3.9525,-0.0235,-0.0117,0.0117,-0.0176,-0.0000,0.0176,-0.0078,-0.0371,-0.0342,-0.0303,-0.0225,-0.0195
3.9550,-0.0236,-0.0128,0.0108,-0.0169,-0.0011,0.0185,-0.0063,-0.0362,-0.0342,-0.0310,-0.0234,-0.0203
3.9575,-0.0228,-0.0117,0.0111,-0.0164,-0.0000,0.0181,-0.0059,-0.0364,-0.0344,-0.0318,-0.0234,-0.0203
3.9600,-0.0224,-0.0106,0.0119,-0.0167,0.0012,0.0175,-0.0073,-0.0374,-0.0356,-0.0323,-0.0236,-0.0192
3.9625,-0.0225,-0.0107,0.0117,-0.0166,0.0010,0.0176,-0.0078,-0.0381,-0.0362,-0.0322,-0.0235,-0.0195
3.9650,-0.0224,-0.0106,0.0118,-0.0166,0.0011,0.0175,-0.0078,-0.0382,-0.0353,-0.0329,-0.0225,-0.0206
3.9675,-0.0229,-0.0116,0.0113,-0.0165,0.0001,0.0181,-0.0077,-0.0375,-0.0354,-0.0335,-0.0232,-0.0199
3.9700,-0.0236,-0.0129,0.0107,-0.0168,-0.0012,0.0185,-0.0079,-0.0371,-0.0363,-0.0329,-0.0248,-0.0197
3.9725,-0.0235,-0.0117,0.0117,-0.0176,-0.0000,0.0176,-0.0078,-0.0381,-0.0362,-0.0322,-0.0244,-0.0205
3.9750,-0.0227,-0.0106,0.0121,-0.0170,0.0012,0.0174,-0.0069,-0.0390,-0.0360,-0.0323,-0.0236,-0.0198
3.9775,-0.0223,-0.0117,0.0106,-0.0159,0.0000,0.0181,-0.0073,-0.0390,-0.0363,-0.0321,-0.0233,-0.0196
3.9800,-0.0225,-0.0129,0.0096,-0.0155,-0.0012,0.0187,-0.0078,-0.0391,-0.0360,-0.0325,-0.0236,-0.0210
3.9825,-0.0225,-0.0127,0.0098,-0.0156,-0.0010,0.0186,-0.0068,-0.0391,-0.0362,-0.0332,-0.0244,-0.0215
3.9850,-0.0223,-0.0120,0.0103,-0.0163,-0.0002,0.0178,-0.0066,-0.0384,-0.0371,-0.0332,-0.0245,-0.0209
3.9875,-0.0231,-0.0112,0.0119,-0.0172,0.0005,0.0175,-0.0073,-0.0377,-0.0367,-0.0333,-0.0242,-0.0195
3.9900,-0.0234,-0.0107,0.0126,-0.0176,0.0011,0.0176,-0.0081,-0.0385,-0.0360,-0.0330,-0.0246,-0.0183
3.9925,-0.0225,-0.0117,0.0107,-0.0166,-0.0000,0.0176,-0.0088,-0.0401,-0.0362,-0.0322,-0.0244,-0.0186
3.9950,-0.0217,-0.0127,0.0089,-0.0149,-0.0018,0.0177,-0.0088,-0.0403,-0.0361,-0.0322,-0.0235,-0.0193
3.9975,-0.0210,-0.0121,0.0088,-0.0146,-0.0014,0.0171,-0.0088,-0.0392,-0.0366,-0.0321,-0.0238,-0.0197
4.0000,-0.0205,-0.0118,0.0087,-0.0146,-0.0011,0.0166,-0.0086,-0.0376,-0.0372,-0.0325,-0.0246,-0.0194
4.0025,-0.0215,-0.0127,0.0088,-0.0147,-0.0020,0.0176,-0.0078,-0.0371,-0.0371,-0.0332,-0.0244,-0.0195
4.0050,-0.0225,-0.0135,0.0090,-0.0156,-0.0019,0.0186,-0.0076,-0.0385,-0.0371,-0.0325,-0.0244,-0.0204
4.0075,-0.0216,-0.0138,0.0077,-0.0149,-0.0024,0.0181,-0.0083,-0.0397,-0.0367,-0.0320,-0.0244,-0.0203
4.0100,-0.0202,-0.0134,0.0067,-0.0133,-0.0029,0.0175,-0.0090,-0.0401,-0.0359,-0.0323,-0.0244,-0.0208
4.0125,-0.0205,-0.0127,0.0078,-0.0137,-0.0020,0.0176,-0.0098,-0.0401,-0.0362,-0.0322,-0.0244,-0.0215
4.0150,-0.0214,-0.0127,0.0087,-0.0146,-0.0018,0.0176,-0.0100,-0.0392,-0.0370,-0.0322,-0.0243,-0.0206
4.0175,-0.0214,-0.0126,0.0088,-0.0145,-0.0020,0.0175,-0.0090,-0.0394,-0.0372,-0.0322,-0.0250,-0.0209
4.0200,-0.0216,-0.0129,0.0087,-0.0148,-0.0020,0.0176,-0.0090,-0.0403,-0.0371,-0.0322,-0.0253,-0.0215
4.0225,-0.0215,-0.0137,0.0078,-0.0147,-0.0029,0.0176,-0.0098,-0.0401,-0.0371,-0.0322,-0.0244,-0.0205
4.0250,-0.0212,-0.0132,0.0080,-0.0143,-0.0026,0.0175,-0.0090,-0.0399,-0.0365,-0.0316,-0.0242,-0.0210
4.0275,-0.0226,-0.0116,0.0110,-0.0162,-0.0002,0.0178,-0.0090,-0.0403,-0.0357,-0.0309,-0.0246,-0.0220
4.0300,-0.0234,-0.0105,0.0128,-0.0177,0.0011,0.0173,-0.0100,-0.0397,-0.0365,-0.0316,-0.0242,-0.0211
4.0325,-0.0215,-0.0107,0.0107,-0.0156,-0.0000,0.0166,-0.0098,-0.0391,-0.0371,-0.0322,-0.0235,-0.0205
4.0350,-0.0204,-0.0110,0.0094,-0.0143,-0.0003,0.0167,-0.0097,-0.0397,-0.0362,-0.0314,-0.0234,-0.0207
4.0375,-0.0210,-0.0100,0.0111,-0.0158,0.0008,0.0160,-0.0099,-0.0403,-0.0365,-0.0312,-0.0235,-0.0199
4.0400,-0.0217,-0.0101,0.0116,-0.0168,0.0008,0.0158,-0.0096,-0.0398,-0.0373,-0.0311,-0.0234,-0.0196
4.0425,-0.0225,-0.0117,0.0107,-0.0166,0.0000,0.0176,-0.0088,-0.0391,-0.0371,-0.0303,-0.0235,-0.0205
4.0450,-0.0228,-0.0125,0.0102,-0.0160,-0.0006,0.0186,-0.0086,-0.0384,-0.0366,-0.0301,-0.0236,-0.0206
4.0475,-0.0214,-0.0131,0.0083,-0.0146,-0.0019,0.0180,-0.0094,-0.0377,-0.0349,-0.0307,-0.0229,-0.0205
4.0500,-0.0204,-0.0139,0.0065,-0.0134,-0.0033,0.0175,-0.0097,-0.0385,-0.0343,-0.0316,-0.0224,-0.0204
4.0525,-0.0215,-0.0147,0.0068,-0.0137,-0.0039,0.0186,-0.0088,-0.0391,-0.0362,-0.0322,-0.0225,-0.0195
4.0550,-0.0225,-0.0150,0.0075,-0.0144,-0.0034,0.0197,-0.0087,-0.0382,-0.0371,-0.0315,-0.0224,-0.0193
4.0575,-0.0220,-0.0135,0.0085,-0.0148,-0.0021,0.0186,-0.0089,-0.0384,-0.0370,-0.0313,-0.0227,-0.0198
4.0600,-0.0214,-0.0127,0.0087,-0.0145,-0.0022,0.0174,-0.0088,-0.0392,-0.0372,-0.0327,-0.0221,-0.0192
4.0625,-0.0215,-0.0127,0.0088,-0.0147,-0.0020,0.0176,-0.0098,-0.0391,-0.0371,-0.0332,-0.0215,-0.0186
4.0650,-0.0209,-0.0105,0.0104,-0.0155,0.0005,0.0164,-0.0108,-0.0390,-0.0370,-0.0330,-0.0229,-0.0193
4.0675,-0.0197,-0.0092,0.0105,-0.0152,0.0008,0.0145,-0.0101,-0.0391,-0.0373,-0.0338,-0.0237,-0.0196
4.0700,-0.0197,-0.0101,0.0095,-0.0145,-0.0002,0.0151,-0.0099,-0.0391,-0.0367,-0.0341,-0.0233,-0.0195
4.0725,-0.0205,-0.0107,0.0098,-0.0147,-0.0000,0.0166,-0.0107,-0.0391,-0.0352,-0.0332,-0.0235,-0.0195
4.0750,-0.0212,-0.0108,0.0104,-0.0152,-0.0001,0.0167,-0.0102,-0.0390,-0.0348,-0.0331,-0.0228,-0.0194
4.0775,-0.0218,-0.0103,0.0115,-0.0164,0.0005,0.0162,-0.0090,-0.0392,-0.0359,-0.0336,-0.0221,-0.0197
4.0800,-0.0210,-0.0096,0.0114,-0.0163,0.0009,0.0152,-0.0088,-0.0388,-0.0361,-0.0345,-0.0228,-0.0193
4.0825,-0.0195,-0.0098,0.0098,-0.0147,0.0000,0.0147,-0.0088,-0.0381,-0.0362,-0.0352,-0.0235,-0.0195
4.0850,-0.0201,-0.0105,0.0096,-0.0145,-0.0001,0.0160,-0.0088,-0.0387,-0.0370,-0.0345,-0.0234,-0.0214
4.0875,-0.0209,-0.0110,0.0099,-0.0148,0.0000,0.0172,-0.0088,-0.0393,-0.0367,-0.0340,-0.0235,-0.0206
4.0900,-0.0201,-0.0104,0.0097,-0.0146,0.0000,0.0160,-0.0087,-0.0388,-0.0360,-0.0343,-0.0233,-0.0194
4.0925,-0.0195,-0.0098,0.0098,-0.0147,-0.0000,0.0147,-0.0088,-0.0381,-0.0362,-0.0342,-0.0225,-0.0205
4.0950,-0.0195,-0.0099,0.0097,-0.0146,-0.0002,0.0146,-0.0094,-0.0373,-0.0362,-0.0341,-0.0222,-0.0206
4.0975,-0.0197,-0.0094,0.0103,-0.0150,0.0007,0.0149,-0.0104,-0.0369,-0.0361,-0.0343,-0.0231,-0.0205
4.1000,-0.0210,-0.0103,0.0107,-0.0159,0.0007,0.0161,-0.0107,-0.0373,-0.0360,-0.0341,-0.0233,-0.0203
4.1025,-0.0215,-0.0117,0.0098,-0.0156,-0.0010,0.0166,-0.0098,-0.0381,-0.0352,-0.0342,-0.0225,-0.0195
4.1050,-0.0199,-0.0110,0.0089,-0.0140,-0.0012,0.0156,-0.0088,-0.0383,-0.0349,-0.0344,-0.0217,-0.0202
4.1075,-0.0197,-0.0107,0.0090,-0.0137,-0.0005,0.0162,-0.0092,-0.0376,-0.0358,-0.0335,-0.0212,-0.0204
4.1100,-0.0207,-0.0105,0.0102,-0.0152,0.0003,0.0164,-0.0100,-0.0370,-0.0362,-0.0333,-0.0219,-0.0191
4.1125,-0.0205,-0.0098,0.0107,-0.0156,0.0010,0.0156,-0.0107,-0.0371,-0.0362,-0.0342,-0.0235,-0.0186
4.1150,-0.0205,-0.0105,0.0099,-0.0148,0.0003,0.0165,-0.0111,-0.0372,-0.0362,-0.0343,-0.0230,-0.0186
4.1175,-0.0202,-0.0104,0.0098,-0.0147,-0.0001,0.0159,-0.0096,-0.0368,-0.0357,-0.0341,-0.0213,-0.0185
4.1200,-0.0191,-0.0096,0.0095,-0.0144,-0.0000,0.0143,-0.0087,-0.0357,-0.0350,-0.0342,-0.0203,-0.0186
4.1225,-0.0186,-0.0098,0.0088,-0.0137,0.0000,0.0147,-0.0088,-0.0342,-0.0342,-0.0332,-0.0205,-0.0186
4.1250,-0.0186,-0.0079,0.0107,-0.0143,0.0020,0.0142,-0.0068,-0.0321,-0.0321,-0.0311,-0.0208,-0.0179
4.1275,-0.0180,-0.0052,0.0127,-0.0148,0.0042,0.0126,-0.0043,-0.0293,-0.0297,-0.0290,-0.0194,-0.0171
4.1300,-0.0158,-0.0049,0.0109,-0.0130,0.0035,0.0113,-0.0022,-0.0265,-0.0276,-0.0282,-0.0184,-0.0164
4.1325,-0.0147,-0.0039,0.0107,-0.0127,0.0039,0.0098,-0.0000,-0.0244,-0.0254,-0.0283,-0.0186,-0.0156
4.1350,-0.0155,-0.0008,0.0147,-0.0152,0.0071,0.0083,0.0015,-0.0223,-0.0238,-0.0272,-0.0172,-0.0149
4.1375,-0.0150,0.0004,0.0154,-0.0152,0.0077,0.0071,0.0030,-0.0199,-0.0227,-0.0246,-0.0157,-0.0141
4.1400,-0.0131,-0.0001,0.0130,-0.0130,0.0067,0.0069,0.0041,-0.0180,-0.0207,-0.0231,-0.0157,-0.0135
4.1425,-0.0127,0.0010,0.0137,-0.0127,0.0078,0.0068,0.0039,-0.0176,-0.0195,-0.0225,-0.0156,-0.0127
4.1450,-0.0122,0.0026,0.0148,-0.0129,0.0088,0.0055,0.0050,-0.0177,-0.0203,-0.0211,-0.0149,-0.0118
4.1475,-0.0103,0.0034,0.0137,-0.0118,0.0087,0.0038,0.0074,-0.0171,-0.0197,-0.0195,-0.0142,-0.0118
4.1500,-0.0081,0.0042,0.0124,-0.0102,0.0089,0.0026,0.0076,-0.0164,-0.0164,-0.0181,-0.0133,-0.0115
4.1525,-0.0068,0.0049,0.0117,-0.0088,0.0088,0.0020,0.0068,-0.0156,-0.0147,-0.0176,-0.0117,-0.0098
4.1550,-0.0055,0.0049,0.0104,-0.0074,0.0081,0.0013,0.0064,-0.0140,-0.0154,-0.0177,-0.0101,-0.0087
4.1575,-0.0036,0.0050,0.0086,-0.0056,0.0073,0.0003,0.0040,-0.0138,-0.0157,-0.0167,-0.0093,-0.0091
4.1600,-0.0029,0.0046,0.0075,-0.0047,0.0066,0.0001,0.0012,-0.0151,-0.0156,-0.0153,-0.0086,-0.0083
4.1625,-0.0029,0.0029,0.0059,-0.0039,0.0049,0.0010,-0.0000,-0.0156,-0.0156,-0.0156,-0.0088,-0.0068
4.1650,-0.0022,0.0012,0.0034,-0.0023,0.0024,0.0010,-0.0020,-0.0166,-0.0167,-0.0169,-0.0098,-0.0073
4.1675,-0.0021,0.0009,0.0029,-0.0021,0.0021,0.0012,-0.0045,-0.0203,-0.0200,-0.0191,-0.0091,-0.0089
4.1700,-0.0035,0.0010,0.0045,-0.0034,0.0033,0.0024,-0.0065,-0.0249,-0.0235,-0.0211,-0.0091,-0.0101
4.1725,-0.0049,0.0010,0.0059,-0.0049,0.0039,0.0029,-0.0088,-0.0283,-0.0264,-0.0225,-0.0117,-0.0107
4.1750,-0.0063,0.0004,0.0067,-0.0065,0.0040,0.0034,-0.0105,-0.0306,-0.0295,-0.0246,-0.0142,-0.0114
4.1775,-0.0079,-0.0013,0.0066,-0.0070,0.0033,0.0055,-0.0109,-0.0321,-0.0307,-0.0264,-0.0150,-0.0124
4.1800,-0.0091,-0.0038,0.0054,-0.0068,0.0011,0.0072,-0.0106,-0.0321,-0.0301,-0.0261,-0.0142,-0.0126
4.1825,-0.0098,-0.0059,0.0039,-0.0068,-0.0010,0.0078,-0.0098,-0.0313,-0.0303,-0.0254,-0.0127,-0.0117
4.1850,-0.0105,-0.0063,0.0042,-0.0075,-0.0007,0.0086,-0.0090,-0.0305,-0.0304,-0.0253,-0.0131,-0.0115
4.1875,-0.0110,-0.0049,0.0061,-0.0083,0.0012,0.0088,-0.0089,-0.0300,-0.0302,-0.0254,-0.0145,-0.0123
4.1900,-0.0104,-0.0053,0.0051,-0.0072,0.0003,0.0088,-0.0104,-0.0306,-0.0304,-0.0255,-0.0144,-0.0127
4.1925,-0.0098,-0.0068,0.0029,-0.0059,-0.0020,0.0088,-0.0117,-0.0322,-0.0313,-0.0264,-0.0137,-0.0117
4.1950,-0.0098,-0.0062,0.0036,-0.0066,-0.0014,0.0079,-0.0117,-0.0332,-0.0327,-0.0266,-0.0136,-0.0113
4.1975,-0.0099,-0.0060,0.0038,-0.0067,-0.0007,0.0084,-0.0121,-0.0330,-0.0341,-0.0262,-0.0140,-0.0133
4.2000,-0.0115,-0.0071,0.0044,-0.0073,-0.0010,0.0104,-0.0130,-0.0336,-0.0357,-0.0285,-0.0152,-0.0149
4.2025,-0.0137,-0.0068,0.0068,-0.0098,-0.0000,0.0107,-0.0137,-0.0362,-0.0371,-0.0322,-0.0176,-0.0147
4.2050,-0.0143,-0.0072,0.0072,-0.0108,0.0004,0.0111,-0.0139,-0.0387,-0.0372,-0.0332,-0.0194,-0.0158
4.2075,-0.0160,-0.0095,0.0065,-0.0110,-0.0011,0.0135,-0.0128,-0.0389,-0.0370,-0.0334,-0.0196,-0.0183
4.2100,-0.0180,-0.0111,0.0069,-0.0120,-0.0023,0.0148,-0.0112,-0.0378,-0.0372,-0.0347,-0.0213,-0.0198
4.2125,-0.0176,-0.0117,0.0059,-0.0117,-0.0029,0.0147,-0.0107,-0.0381,-0.0371,-0.0362,-0.0235,-0.0195
4.2150,-0.0179,-0.0126,0.0053,-0.0113,-0.0031,0.0160,-0.0114,-0.0390,-0.0370,-0.0371,-0.0228,-0.0198
4.2175,-0.0202,-0.0127,0.0075,-0.0133,-0.0023,0.0174,-0.0121,-0.0387,-0.0376,-0.0369,-0.0226,-0.0223
4.2200,-0.0218,-0.0128,0.0090,-0.0149,-0.0020,0.0176,-0.0113,-0.0379,-0.0382,-0.0375,-0.0237,-0.0235
4.2225,-0.0215,-0.0127,0.0088,-0.0147,-0.0020,0.0176,-0.0107,-0.0381,-0.0381,-0.0391,-0.0235,-0.0225
4.2250,-0.0208,-0.0112,0.0096,-0.0146,-0.0004,0.0169,-0.0121,-0.0389,-0.0379,-0.0393,-0.0232,-0.0223
4.2275,-0.0197,-0.0104,0.0093,-0.0141,0.0000,0.0161,-0.0132,-0.0391,-0.0383,-0.0388,-0.0241,-0.0225
4.2300,-0.0180,-0.0109,0.0071,-0.0120,-0.0015,0.0153,-0.0122,-0.0390,-0.0377,-0.0393,-0.0244,-0.0225
4.2325,-0.0176,-0.0107,0.0068,-0.0117,-0.0020,0.0147,-0.0107,-0.0391,-0.0371,-0.0401,-0.0244,-0.0225
4.2350,-0.0191,-0.0107,0.0085,-0.0133,-0.0012,0.0153,-0.0105,-0.0391,-0.0379,-0.0401,-0.0252,-0.0217
4.2375,-0.0197,-0.0108,0.0089,-0.0138,-0.0009,0.0159,-0.0115,-0.0387,-0.0378,-0.0399,-0.0253,-0.0213
4.2400,-0.0195,-0.0107,0.0088,-0.0136,-0.0011,0.0155,-0.0115,-0.0377,-0.0369,-0.0401,-0.0238,-0.0216
4.2425,-0.0195,-0.0107,0.0088,-0.0137,-0.0010,0.0156,-0.0107,-0.0371,-0.0371,-0.0401,-0.0225,-0.0215
4.2450,-0.0200,-0.0108,0.0092,-0.0142,-0.0003,0.0164,-0.0115,-0.0371,-0.0373,-0.0393,-0.0230,-0.0214
4.2475,-0.0214,-0.0106,0.0108,-0.0156,0.0003,0.0168,-0.0117,-0.0371,-0.0369,-0.0385,-0.0241,-0.0217
4.2500,-0.0209,-0.0109,0.0100,-0.0151,-0.0004,0.0164,-0.0103,-0.0373,-0.0374,-0.0379,-0.0242,-0.0212
4.2525,-0.0186,-0.0117,0.0068,-0.0127,-0.0020,0.0156,-0.0098,-0.0371,-0.0381,-0.0381,-0.0225,-0.0205
4.2550,-0.0189,-0.0119,0.0070,-0.0130,-0.0023,0.0155,-0.0107,-0.0357,-0.0375,-0.0383,-0.0212,-0.0199
4.2575,-0.0202,-0.0112,0.0090,-0.0144,-0.0012,0.0159,-0.0108,-0.0349,-0.0368,-0.0374,-0.0227,-0.0187
4.2600,-0.0188,-0.0106,0.0082,-0.0129,-0.0012,0.0153,-0.0109,-0.0355,-0.0374,-0.0373,-0.0233,-0.0189
4.2625,-0.0176,-0.0107,0.0068,-0.0117,-0.0020,0.0147,-0.0107,-0.0362,-0.0371,-0.0381,-0.0225,-0.0205
4.2650,-0.0195,-0.0115,0.0080,-0.0136,-0.0014,0.0160,-0.0089,-0.0351,-0.0361,-0.0380,-0.0244,-0.0212
4.2675,-0.0231,-0.0120,0.0110,-0.0171,0.0000,0.0180,-0.0056,-0.0324,-0.0372,-0.0399,-0.0274,-0.0233
4.2700,-0.0289,-0.0114,0.0175,-0.0231,0.0035,0.0206,-0.0012,-0.0311,-0.0383,-0.0449,-0.0309,-0.0284
4.2725,-0.0401,-0.0098,0.0303,-0.0352,0.0107,0.0254,0.0068,-0.0303,-0.0371,-0.0508,-0.0381,-0.0352
4.2750,-0.0545,-0.0071,0.0473,-0.0509,0.0202,0.0309,0.0218,-0.0248,-0.0348,-0.0570,-0.0473,-0.0440
4.2775,-0.0662,-0.0035,0.0627,-0.0644,0.0295,0.0348,0.0438,-0.0117,-0.0290,-0.0614,-0.0546,-0.0526
4.2800,-0.0750,-0.0016,0.0735,-0.0743,0.0361,0.0383,0.0695,0.0124,-0.0183,-0.0609,-0.0588,-0.0583
4.2825,-0.0792,0.0000,0.0792,-0.0792,0.0401,0.0401,0.0977,0.0479,0.0000,-0.0547,-0.0596,-0.0606
4.2850,-0.0760,0.0046,0.0806,-0.0779,0.0432,0.0367,0.1277,0.0894,0.0271,-0.0415,-0.0546,-0.0576
4.2875,-0.0660,0.0122,0.0783,-0.0718,0.0454,0.0274,0.1527,0.1311,0.0568,-0.0205,-0.0407,-0.0464
4.2900,-0.0475,0.0242,0.0717,-0.0597,0.0480,0.0116,0.1662,0.1636,0.0860,0.0068,-0.0199,-0.0270
4.2925,-0.0205,0.0410,0.0616,-0.0410,0.0518,-0.0098,0.1632,0.1778,0.1143,0.0410,0.0068,-0.0010
4.2950,0.0130,0.0599,0.0469,-0.0170,0.0540,-0.0359,0.1389,0.1701,0.1369,0.0822,0.0437,0.0333
4.2975,0.0572,0.0800,0.0228,0.0173,0.0516,-0.0681,0.0948,0.1395,0.1531,0.1272,0.0923,0.0770
4.3000,0.1098,0.0986,-0.0112,0.0612,0.0436,-0.1037,0.0354,0.0931,0.1686,0.1784,0.1499,0.1263
4.3025,0.1642,0.1124,-0.0518,0.1085,0.0303,-0.1378,-0.0362,0.0440,0.1857,0.2384,0.2111,0.1788
4.3050,0.2183,0.1214,-0.0969,0.1576,0.0127,-0.1694,-0.1112,0.0025,0.2039,0.3025,0.2690,0.2319
4.3075,0.2666,0.1239,-0.1427,0.2049,-0.0092,-0.1947,-0.1779,-0.0269,0.2226,0.3632,0.3169,0.2764
4.3100,0.3008,0.1169,-0.1839,0.2429,-0.0335,-0.2083,-0.2314,-0.0452,0.2377,0.4100,0.3482,0.3043
4.3125,0.3176,0.1026,-0.2150,0.2668,-0.0557,-0.2091,-0.2717,-0.0577,0.2394,0.4300,0.3547,0.3117
4.3150,0.3140,0.0821,-0.2320,0.2735,-0.0743,-0.1969,-0.2964,-0.0709,0.2200,0.4133,0.3317,0.2952
4.3175,0.2886,0.0531,-0.2355,0.2622,-0.0910,-0.1704,-0.3049,-0.0888,0.1760,0.3570,0.2811,0.2560
4.3200,0.2466,0.0204,-0.2262,0.2364,-0.1029,-0.1335,-0.2983,-0.1117,0.1079,0.2689,0.2104,0.2015
4.3225,0.1954,-0.0107,-0.2062,0.2013,-0.1085,-0.0919,-0.2795,-0.1368,0.0274,0.1632,0.1319,0.1397
4.3250,0.1420,-0.0385,-0.1805,0.1618,-0.1094,-0.0512,-0.2527,-0.1583,-0.0459,0.0578,0.0610,0.0800
4.3275,0.0943,-0.0567,-0.1510,0.1231,-0.1039,-0.0185,-0.2199,-0.1686,-0.1008,-0.0271,0.0085,0.0329
4.3300,0.0574,-0.0623,-0.1197,0.0891,-0.0908,0.0031,-0.1829,-0.1639,-0.1332,-0.0808,-0.0210,0.0024
4.3325,0.0322,-0.0596,-0.0919,0.0625,-0.0752,0.0147,-0.1456,-0.1446,-0.1397,-0.1036,-0.0303,-0.0127
4.3350,0.0183,-0.0516,-0.0699,0.0446,-0.0607,0.0171,-0.1112,-0.1154,-0.1232,-0.1013,-0.0277,-0.0154
4.3375,0.0117,-0.0400,-0.0516,0.0322,-0.0456,0.0149,-0.0807,-0.0828,-0.0945,-0.0849,-0.0200,-0.0124
4.3400,0.0073,-0.0289,-0.0362,0.0223,-0.0321,0.0118,-0.0541,-0.0515,-0.0650,-0.0647,-0.0126,-0.0087
4.3425,0.0039,-0.0205,-0.0244,0.0147,-0.0225,0.0088,-0.0332,-0.0264,-0.0420,-0.0459,-0.0078,-0.0059
4.3450,-0.0002,-0.0144,-0.0141,0.0075,-0.0144,0.0077,-0.0191,-0.0116,-0.0277,-0.0331,-0.0053,-0.0055
4.3475,-0.0059,-0.0103,-0.0043,-0.0003,-0.0070,0.0089,-0.0096,-0.0051,-0.0196,-0.0272,-0.0054,-0.0071
4.3500,-0.0099,-0.0085,0.0014,-0.0051,-0.0030,0.0102,-0.0027,-0.0021,-0.0141,-0.0252,-0.0080,-0.0082
4.3525,-0.0107,-0.0088,0.0020,-0.0059,-0.0029,0.0107,0.0020,-0.0010,-0.0107,-0.0244,-0.0107,-0.0098
4.3550,-0.0121,-0.0098,0.0024,-0.0072,-0.0032,0.0115,0.0052,-0.0010,-0.0105,-0.0251,-0.0124,-0.0130
4.3575,-0.0140,-0.0093,0.0047,-0.0092,-0.0018,0.0123,0.0071,-0.0009,-0.0111,-0.0261,-0.0133,-0.0142
4.3600,-0.0150,-0.0087,0.0063,-0.0100,-0.0008,0.0129,0.0083,-0.0009,-0.0102,-0.0265,-0.0138,-0.0136
4.3625,-0.0156,-0.0088,0.0068,-0.0107,-0.0010,0.0127,0.0098,0.0000,-0.0088,-0.0274,-0.0137,-0.0147
4.3650,-0.0158,-0.0081,0.0076,-0.0117,-0.0003,0.0119,0.0114,0.0018,-0.0091,-0.0282,-0.0141,-0.0164
4.3675,-0.0155,-0.0073,0.0082,-0.0116,0.0005,0.0117,0.0117,0.0019,-0.0107,-0.0286,-0.0161,-0.0166
4.3700,-0.0158,-0.0064,0.0093,-0.0120,0.0014,0.0116,0.0102,0.0024,-0.0102,-0.0297,-0.0180,-0.0166
4.3725,-0.0156,-0.0049,0.0107,-0.0127,0.0029,0.0107,0.0088,0.0039,-0.0088,-0.0303,-0.0176,-0.0166
4.3750,-0.0147,-0.0039,0.0108,-0.0127,0.0039,0.0099,0.0093,0.0039,-0.0082,-0.0288,-0.0166,-0.0165
4.3775,-0.0151,-0.0040,0.0111,-0.0131,0.0038,0.0097,0.0107,0.0049,-0.0066,-0.0280,-0.0168,-0.0172
4.3800,-0.0158,-0.0038,0.0119,-0.0138,0.0040,0.0098,0.0123,0.0077,-0.0060,-0.0285,-0.0163,-0.0175
4.3825,-0.0156,-0.0039,0.0117,-0.0137,0.0039,0.0098,0.0137,0.0088,-0.0068,-0.0283,-0.0156,-0.0166
4.3850,-0.0157,-0.0041,0.0116,-0.0137,0.0037,0.0098,0.0145,0.0087,-0.0049,-0.0270,-0.0163,-0.0164
4.3875,-0.0152,-0.0033,0.0119,-0.0133,0.0045,0.0097,0.0148,0.0093,-0.0024,-0.0252,-0.0165,-0.0166
4.3900,-0.0145,-0.0030,0.0115,-0.0125,0.0048,0.0099,0.0144,0.0100,-0.0018,-0.0244,-0.0150,-0.0149
4.3925,-0.0147,-0.0029,0.0117,-0.0127,0.0049,0.0098,0.0147,0.0107,-0.0010,-0.0254,-0.0137,-0.0137
4.3950,-0.0147,-0.0014,0.0133,-0.0136,0.0064,0.0089,0.0169,0.0122,-0.0001,-0.0258,-0.0135,-0.0151
4.3975,-0.0146,-0.0007,0.0139,-0.0137,0.0071,0.0088,0.0181,0.0137,-0.0001,-0.0238,-0.0142,-0.0157
4.4000,-0.0146,-0.0011,0.0135,-0.0137,0.0066,0.0087,0.0172,0.0151,0.0002,-0.0221,-0.0148,-0.0141
4.4025,-0.0147,-0.0020,0.0127,-0.0137,0.0059,0.0088,0.0166,0.0156,0.0010,-0.0225,-0.0147,-0.0137
4.4050,-0.0148,-0.0030,0.0118,-0.0129,0.0049,0.0098,0.0173,0.0154,0.0017,-0.0226,-0.0139,-0.0140
4.4075,-0.0141,-0.0020,0.0121,-0.0126,0.0053,0.0088,0.0179,0.0168,0.0024,-0.0220,-0.0134,-0.0126
4.4100,-0.0136,-0.0008,0.0129,-0.0127,0.0060,0.0076,0.0173,0.0194,0.0032,-0.0212,-0.0139,-0.0117
4.4125,-0.0137,-0.0010,0.0127,-0.0127,0.0059,0.0078,0.0176,0.0205,0.0039,-0.0205,-0.0137,-0.0127
4.4150,-0.0136,-0.0004,0.0132,-0.0134,0.0065,0.0070,0.0198,0.0204,0.0046,-0.0204,-0.0114,-0.0130
4.4175,-0.0140,0.0005,0.0145,-0.0140,0.0074,0.0069,0.0210,0.0209,0.0054,-0.0207,-0.0103,-0.0120
4.4200,-0.0131,0.0013,0.0144,-0.0133,0.0080,0.0065,0.0202,0.0217,0.0061,-0.0202,-0.0109,-0.0118
4.4225,-0.0107,0.0020,0.0127,-0.0117,0.0078,0.0049,0.0205,0.0225,0.0068,-0.0186,-0.0107,-0.0117
4.4250,-0.0098,0.0007,0.0105,-0.0102,0.0058,0.0047,0.0214,0.0238,0.0075,-0.0176,-0.0100,-0.0109
4.4275,-0.0097,-0.0007,0.0090,-0.0093,0.0039,0.0050,0.0213,0.0255,0.0083,-0.0178,-0.0096,-0.0108
4.4300,-0.0100,0.0008,0.0108,-0.0103,0.0060,0.0049,0.0219,0.0267,0.0090,-0.0171,-0.0100,-0.0105
4.4325,-0.0107,0.0029,0.0137,-0.0117,0.0088,0.0049,0.0235,0.0274,0.0098,-0.0147,-0.0107,-0.0088
4.4350,-0.0102,0.0031,0.0133,-0.0111,0.0083,0.0042,0.0236,0.0286,0.0111,-0.0127,-0.0096,-0.0083
4.4375,-0.0091,0.0024,0.0116,-0.0102,0.0071,0.0037,0.0232,0.0308,0.0130,-0.0133,-0.0073,-0.0098
4.4400,-0.0087,0.0018,0.0105,-0.0096,0.0067,0.0040,0.0237,0.0327,0.0154,-0.0134,-0.0071,-0.0092
4.4425,-0.0088,0.0020,0.0107,-0.0098,0.0068,0.0039,0.0244,0.0332,0.0166,-0.0107,-0.0078,-0.0068
4.4450,-0.0090,0.0035,0.0125,-0.0108,0.0084,0.0031,0.0246,0.0336,0.0158,-0.0081,-0.0071,-0.0059
4.4475,-0.0079,0.0039,0.0118,-0.0096,0.0085,0.0028,0.0238,0.0357,0.0162,-0.0082,-0.0064,-0.0055
4.4500,-0.0065,0.0023,0.0088,-0.0070,0.0059,0.0030,0.0236,0.0376,0.0183,-0.0088,-0.0053,-0.0047
4.4525,-0.0059,0.0010,0.0068,-0.0059,0.0039,0.0029,0.0254,0.0381,0.0195,-0.0068,-0.0039,-0.0049
4.4550,-0.0051,0.0015,0.0066,-0.0058,0.0044,0.0021,0.0278,0.0386,0.0202,-0.0042,-0.0045,-0.0051
4.4575,-0.0048,0.0027,0.0076,-0.0060,0.0058,0.0019,0.0287,0.0406,0.0213,-0.0043,-0.0049,-0.0039
4.4600,-0.0048,0.0029,0.0076,-0.0056,0.0056,0.0019,0.0280,0.0443,0.0232,-0.0048,-0.0032,-0.0025
4.4625,-0.0039,0.0029,0.0068,-0.0049,0.0049,0.0010,0.0274,0.0469,0.0254,-0.0029,-0.0020,-0.0020
4.4650,-0.0026,0.0038,0.0063,-0.0044,0.0050,-0.0005,0.0279,0.0462,0.0270,-0.0005,-0.0019,-0.0019
4.4675,-0.0007,0.0039,0.0046,-0.0026,0.0042,-0.0016,0.0294,0.0462,0.0279,0.0003,-0.0017,-0.0018
4.4700,-0.0001,0.0040,0.0041,-0.0021,0.0041,-0.0019,0.0305,0.0489,0.0285,-0.0001,-0.0005,-0.0003
4.4725,-0.0010,0.0039,0.0049,-0.0029,0.0049,-0.0010,0.0303,0.0518,0.0293,0.0000,0.0010,0.0020
4.4750,0.0000,0.0029,0.0029,-0.0010,0.0035,-0.0005,0.0294,0.0534,0.0307,0.0014,0.0017,0.0022
4.4775,0.0029,0.0038,0.0009,0.0016,0.0025,-0.0025,0.0298,0.0540,0.0321,0.0031,0.0025,0.0015
4.4800,0.0040,0.0052,0.0012,0.0018,0.0032,-0.0043,0.0322,0.0554,0.0339,0.0042,0.0031,0.0025
4.4825,0.0039,0.0059,0.0020,0.0010,0.0039,-0.0049,0.0342,0.0586,0.0362,0.0049,0.0029,0.0049
4.4850,0.0051,0.0074,0.0023,0.0013,0.0049,-0.0063,0.0342,0.0617,0.0377,0.0062,0.0034,0.0066
4.4875,0.0072,0.0078,0.0006,0.0036,0.0042,-0.0072,0.0344,0.0637,0.0389,0.0081,0.0054,0.0068
4.4900,0.0079,0.0063,-0.0016,0.0052,0.0025,-0.0066,0.0355,0.0647,0.0407,0.0089,0.0072,0.0070
4.4925,0.0088,0.0059,-0.0029,0.0059,0.0020,-0.0068,0.0362,0.0655,0.0420,0.0088,0.0068,0.0078
4.4950,0.0104,0.0060,-0.0045,0.0074,0.0013,-0.0077,0.0368,0.0674,0.0419,0.0100,0.0065,0.0086
4.4975,0.0108,0.0056,-0.0052,0.0080,0.0006,-0.0078,0.0377,0.0702,0.0428,0.0123,0.0079,0.0090
4.5000,0.0110,0.0063,-0.0047,0.0078,0.0014,-0.0080,0.0382,0.0733,0.0462,0.0142,0.0090,0.0086
4.5025,0.0127,0.0078,-0.0049,0.0088,0.0020,-0.0098,0.0391,0.0762,0.0498,0.0156,0.0098,0.0088
4.5050,0.0148,0.0080,-0.0068,0.0108,0.0006,-0.0115,0.0406,0.0783,0.0514,0.0170,0.0120,0.0103
4.5075,0.0172,0.0074,-0.0098,0.0136,-0.0009,-0.0120,0.0416,0.0812,0.0525,0.0189,0.0134,0.0115
4.5100,0.0189,0.0083,-0.0107,0.0147,-0.0008,-0.0133,0.0422,0.0854,0.0543,0.0213,0.0139,0.0135
4.5125,0.0195,0.0098,-0.0098,0.0147,0.0000,-0.0147,0.0430,0.0879,0.0557,0.0235,0.0156,0.0156
4.5150,0.0203,0.0093,-0.0109,0.0161,-0.0004,-0.0140,0.0436,0.0890,0.0568,0.0249,0.0179,0.0156
4.5175,0.0208,0.0078,-0.0130,0.0171,-0.0022,-0.0137,0.0449,0.0922,0.0596,0.0263,0.0197,0.0167
4.5200,0.0222,0.0083,-0.0138,0.0181,-0.0029,-0.0153,0.0462,0.0956,0.0622,0.0279,0.0209,0.0194
4.5225,0.0254,0.0107,-0.0147,0.0205,-0.0020,-0.0176,0.0459,0.0977,0.0635,0.0303,0.0225,0.0205
4.5250,0.0291,0.0119,-0.0172,0.0232,-0.0022,-0.0199,0.0455,0.1005,0.0661,0.0332,0.0254,0.0217
4.5275,0.0325,0.0111,-0.0214,0.0271,-0.0047,-0.0211,0.0474,0.1032,0.0699,0.0358,0.0278,0.0241
4.5300,0.0347,0.0109,-0.0239,0.0299,-0.0060,-0.0217,0.0492,0.1052,0.0732,0.0378,0.0284,0.0258
4.5325,0.0362,0.0127,-0.0235,0.0303,-0.0049,-0.0235,0.0489,0.1085,0.0752,0.0410,0.0283,0.0264
4.5350,0.0388,0.0156,-0.0232,0.0316,-0.0033,-0.0262,0.0480,0.1116,0.0770,0.0449,0.0288,0.0276
4.5375,0.0422,0.0183,-0.0240,0.0333,-0.0023,-0.0295,0.0477,0.1133,0.0808,0.0474,0.0309,0.0301
4.5400,0.0446,0.0200,-0.0247,0.0347,-0.0020,-0.0319,0.0481,0.1148,0.0837,0.0497,0.0344,0.0333
4.5425,0.0469,0.0205,-0.0264,0.0371,-0.0029,-0.0332,0.0489,0.1173,0.0850,0.0528,0.0371,0.0362
4.5450,0.0497,0.0198,-0.0299,0.0400,-0.0051,-0.0347,0.0489,0.1202,0.0872,0.0563,0.0384,0.0377
4.5475,0.0530,0.0197,-0.0333,0.0430,-0.0066,-0.0363,0.0486,0.1227,0.0888,0.0603,0.0409,0.0392
4.5500,0.0572,0.0229,-0.0343,0.0459,-0.0051,-0.0393,0.0473,0.1246,0.0906,0.0633,0.0439,0.0421
4.5525,0.0616,0.0264,-0.0352,0.0489,-0.0039,-0.0430,0.0459,0.1261,0.0938,0.0655,0.0459,0.0450
4.5550,0.0640,0.0265,-0.0375,0.0512,-0.0054,-0.0447,0.0459,0.1268,0.0954,0.0683,0.0486,0.0476
4.5575,0.0656,0.0269,-0.0387,0.0526,-0.0058,-0.0456,0.0455,0.1274,0.0967,0.0713,0.0523,0.0516
4.5600,0.0685,0.0291,-0.0394,0.0545,-0.0046,-0.0476,0.0448,0.1282,0.0997,0.0743,0.0557,0.0542
4.5625,0.0713,0.0303,-0.0410,0.0567,-0.0049,-0.0498,0.0450,0.1290,0.1016,0.0782,0.0577,0.0547
4.5650,0.0728,0.0308,-0.0420,0.0574,-0.0051,-0.0513,0.0437,0.1290,0.1014,0.0820,0.0583,0.0566
4.5675,0.0742,0.0325,-0.0417,0.0581,-0.0040,-0.0526,0.0414,0.1285,0.1028,0.0847,0.0597,0.0597
4.5700,0.0755,0.0350,-0.0406,0.0587,-0.0025,-0.0543,0.0394,0.1276,0.1051,0.0864,0.0624,0.0623
4.5725,0.0762,0.0362,-0.0401,0.0586,-0.0020,-0.0557,0.0381,0.1270,0.1055,0.0879,0.0635,0.0645
4.5750,0.0769,0.0354,-0.0415,0.0593,-0.0027,-0.0557,0.0374,0.1263,0.1047,0.0901,0.0632,0.0654
4.5775,0.0776,0.0355,-0.0421,0.0598,-0.0029,-0.0562,0.0362,0.1251,0.1042,0.0919,0.0648,0.0656
4.5800,0.0785,0.0380,-0.0405,0.0595,-0.0014,-0.0584,0.0346,0.1235,0.1048,0.0914,0.0671,0.0671
4.5825,0.0801,0.0391,-0.0410,0.0606,-0.0010,-0.0596,0.0332,0.1212,0.1055,0.0909,0.0684,0.0694
4.5850,0.0811,0.0381,-0.0430,0.0623,-0.0020,-0.0588,0.0312,0.1176,0.1042,0.0929,0.0693,0.0702
4.5875,0.0807,0.0389,-0.0418,0.0619,-0.0012,-0.0589,0.0281,0.1134,0.1023,0.0949,0.0693,0.0704
4.5900,0.0797,0.0404,-0.0393,0.0598,0.0005,-0.0598,0.0239,0.1086,0.1012,0.0942,0.0696,0.0701
4.5925,0.0782,0.0410,-0.0371,0.0577,0.0020,-0.0596,0.0205,0.1036,0.0997,0.0919,0.0704,0.0694
4.5950,0.0766,0.0419,-0.0347,0.0560,0.0036,-0.0589,0.0196,0.0991,0.0968,0.0901,0.0691,0.0693
4.5975,0.0752,0.0416,-0.0336,0.0547,0.0041,-0.0579,0.0190,0.0944,0.0937,0.0895,0.0669,0.0689
4.6000,0.0719,0.0410,-0.0309,0.0513,0.0056,-0.0559,0.0165,0.0890,0.0909,0.0882,0.0646,0.0664
4.6025,0.0674,0.0410,-0.0264,0.0469,0.0078,-0.0537,0.0137,0.0831,0.0879,0.0850,0.0616,0.0635
4.6050,0.0638,0.0397,-0.0241,0.0440,0.0078,-0.0517,0.0127,0.0764,0.0838,0.0807,0.0592,0.0614
4.6075,0.0593,0.0381,-0.0212,0.0401,0.0087,-0.0486,0.0128,0.0705,0.0782,0.0754,0.0571,0.0584
4.6100,0.0540,0.0365,-0.0175,0.0359,0.0100,-0.0445,0.0126,0.0658,0.0724,0.0692,0.0532,0.0543
4.6125,0.0498,0.0342,-0.0156,0.0332,0.0098,-0.0410,0.0127,0.0606,0.0684,0.0635,0.0489,0.0508
4.6150,0.0456,0.0327,-0.0129,0.0297,0.0104,-0.0381,0.0129,0.0546,0.0644,0.0584,0.0460,0.0479
4.6175,0.0405,0.0307,-0.0098,0.0257,0.0107,-0.0348,0.0119,0.0489,0.0580,0.0531,0.0420,0.0447
4.6200,0.0355,0.0270,-0.0085,0.0223,0.0092,-0.0309,0.0102,0.0428,0.0520,0.0483,0.0360,0.0405
4.6225,0.0313,0.0235,-0.0078,0.0195,0.0078,-0.0274,0.0088,0.0371,0.0479,0.0440,0.0313,0.0362
4.6250,0.0277,0.0217,-0.0060,0.0168,0.0082,-0.0243,0.0073,0.0321,0.0429,0.0378,0.0289,0.0319
4.6275,0.0234,0.0210,-0.0024,0.0129,0.0099,-0.0216,0.0062,0.0262,0.0371,0.0301,0.0267,0.0267
4.6300,0.0192,0.0183,-0.0008,0.0101,0.0091,-0.0183,0.0056,0.0209,0.0312,0.0251,0.0230,0.0222
4.6325,0.0156,0.0147,-0.0010,0.0088,0.0068,-0.0147,0.0039,0.0176,0.0254,0.0215,0.0186,0.0195
4.6350,0.0119,0.0130,0.0011,0.0059,0.0074,-0.0115,0.0014,0.0133,0.0214,0.0157,0.0141,0.0167
4.6375,0.0085,0.0118,0.0034,0.0030,0.0080,-0.0093,0.0011,0.0088,0.0187,0.0103,0.0100,0.0136
4.6400,0.0043,0.0102,0.0059,-0.0003,0.0079,-0.0069,0.0023,0.0061,0.0152,0.0066,0.0069,0.0107
4.6425,0.0000,0.0088,0.0088,-0.0039,0.0088,-0.0039,0.0020,0.0039,0.0107,0.0029,0.0039,0.0078
4.6450,-0.0024,0.0073,0.0097,-0.0055,0.0090,-0.0015,0.0010,0.0010,0.0074,-0.0000,0.0007,0.0061
4.6475,-0.0043,0.0059,0.0102,-0.0068,0.0082,-0.0002,0.0013,-0.0018,0.0057,-0.0033,-0.0004,0.0054
4.6500,-0.0067,0.0042,0.0109,-0.0083,0.0077,0.0018,0.0022,-0.0034,0.0027,-0.0071,-0.0000,0.0045
4.6525,-0.0088,0.0029,0.0117,-0.0098,0.0078,0.0039,0.0020,-0.0049,0.0000,-0.0098,-0.0020,0.0029
4.6550,-0.0099,0.0030,0.0129,-0.0109,0.0081,0.0041,0.0005,-0.0071,-0.0006,-0.0107,-0.0052,0.0012
4.6575,-0.0090,0.0019,0.0109,-0.0097,0.0065,0.0040,-0.0007,-0.0087,-0.0028,-0.0112,-0.0066,0.0007
4.6600,-0.0091,-0.0009,0.0083,-0.0088,0.0043,0.0055,-0.0010,-0.0087,-0.0057,-0.0138,-0.0071,-0.0006
4.6625,-0.0107,-0.0020,0.0088,-0.0098,0.0039,0.0068,-0.0010,-0.0088,-0.0068,-0.0166,-0.0088,-0.0020
4.6650,-0.0109,-0.0018,0.0091,-0.0099,0.0041,0.0069,-0.0009,-0.0095,-0.0083,-0.0168,-0.0105,-0.0018
4.6675,-0.0110,-0.0028,0.0082,-0.0097,0.0030,0.0071,-0.0014,-0.0102,-0.0097,-0.0170,-0.0111,-0.0030
4.6700,-0.0120,-0.0044,0.0076,-0.0097,0.0015,0.0082,-0.0022,-0.0111,-0.0114,-0.0194,-0.0121,-0.0040
4.6725,-0.0117,-0.0049,0.0068,-0.0088,0.0010,0.0088,-0.0020,-0.0127,-0.0127,-0.0205,-0.0127,-0.0039
4.6750,-0.0109,-0.0049,0.0060,-0.0079,0.0010,0.0088,-0.0011,-0.0136,-0.0126,-0.0203,-0.0125,-0.0054
4.6775,-0.0106,-0.0049,0.0057,-0.0077,0.0010,0.0088,-0.0013,-0.0136,-0.0132,-0.0215,-0.0136,-0.0061
4.6800,-0.0109,-0.0048,0.0061,-0.0080,0.0010,0.0088,-0.0022,-0.0139,-0.0138,-0.0226,-0.0150,-0.0059
4.6825,-0.0117,-0.0049,0.0068,-0.0088,0.0010,0.0088,-0.0020,-0.0147,-0.0147,-0.0225,-0.0156,-0.0068
4.6850,-0.0119,-0.0056,0.0063,-0.0089,0.0004,0.0089,-0.0012,-0.0148,-0.0171,-0.0231,-0.0152,-0.0070
4.6875,-0.0115,-0.0061,0.0054,-0.0085,-0.0005,0.0086,-0.0008,-0.0145,-0.0174,-0.0240,-0.0132,-0.0066
4.6900,-0.0120,-0.0056,0.0064,-0.0091,0.0005,0.0091,-0.0012,-0.0148,-0.0164,-0.0246,-0.0131,-0.0070
4.6925,-0.0127,-0.0049,0.0078,-0.0098,0.0020,0.0098,-0.0020,-0.0156,-0.0166,-0.0244,-0.0147,-0.0078
4.6950,-0.0120,-0.0049,0.0072,-0.0091,0.0013,0.0091,-0.0027,-0.0164,-0.0159,-0.0229,-0.0140,-0.0087
4.6975,-0.0114,-0.0048,0.0066,-0.0085,0.0007,0.0085,-0.0032,-0.0168,-0.0158,-0.0222,-0.0136,-0.0086
4.7000,-0.0120,-0.0051,0.0069,-0.0090,0.0010,0.0092,-0.0026,-0.0164,-0.0170,-0.0226,-0.0135,-0.0073
4.7025,-0.0127,-0.0068,0.0059,-0.0088,-0.0000,0.0107,-0.0020,-0.0156,-0.0176,-0.0225,-0.0127,-0.0059
4.7050,-0.0128,-0.0074,0.0054,-0.0085,-0.0004,0.0113,-0.0027,-0.0155,-0.0183,-0.0224,-0.0134,-0.0062
4.7075,-0.0123,-0.0050,0.0073,-0.0096,0.0013,0.0090,-0.0031,-0.0161,-0.0188,-0.0224,-0.0138,-0.0083
4.7100,-0.0114,-0.0039,0.0075,-0.0094,0.0019,0.0077,-0.0029,-0.0169,-0.0184,-0.0226,-0.0136,-0.0084
4.7125,-0.0107,-0.0049,0.0059,-0.0078,0.0010,0.0088,-0.0029,-0.0176,-0.0186,-0.0235,-0.0137,-0.0068
4.7150,-0.0107,-0.0049,0.0058,-0.0077,0.0010,0.0089,-0.0028,-0.0178,-0.0194,-0.0242,-0.0129,-0.0073
4.7175,-0.0106,-0.0053,0.0054,-0.0078,0.0006,0.0087,-0.0035,-0.0170,-0.0195,-0.0250,-0.0129,-0.0085
4.7200,-0.0109,-0.0060,0.0049,-0.0080,-0.0001,0.0088,-0.0039,-0.0167,-0.0197,-0.0254,-0.0140,-0.0090
4.7225,-0.0117,-0.0059,0.0059,-0.0088,-0.0000,0.0088,-0.0029,-0.0176,-0.0205,-0.0244,-0.0147,-0.0098
4.7250,-0.0118,-0.0059,0.0059,-0.0088,-0.0000,0.0088,-0.0028,-0.0178,-0.0213,-0.0234,-0.0147,-0.0093
4.7275,-0.0116,-0.0057,0.0059,-0.0089,0.0001,0.0086,-0.0031,-0.0169,-0.0218,-0.0242,-0.0144,-0.0080
4.7300,-0.0118,-0.0062,0.0056,-0.0086,-0.0003,0.0091,-0.0028,-0.0167,-0.0211,-0.0259,-0.0149,-0.0080
4.7325,-0.0117,-0.0068,0.0049,-0.0078,-0.0010,0.0098,-0.0029,-0.0176,-0.0205,-0.0264,-0.0156,-0.0088
4.7350,-0.0116,-0.0055,0.0062,-0.0084,0.0003,0.0090,-0.0038,-0.0178,-0.0213,-0.0249,-0.0149,-0.0095
4.7375,-0.0121,-0.0044,0.0077,-0.0094,0.0019,0.0090,-0.0036,-0.0169,-0.0211,-0.0239,-0.0145,-0.0104
4.7400,-0.0129,-0.0052,0.0076,-0.0099,0.0018,0.0100,-0.0026,-0.0167,-0.0204,-0.0249,-0.0148,-0.0107
4.7425,-0.0127,-0.0059,0.0068,-0.0098,0.0010,0.0098,-0.0020,-0.0176,-0.0215,-0.0254,-0.0156,-0.0098
4.7450,-0.0124,-0.0059,0.0065,-0.0095,0.0008,0.0096,-0.0012,-0.0183,-0.0224,-0.0245,-0.0166,-0.0088
4.7475,-0.0137,-0.0058,0.0079,-0.0108,0.0015,0.0102,-0.0010,-0.0192,-0.0224,-0.0248,-0.0160,-0.0091
4.7500,-0.0149,-0.0059,0.0090,-0.0119,0.0020,0.0109,-0.0026,-0.0194,-0.0226,-0.0255,-0.0158,-0.0101
4.7525,-0.0147,-0.0059,0.0088,-0.0117,0.0020,0.0107,-0.0029,-0.0186,-0.0235,-0.0254,-0.0176,-0.0107
4.7550,-0.0146,-0.0057,0.0088,-0.0118,0.0020,0.0105,-0.0012,-0.0184,-0.0242,-0.0261,-0.0186,-0.0115
4.7575,-0.0147,-0.0064,0.0083,-0.0112,0.0016,0.0115,-0.0015,-0.0190,-0.0246,-0.0265,-0.0181,-0.0120
4.7600,-0.0147,-0.0068,0.0078,-0.0109,0.0008,0.0115,-0.0018,-0.0199,-0.0242,-0.0262,-0.0173,-0.0114
4.7625,-0.0156,-0.0059,0.0098,-0.0127,0.0020,0.0107,-0.0010,-0.0205,-0.0235,-0.0254,-0.0166,-0.0107
4.7650,-0.0166,-0.0049,0.0118,-0.0138,0.0039,0.0116,-0.0023,-0.0198,-0.0233,-0.0237,-0.0163,-0.0108
4.7675,-0.0160,-0.0053,0.0107,-0.0130,0.0030,0.0113,-0.0031,-0.0192,-0.0239,-0.0239,-0.0175,-0.0103
4.7700,-0.0157,-0.0060,0.0097,-0.0128,0.0019,0.0108,-0.0013,-0.0198,-0.0247,-0.0261,-0.0188,-0.0097
4.7725,-0.0166,-0.0059,0.0107,-0.0137,0.0029,0.0117,-0.0010,-0.0205,-0.0254,-0.0264,-0.0186,-0.0107
4.7750,-0.0168,-0.0057,0.0110,-0.0139,0.0032,0.0118,-0.0025,-0.0212,-0.0256,-0.0253,-0.0182,-0.0130
4.7775,-0.0164,-0.0063,0.0101,-0.0130,0.0023,0.0120,-0.0033,-0.0217,-0.0248,-0.0263,-0.0199,-0.0142
4.7800,-0.0169,-0.0071,0.0098,-0.0129,0.0019,0.0130,-0.0026,-0.0213,-0.0244,-0.0277,-0.0221,-0.0132
4.7825,-0.0186,-0.0078,0.0107,-0.0147,0.0020,0.0137,-0.0020,-0.0215,-0.0254,-0.0283,-0.0225,-0.0127
4.7850,-0.0197,-0.0073,0.0123,-0.0157,0.0026,0.0138,-0.0021,-0.0231,-0.0263,-0.0286,-0.0217,-0.0143
4.7875,-0.0186,-0.0057,0.0129,-0.0150,0.0035,0.0128,-0.0014,-0.0235,-0.0260,-0.0275,-0.0214,-0.0148
4.7900,-0.0173,-0.0048,0.0125,-0.0147,0.0039,0.0114,-0.0010,-0.0235,-0.0252,-0.0276,-0.0215,-0.0147
4.7925,-0.0176,-0.0059,0.0117,-0.0147,0.0029,0.0117,-0.0020,-0.0235,-0.0254,-0.0283,-0.0215,-0.0147
4.7950,-0.0177,-0.0069,0.0108,-0.0138,0.0019,0.0127,-0.0027,-0.0225,-0.0262,-0.0274,-0.0221,-0.0137
4.7975,-0.0177,-0.0063,0.0114,-0.0143,0.0029,0.0125,-0.0035,-0.0232,-0.0263,-0.0282,-0.0232,-0.0146
4.8000,-0.0191,-0.0059,0.0132,-0.0161,0.0041,0.0130,-0.0039,-0.0249,-0.0265,-0.0294,-0.0233,-0.0158
4.8025,-0.0195,-0.0068,0.0127,-0.0156,0.0029,0.0137,-0.0029,-0.0254,-0.0274,-0.0283,-0.0225,-0.0147
4.8050,-0.0179,-0.0077,0.0102,-0.0139,0.0012,0.0130,-0.0020,-0.0256,-0.0281,-0.0280,-0.0223,-0.0137
4.8075,-0.0175,-0.0079,0.0096,-0.0137,0.0009,0.0125,-0.0024,-0.0247,-0.0285,-0.0289,-0.0229,-0.0136
4.8100,-0.0174,-0.0077,0.0097,-0.0134,0.0011,0.0128,-0.0032,-0.0247,-0.0280,-0.0295,-0.0237,-0.0139
4.8125,-0.0166,-0.0068,0.0098,-0.0127,0.0020,0.0127,-0.0039,-0.0264,-0.0274,-0.0303,-0.0244,-0.0147
4.8150,-0.0165,-0.0059,0.0106,-0.0134,0.0030,0.0120,-0.0047,-0.0273,-0.0279,-0.0304,-0.0245,-0.0147
4.8175,-0.0168,-0.0064,0.0104,-0.0137,0.0021,0.0115,-0.0047,-0.0274,-0.0290,-0.0301,-0.0243,-0.0146
4.8200,-0.0183,-0.0087,0.0096,-0.0138,0.0006,0.0138,-0.0035,-0.0271,-0.0293,-0.0304,-0.0245,-0.0146
4.8225,-0.0205,-0.0107,0.0098,-0.0147,-0.0000,0.0166,-0.0029,-0.0264,-0.0283,-0.0313,-0.0244,-0.0147
4.8250,-0.0200,-0.0103,0.0097,-0.0147,-0.0002,0.0153,-0.0036,-0.0269,-0.0272,-0.0315,-0.0243,-0.0154
4.8275,-0.0194,-0.0089,0.0106,-0.0149,0.0011,0.0145,-0.0044,-0.0280,-0.0283,-0.0305,-0.0250,-0.0158
4.8300,-0.0211,-0.0091,0.0120,-0.0159,0.0019,0.0162,-0.0052,-0.0284,-0.0295,-0.0304,-0.0254,-0.0155
4.8325,-0.0215,-0.0107,0.0107,-0.0156,0.0000,0.0166,-0.0059,-0.0283,-0.0293,-0.0313,-0.0254,-0.0156
4.8350,-0.0200,-0.0117,0.0082,-0.0141,-0.0018,0.0157,-0.0053,-0.0282,-0.0298,-0.0307,-0.0261,-0.0157
4.8375,-0.0192,-0.0113,0.0079,-0.0133,-0.0016,0.0156,-0.0041,-0.0287,-0.0311,-0.0299,-0.0269,-0.0155
4.8400,-0.0197,-0.0105,0.0092,-0.0140,-0.0007,0.0155,-0.0041,-0.0296,-0.0311,-0.0306,-0.0276,-0.0158
4.8425,-0.0195,-0.0098,0.0098,-0.0147,-0.0000,0.0147,-0.0049,-0.0303,-0.0303,-0.0313,-0.0274,-0.0166
4.8450,-0.0187,-0.0096,0.0091,-0.0141,0.0001,0.0144,-0.0056,-0.0305,-0.0301,-0.0318,-0.0263,-0.0168
4.8475,-0.0185,-0.0103,0.0082,-0.0130,-0.0005,0.0153,-0.0064,-0.0296,-0.0308,-0.0331,-0.0270,-0.0162
4.8500,-0.0185,-0.0107,0.0077,-0.0127,-0.0011,0.0154,-0.0068,-0.0294,-0.0313,-0.0329,-0.0272,-0.0170
4.8525,-0.0176,-0.0098,0.0078,-0.0127,-0.0010,0.0137,-0.0059,-0.0303,-0.0313,-0.0322,-0.0264,-0.0176
4.8550,-0.0172,-0.0088,0.0084,-0.0125,-0.0003,0.0131,-0.0049,-0.0303,-0.0319,-0.0330,-0.0271,-0.0160
4.8575,-0.0190,-0.0095,0.0094,-0.0135,0.0003,0.0153,-0.0053,-0.0305,-0.0329,-0.0332,-0.0273,-0.0155
4.8600,-0.0211,-0.0113,0.0098,-0.0152,-0.0002,0.0170,-0.0061,-0.0317,-0.0332,-0.0333,-0.0277,-0.0156
4.8625,-0.0225,-0.0117,0.0107,-0.0166,0.0000,0.0176,-0.0068,-0.0322,-0.0332,-0.0332,-0.0293,-0.0156
4.8650,-0.0228,-0.0109,0.0119,-0.0169,0.0010,0.0178,-0.0078,-0.0315,-0.0332,-0.0322,-0.0295,-0.0172
4.8675,-0.0216,-0.0110,0.0106,-0.0159,0.0000,0.0167,-0.0074,-0.0312,-0.0332,-0.0331,-0.0289,-0.0174
4.8700,-0.0218,-0.0121,0.0097,-0.0157,-0.0012,0.0170,-0.0067,-0.0329,-0.0331,-0.0343,-0.0279,-0.0163
4.8725,-0.0225,-0.0127,0.0098,-0.0156,-0.0010,0.0186,-0.0068,-0.0342,-0.0322,-0.0332,-0.0274,-0.0166
4.8750,-0.0209,-0.0127,0.0082,-0.0141,-0.0016,0.0179,-0.0068,-0.0328,-0.0312,-0.0323,-0.0282,-0.0168
4.8775,-0.0204,-0.0128,0.0076,-0.0135,-0.0022,0.0175,-0.0069,-0.0314,-0.0319,-0.0322,-0.0279,-0.0162
4.8800,-0.0204,-0.0125,0.0079,-0.0137,-0.0017,0.0174,-0.0067,-0.0313,-0.0321,-0.0323,-0.0273,-0.0153
4.8825,-0.0205,-0.0117,0.0088,-0.0147,-0.0010,0.0166,-0.0068,-0.0313,-0.0313,-0.0322,-0.0274,-0.0147
4.8850,-0.0229,-0.0110,0.0119,-0.0171,0.0005,0.0173,-0.0077,-0.0313,-0.0313,-0.0314,-0.0260,-0.0153
4.8875,-0.0232,-0.0104,0.0128,-0.0174,0.0014,0.0176,-0.0075,-0.0312,-0.0307,-0.0312,-0.0249,-0.0160
4.8900,-0.0226,-0.0112,0.0114,-0.0165,0.0006,0.0179,-0.0066,-0.0314,-0.0304,-0.0311,-0.0259,-0.0153
4.8925,-0.0254,-0.0127,0.0127,-0.0186,0.0000,0.0195,-0.0059,-0.0322,-0.0313,-0.0313,-0.0274,-0.0147
4.8950,-0.0274,-0.0134,0.0140,-0.0206,0.0001,0.0203,-0.0050,-0.0330,-0.0306,-0.0328,-0.0288,-0.0147
4.8975,-0.0268,-0.0143,0.0124,-0.0194,-0.0006,0.0211,-0.0052,-0.0333,-0.0303,-0.0335,-0.0297,-0.0144
4.9000,-0.0263,-0.0144,0.0119,-0.0185,-0.0008,0.0214,-0.0060,-0.0331,-0.0318,-0.0330,-0.0288,-0.0150
4.9025,-0.0264,-0.0127,0.0137,-0.0195,0.0010,0.0205,-0.0059,-0.0332,-0.0322,-0.0322,-0.0274,-0.0156
4.9050,-0.0264,-0.0110,0.0154,-0.0204,0.0028,0.0199,-0.0064,-0.0335,-0.0309,-0.0312,-0.0272,-0.0148
4.9075,-0.0260,-0.0107,0.0153,-0.0204,0.0024,0.0188,-0.0074,-0.0322,-0.0293,-0.0318,-0.0275,-0.0149
4.9100,-0.0250,-0.0125,0.0125,-0.0188,0.0002,0.0188,-0.0062,-0.0311,-0.0296,-0.0321,-0.0272,-0.0159
4.9125,-0.0244,-0.0137,0.0107,-0.0176,-0.0010,0.0195,-0.0049,-0.0313,-0.0303,-0.0313,-0.0264,-0.0156
4.9150,-0.0251,-0.0121,0.0129,-0.0190,0.0005,0.0187,-0.0056,-0.0312,-0.0296,-0.0312,-0.0255,-0.0149
4.9175,-0.0259,-0.0118,0.0141,-0.0197,0.0013,0.0193,-0.0056,-0.0314,-0.0291,-0.0311,-0.0253,-0.0142
4.9200,-0.0267,-0.0131,0.0136,-0.0196,0.0007,0.0208,-0.0046,-0.0310,-0.0295,-0.0316,-0.0254,-0.0135
4.9225,-0.0274,-0.0137,0.0137,-0.0205,-0.0000,0.0205,-0.0049,-0.0303,-0.0303,-0.0322,-0.0254,-0.0137
4.9250,-0.0274,-0.0138,0.0135,-0.0206,-0.0002,0.0204,-0.0057,-0.0309,-0.0306,-0.0313,-0.0261,-0.0145
4.9275,-0.0274,-0.0131,0.0143,-0.0205,0.0006,0.0206,-0.0063,-0.0318,-0.0294,-0.0318,-0.0266,-0.0148
4.9300,-0.0271,-0.0128,0.0144,-0.0204,0.0009,0.0204,-0.0071,-0.0325,-0.0297,-0.0321,-0.0262,-0.0145
4.9325,-0.0264,-0.0137,0.0127,-0.0195,-0.0000,0.0205,-0.0068,-0.0332,-0.0313,-0.0313,-0.0264,-0.0137
4.9350,-0.0263,-0.0132,0.0131,-0.0194,0.0005,0.0205,-0.0059,-0.0325,-0.0306,-0.0327,-0.0265,-0.0128
4.9375,-0.0264,-0.0122,0.0142,-0.0196,0.0015,0.0205,-0.0063,-0.0320,-0.0301,-0.0332,-0.0257,-0.0126
4.9400,-0.0265,-0.0132,0.0133,-0.0196,0.0005,0.0205,-0.0069,-0.0323,-0.0302,-0.0317,-0.0255,-0.0127
4.9425,-0.0274,-0.0137,0.0137,-0.0205,0.0000,0.0205,-0.0068,-0.0322,-0.0293,-0.0313,-0.0264,-0.0127
4.9450,-0.0276,-0.0128,0.0148,-0.0207,0.0009,0.0206,-0.0069,-0.0321,-0.0291,-0.0313,-0.0266,-0.0128
4.9475,-0.0267,-0.0131,0.0135,-0.0199,0.0004,0.0204,-0.0063,-0.0327,-0.0298,-0.0312,-0.0258,-0.0125
4.9500,-0.0264,-0.0137,0.0127,-0.0195,0.0001,0.0207,-0.0059,-0.0334,-0.0306,-0.0311,-0.0252,-0.0130
4.9525,-0.0264,-0.0127,0.0137,-0.0195,0.0010,0.0205,-0.0068,-0.0332,-0.0313,-0.0303,-0.0244,-0.0137
4.9550,-0.0256,-0.0125,0.0131,-0.0188,0.0003,0.0195,-0.0070,-0.0324,-0.0307,-0.0300,-0.0242,-0.0130
4.9575,-0.0256,-0.0129,0.0127,-0.0186,0.0001,0.0200,-0.0063,-0.0320,-0.0298,-0.0310,-0.0251,-0.0124
4.9600,-0.0267,-0.0126,0.0141,-0.0201,0.0012,0.0205,-0.0056,-0.0323,-0.0307,-0.0310,-0.0252,-0.0129
4.9625,-0.0274,-0.0137,0.0137,-0.0205,-0.0000,0.0205,-0.0049,-0.0322,-0.0313,-0.0303,-0.0244,-0.0127
4.9650,-0.0274,-0.0149,0.0124,-0.0196,-0.0013,0.0214,-0.0048,-0.0320,-0.0298,-0.0309,-0.0250,-0.0119
4.9675,-0.0273,-0.0133,0.0139,-0.0200,0.0004,0.0210,-0.0050,-0.0329,-0.0288,-0.0318,-0.0260,-0.0116
4.9700,-0.0274,-0.0130,0.0144,-0.0205,0.0007,0.0206,-0.0048,-0.0330,-0.0298,-0.0324,-0.0265,-0.0119
4.9725,-0.0274,-0.0147,0.0127,-0.0195,-0.0010,0.0215,-0.0049,-0.0322,-0.0313,-0.0322,-0.0264,-0.0127
4.9750,-0.0266,-0.0140,0.0125,-0.0194,-0.0004,0.0208,-0.0056,-0.0322,-0.0315,-0.0314,-0.0256,-0.0130
4.9775,-0.0263,-0.0135,0.0128,-0.0196,0.0003,0.0204,-0.0064,-0.0318,-0.0305,-0.0316,-0.0253,-0.0119
4.9800,-0.0265,-0.0137,0.0128,-0.0196,-0.0001,0.0205,-0.0070,-0.0312,-0.0305,-0.0324,-0.0253,-0.0120
4.9825,-0.0274,-0.0137,0.0137,-0.0205,-0.0000,0.0205,-0.0068,-0.0322,-0.0313,-0.0322,-0.0254,-0.0137
4.9850,-0.0284,-0.0152,0.0132,-0.0209,-0.0006,0.0220,-0.0060,-0.0325,-0.0306,-0.0321,-0.0262,-0.0139
4.9875,-0.0274,-0.0156,0.0118,-0.0192,-0.0013,0.0224,-0.0061,-0.0315,-0.0300,-0.0323,-0.0264,-0.0134
4.9900,-0.0261,-0.0142,0.0120,-0.0186,-0.0007,0.0210,-0.0072,-0.0314,-0.0304,-0.0322,-0.0264,-0.0140
4.9925,-0.0264,-0.0137,0.0127,-0.0195,0.0000,0.0205,-0.0078,-0.0322,-0.0303,-0.0322,-0.0264,-0.0147
4.9950,-0.0264,-0.0137,0.0127,-0.0196,0.0000,0.0205,-0.0080,-0.0330,-0.0302,-0.0323,-0.0255,-0.0147
4.9975,-0.0265,-0.0137,0.0127,-0.0196,0.0000,0.0206,-0.0073,-0.0334,-0.0303,-0.0321,-0.0258,-0.0147
5.0000,-0.0260,-0.0135,0.0125,-0.0192,-0.0000,0.0203,-0.0069,-0.0329,-0.0302,-0.0324,-0.0265,-0.0145
5.0025,-0.0244,-0.0127,0.0117,-0.0176,0.0000,0.0195,-0.0078,-0.0322,-0.0303,-0.0332,-0.0264,-0.0137
5.0050,-0.0241,-0.0125,0.0116,-0.0173,0.0001,0.0195,-0.0081,-0.0329,-0.0304,-0.0333,-0.0265,-0.0128
5.0075,-0.0250,-0.0132,0.0118,-0.0182,-0.0005,0.0195,-0.0070,-0.0334,-0.0301,-0.0331,-0.0258,-0.0127
5.0100,-0.0255,-0.0138,0.0117,-0.0187,-0.0010,0.0197,-0.0070,-0.0331,-0.0305,-0.0332,-0.0254,-0.0126
5.0125,-0.0264,-0.0137,0.0127,-0.0195,-0.0000,0.0205,-0.0078,-0.0332,-0.0313,-0.0332,-0.0264,-0.0127
5.0150,-0.0273,-0.0128,0.0145,-0.0204,0.0009,0.0207,-0.0072,-0.0332,-0.0306,-0.0332,-0.0265,-0.0134
5.0175,-0.0269,-0.0129,0.0140,-0.0202,0.0007,0.0203,-0.0065,-0.0332,-0.0299,-0.0333,-0.0262,-0.0141
5.0200,-0.0262,-0.0140,0.0122,-0.0192,-0.0003,0.0207,-0.0071,-0.0332,-0.0306,-0.0331,-0.0263,-0.0149
5.0225,-0.0264,-0.0137,0.0127,-0.0195,0.0000,0.0205,-0.0078,-0.0332,-0.0313,-0.0332,-0.0254,-0.0147
5.0250,-0.0271,-0.0120,0.0151,-0.0212,0.0017,0.0196,-0.0085,-0.0332,-0.0319,-0.0333,-0.0244,-0.0129
5.0275,-0.0276,-0.0119,0.0156,-0.0214,0.0017,0.0199,-0.0091,-0.0332,-0.0326,-0.0326,-0.0249,-0.0130
5.0300,-0.0271,-0.0129,0.0141,-0.0201,0.0007,0.0207,-0.0085,-0.0332,-0.0318,-0.0322,-0.0255,-0.0138
5.0325,-0.0264,-0.0127,0.0137,-0.0195,0.0010,0.0205,-0.0078,-0.0332,-0.0313,-0.0332,-0.0254,-0.0137
5.0350,-0.0263,-0.0125,0.0139,-0.0196,0.0012,0.0204,-0.0085,-0.0332,-0.0321,-0.0341,-0.0255,-0.0144
5.0375,-0.0263,-0.0133,0.0130,-0.0194,0.0004,0.0206,-0.0090,-0.0333,-0.0318,-0.0339,-0.0249,-0.0147
5.0400,-0.0265,-0.0137,0.0128,-0.0198,-0.0000,0.0204,-0.0087,-0.0330,-0.0311,-0.0328,-0.0243,-0.0147
5.0425,-0.0274,-0.0137,0.0137,-0.0205,-0.0000,0.0205,-0.0088,-0.0322,-0.0313,-0.0322,-0.0244,-0.0147
5.0450,-0.0275,-0.0138,0.0137,-0.0206,-0.0001,0.0206,-0.0088,-0.0321,-0.0311,-0.0330,-0.0243,-0.0137
5.0475,-0.0272,-0.0135,0.0137,-0.0205,0.0001,0.0203,-0.0088,-0.0325,-0.0319,-0.0331,-0.0249,-0.0146
5.0500,-0.0274,-0.0139,0.0135,-0.0204,-0.0001,0.0207,-0.0087,-0.0319,-0.0321,-0.0318,-0.0254,-0.0157
5.0525,-0.0264,-0.0137,0.0127,-0.0195,0.0000,0.0205,-0.0078,-0.0313,-0.0313,-0.0313,-0.0244,-0.0147
5.0550,-0.0246,-0.0119,0.0127,-0.0187,0.0010,0.0188,-0.0068,-0.0319,-0.0319,-0.0320,-0.0241,-0.0145
5.0575,-0.0247,-0.0124,0.0123,-0.0185,0.0002,0.0188,-0.0076,-0.0328,-0.0325,-0.0324,-0.0249,-0.0148
5.0600,-0.0256,-0.0141,0.0115,-0.0186,-0.0013,0.0197,-0.0093,-0.0334,-0.0322,-0.0321,-0.0237,-0.0145
5.0625,-0.0254,-0.0137,0.0117,-0.0186,-0.0010,0.0195,-0.0098,-0.0332,-0.0322,-0.0313,-0.0215,-0.0137
5.0650,-0.0242,-0.0129,0.0113,-0.0173,-0.0008,0.0190,-0.0078,-0.0312,-0.0311,-0.0298,-0.0213,-0.0128
5.0675,-0.0217,-0.0123,0.0094,-0.0153,-0.0012,0.0175,-0.0050,-0.0287,-0.0286,-0.0283,-0.0215,-0.0128
5.0700,-0.0203,-0.0114,0.0089,-0.0147,-0.0007,0.0164,-0.0036,-0.0266,-0.0268,-0.0269,-0.0197,-0.0124
5.0725,-0.0205,-0.0098,0.0107,-0.0156,0.0010,0.0156,-0.0020,-0.0235,-0.0244,-0.0254,-0.0176,-0.0117
5.0750,-0.0186,-0.0067,0.0119,-0.0152,0.0026,0.0127,0.0017,-0.0195,-0.0213,-0.0239,-0.0168,-0.0118
5.0775,-0.0160,-0.0049,0.0111,-0.0134,0.0030,0.0106,0.0048,-0.0173,-0.0198,-0.0226,-0.0161,-0.0109
5.0800,-0.0156,-0.0050,0.0106,-0.0126,0.0029,0.0110,0.0062,-0.0162,-0.0194,-0.0208,-0.0155,-0.0094
5.0825,-0.0147,-0.0049,0.0098,-0.0117,0.0029,0.0107,0.0059,-0.0147,-0.0186,-0.0186,-0.0156,-0.0088
5.0850,-0.0128,-0.0036,0.0092,-0.0106,0.0034,0.0092,0.0048,-0.0136,-0.0179,-0.0170,-0.0145,-0.0074
5.0875,-0.0133,-0.0017,0.0116,-0.0119,0.0051,0.0082,0.0061,-0.0142,-0.0167,-0.0160,-0.0118,-0.0063
5.0900,-0.0133,-0.0009,0.0125,-0.0125,0.0059,0.0076,0.0084,-0.0146,-0.0151,-0.0154,-0.0106,-0.0072
5.0925,-0.0107,-0.0010,0.0098,-0.0098,0.0049,0.0068,0.0088,-0.0127,-0.0137,-0.0147,-0.0107,-0.0068
5.0950,-0.0090,-0.0009,0.0080,-0.0079,0.0041,0.0061,0.0088,-0.0102,-0.0121,-0.0132,-0.0101,-0.0044
5.0975,-0.0085,-0.0014,0.0071,-0.0076,0.0031,0.0054,0.0085,-0.0093,-0.0111,-0.0120,-0.0092,-0.0041
5.1000,-0.0073,-0.0022,0.0051,-0.0062,0.0014,0.0047,0.0075,-0.0084,-0.0104,-0.0116,-0.0086,-0.0050
5.1025,-0.0059,-0.0029,0.0029,-0.0039,-0.0000,0.0049,0.0068,-0.0078,-0.0088,-0.0107,-0.0078,-0.0039
5.1050,-0.0049,-0.0032,0.0017,-0.0028,-0.0003,0.0051,0.0050,-0.0093,-0.0083,-0.0097,-0.0071,-0.0028
5.1075,-0.0052,-0.0019,0.0033,-0.0039,0.0010,0.0043,0.0017,-0.0102,-0.0106,-0.0105,-0.0063,-0.0035
5.1100,-0.0061,-0.0008,0.0053,-0.0051,0.0022,0.0039,-0.0006,-0.0114,-0.0136,-0.0123,-0.0058,-0.0040
5.1125,-0.0059,-0.0010,0.0049,-0.0049,0.0020,0.0039,-0.0020,-0.0156,-0.0156,-0.0147,-0.0068,-0.0039
5.1150,-0.0054,-0.0016,0.0039,-0.0046,0.0012,0.0036,-0.0047,-0.0203,-0.0177,-0.0178,-0.0084,-0.0044
5.1175,-0.0076,-0.0033,0.0044,-0.0058,0.0004,0.0055,-0.0075,-0.0232,-0.0201,-0.0193,-0.0096,-0.0062
5.1200,-0.0105,-0.0056,0.0049,-0.0072,-0.0002,0.0087,-0.0075,-0.0249,-0.0222,-0.0198,-0.0114,-0.0086
5.1225,-0.0107,-0.0068,0.0039,-0.0068,-0.0010,0.0098,-0.0068,-0.0264,-0.0244,-0.0215,-0.0127,-0.0098
5.1250,-0.0104,-0.0082,0.0022,-0.0058,-0.0025,0.0102,-0.0082,-0.0273,-0.0262,-0.0232,-0.0127,-0.0096
5.1275,-0.0119,-0.0100,0.0019,-0.0064,-0.0035,0.0120,-0.0092,-0.0272,-0.0261,-0.0235,-0.0127,-0.0107
5.1300,-0.0127,-0.0109,0.0018,-0.0068,-0.0042,0.0126,-0.0084,-0.0276,-0.0250,-0.0235,-0.0125,-0.0119
5.1325,-0.0117,-0.0107,0.0010,-0.0059,-0.0049,0.0117,-0.0078,-0.0283,-0.0244,-0.0244,-0.0117,-0.0107
5.1350,-0.0121,-0.0107,0.0014,-0.0062,-0.0044,0.0122,-0.0084,-0.0283,-0.0250,-0.0254,-0.0116,-0.0102
5.1375,-0.0140,-0.0108,0.0032,-0.0081,-0.0031,0.0135,-0.0095,-0.0289,-0.0266,-0.0251,-0.0122,-0.0121
5.1400,-0.0148,-0.0107,0.0040,-0.0089,-0.0030,0.0136,-0.0098,-0.0312,-0.0291,-0.0259,-0.0129,-0.0125
5.1425,-0.0156,-0.0107,0.0049,-0.0098,-0.0029,0.0137,-0.0098,-0.0342,-0.0303,-0.0283,-0.0127,-0.0117
5.1450,-0.0185,-0.0113,0.0071,-0.0127,-0.0021,0.0150,-0.0105,-0.0361,-0.0301,-0.0300,-0.0124,-0.0137
5.1475,-0.0213,-0.0127,0.0085,-0.0150,-0.0019,0.0171,-0.0109,-0.0356,-0.0312,-0.0308,-0.0141,-0.0160
5.1500,-0.0229,-0.0140,0.0089,-0.0158,-0.0019,0.0192,-0.0107,-0.0351,-0.0324,-0.0314,-0.0161,-0.0169
5.1525,-0.0244,-0.0147,0.0098,-0.0166,-0.0020,0.0205,-0.0107,-0.0352,-0.0313,-0.0322,-0.0166,-0.0186
5.1550,-0.0265,-0.0160,0.0105,-0.0180,-0.0027,0.0218,-0.0101,-0.0344,-0.0308,-0.0338,-0.0166,-0.0203
5.1575,-0.0287,-0.0178,0.0110,-0.0194,-0.0034,0.0237,-0.0088,-0.0344,-0.0327,-0.0345,-0.0165,-0.0203
5.1600,-0.0293,-0.0187,0.0106,-0.0194,-0.0041,0.0245,-0.0074,-0.0355,-0.0347,-0.0340,-0.0167,-0.0191
5.1625,-0.0293,-0.0186,0.0107,-0.0195,-0.0039,0.0244,-0.0078,-0.0362,-0.0352,-0.0342,-0.0166,-0.0186
5.1650,-0.0302,-0.0185,0.0118,-0.0205,-0.0029,0.0252,-0.0095,-0.0362,-0.0345,-0.0350,-0.0157,-0.0199
5.1675,-0.0297,-0.0187,0.0110,-0.0198,-0.0035,0.0251,-0.0094,-0.0360,-0.0336,-0.0352,-0.0164,-0.0215
5.1700,-0.0295,-0.0183,0.0112,-0.0200,-0.0037,0.0242,-0.0087,-0.0362,-0.0331,-0.0351,-0.0180,-0.0212
5.1725,-0.0313,-0.0176,0.0137,-0.0225,-0.0020,0.0244,-0.0088,-0.0362,-0.0332,-0.0352,-0.0186,-0.0205
5.1750,-0.0310,-0.0175,0.0135,-0.0223,-0.0016,0.0246,-0.0080,-0.0353,-0.0340,-0.0351,-0.0186,-0.0212
5.1775,-0.0288,-0.0176,0.0112,-0.0199,-0.0026,0.0239,-0.0080,-0.0355,-0.0344,-0.0352,-0.0181,-0.0216
5.1800,-0.0285,-0.0176,0.0108,-0.0197,-0.0030,0.0233,-0.0092,-0.0363,-0.0340,-0.0350,-0.0174,-0.0215
5.1825,-0.0293,-0.0176,0.0117,-0.0205,-0.0029,0.0235,-0.0098,-0.0362,-0.0332,-0.0342,-0.0176,-0.0215
5.1850,-0.0293,-0.0168,0.0125,-0.0204,-0.0022,0.0235,-0.0092,-0.0354,-0.0331,-0.0340,-0.0177,-0.0208
5.1875,-0.0293,-0.0168,0.0125,-0.0207,-0.0021,0.0233,-0.0077,-0.0346,-0.0332,-0.0343,-0.0171,-0.0199
5.1900,-0.0292,-0.0180,0.0112,-0.0202,-0.0034,0.0236,-0.0067,-0.0340,-0.0315,-0.0340,-0.0163,-0.0194
5.1925,-0.0293,-0.0186,0.0107,-0.0195,-0.0039,0.0244,-0.0068,-0.0332,-0.0303,-0.0332,-0.0156,-0.0195
5.1950,-0.0300,-0.0179,0.0122,-0.0209,-0.0025,0.0245,-0.0070,-0.0330,-0.0319,-0.0325,-0.0155,-0.0197
5.1975,-0.0304,-0.0173,0.0131,-0.0219,-0.0015,0.0242,-0.0068,-0.0344,-0.0321,-0.0320,-0.0158,-0.0189
5.2000,-0.0301,-0.0179,0.0123,-0.0210,-0.0024,0.0246,-0.0070,-0.0352,-0.0311,-0.0324,-0.0154,-0.0186
5.2025,-0.0293,-0.0186,0.0107,-0.0195,-0.0039,0.0244,-0.0078,-0.0332,-0.0313,-0.0322,-0.0147,-0.0186
5.2050,-0.0277,-0.0180,0.0096,-0.0185,-0.0042,0.0230,-0.0082,-0.0314,-0.0314,-0.0307,-0.0146,-0.0177
5.2075,-0.0276,-0.0166,0.0110,-0.0195,-0.0027,0.0220,-0.0066,-0.0315,-0.0314,-0.0307,-0.0155,-0.0185
5.2100,-0.0307,-0.0153,0.0154,-0.0229,0.0001,0.0231,-0.0039,-0.0308,-0.0311,-0.0333,-0.0192,-0.0218
5.2125,-0.0371,-0.0147,0.0225,-0.0293,0.0039,0.0264,0.0000,-0.0283,-0.0303,-0.0362,-0.0244,-0.0264
5.2150,-0.0477,-0.0142,0.0335,-0.0405,0.0100,0.0314,0.0085,-0.0250,-0.0298,-0.0397,-0.0294,-0.0322
5.2175,-0.0608,-0.0122,0.0486,-0.0549,0.0189,0.0370,0.0233,-0.0191,-0.0274,-0.0446,-0.0365,-0.0389
5.2200,-0.0736,-0.0085,0.0651,-0.0692,0.0286,0.0415,0.0434,-0.0083,-0.0209,-0.0493,-0.0447,-0.0468
5.2225,-0.0840,-0.0049,0.0792,-0.0811,0.0371,0.0450,0.0664,0.0117,-0.0098,-0.0498,-0.0498,-0.0537
5.2250,-0.0892,-0.0032,0.0860,-0.0871,0.0418,0.0471,0.0919,0.0433,0.0074,-0.0438,-0.0515,-0.0567
5.2275,-0.0862,-0.0025,0.0837,-0.0844,0.0409,0.0452,0.1190,0.0822,0.0308,-0.0315,-0.0478,-0.0554
5.2300,-0.0761,0.0006,0.0767,-0.0760,0.0385,0.0380,0.1434,0.1230,0.0583,-0.0142,-0.0365,-0.0472
5.2325,-0.0586,0.0098,0.0684,-0.0635,0.0391,0.0244,0.1593,0.1583,0.0870,0.0098,-0.0186,-0.0313
5.2350,-0.0334,0.0253,0.0587,-0.0460,0.0420,0.0041,0.1623,0.1774,0.1128,0.0418,0.0056,-0.0082
5.2375,-0.0013,0.0434,0.0447,-0.0231,0.0440,-0.0212,0.1463,0.1745,0.1329,0.0784,0.0395,0.0261
5.2400,0.0408,0.0601,0.0193,0.0109,0.0397,-0.0502,0.1083,0.1499,0.1468,0.1166,0.0843,0.0682
5.2425,0.0938,0.0752,-0.0186,0.0567,0.0283,-0.0840,0.0537,0.1075,0.1573,0.1593,0.1358,0.1134
5.2450,0.1523,0.0885,-0.0637,0.1081,0.0124,-0.1204,-0.0109,0.0579,0.1674,0.2108,0.1911,0.1623
5.2475,0.2106,0.0965,-0.1141,0.1626,-0.0088,-0.1533,-0.0819,0.0140,0.1795,0.2685,0.2475,0.2109
5.2500,0.2623,0.0992,-0.1632,0.2132,-0.0320,-0.1803,-0.1512,-0.0182,0.1951,0.3231,0.2962,0.2539
5.2525,0.3010,0.0977,-0.2033,0.2521,-0.0528,-0.1993,-0.2091,-0.0401,0.2101,0.3655,0.3283,0.2863
5.2550,0.3216,0.0901,-0.2315,0.2765,-0.0703,-0.2056,-0.2508,-0.0546,0.2158,0.3878,0.3392,0.2992
5.2575,0.3189,0.0751,-0.2437,0.2814,-0.0838,-0.1964,-0.2757,-0.0669,0.2036,0.3797,0.3235,0.2875
5.2600,0.2932,0.0520,-0.2412,0.2672,-0.0941,-0.1722,-0.2868,-0.0835,0.1682,0.3347,0.2796,0.2530
5.2625,0.2511,0.0235,-0.2277,0.2394,-0.1016,-0.1368,-0.2863,-0.1065,0.1104,0.2570,0.2140,0.2003
5.2650,0.1980,-0.0048,-0.2028,0.2003,-0.1033,-0.0962,-0.2735,-0.1324,0.0402,0.1614,0.1384,0.1392
5.2675,0.1405,-0.0307,-0.1711,0.1561,-0.1003,-0.0540,-0.2511,-0.1559,-0.0282,0.0670,0.0672,0.0816
5.2700,0.0884,-0.0524,-0.1408,0.1151,-0.0963,-0.0172,-0.2245,-0.1707,-0.0842,-0.0126,0.0141,0.0330
5.2725,0.0489,-0.0645,-0.1134,0.0811,-0.0889,0.0078,-0.1945,-0.1710,-0.1192,-0.0674,-0.0166,0.0000
5.2750,0.0227,-0.0657,-0.0884,0.0555,-0.0766,0.0218,-0.1604,-0.1557,-0.1294,-0.0918,-0.0287,-0.0139
5.2775,0.0075,-0.0609,-0.0684,0.0383,-0.0643,0.0273,-0.1254,-0.1279,-0.1200,-0.0914,-0.0272,-0.0171
5.2800,-0.0001,-0.0526,-0.0525,0.0267,-0.0526,0.0267,-0.0932,-0.0942,-0.0985,-0.0778,-0.0201,-0.0157
5.2825,-0.0039,-0.0410,-0.0371,0.0166,-0.0391,0.0225,-0.0645,-0.0625,-0.0713,-0.0596,-0.0127,-0.0107
5.2850,-0.0059,-0.0301,-0.0243,0.0091,-0.0273,0.0178,-0.0406,-0.0367,-0.0473,-0.0423,-0.0059,-0.0067
5.2875,-0.0055,-0.0233,-0.0179,0.0065,-0.0203,0.0150,-0.0237,-0.0165,-0.0318,-0.0287,-0.0015,-0.0051
5.2900,-0.0053,-0.0194,-0.0142,0.0050,-0.0164,0.0132,-0.0118,-0.0034,-0.0229,-0.0206,-0.0016,-0.0054
5.2925,-0.0078,-0.0166,-0.0088,0.0010,-0.0127,0.0127,-0.0020,0.0020,-0.0156,-0.0166,-0.0039,-0.0078
5.2950,-0.0117,-0.0150,-0.0033,-0.0036,-0.0088,0.0143,0.0047,0.0024,-0.0099,-0.0150,-0.0057,-0.0098
5.2975,-0.0145,-0.0136,0.0009,-0.0075,-0.0059,0.0146,0.0072,0.0011,-0.0079,-0.0146,-0.0059,-0.0093
5.3000,-0.0162,-0.0106,0.0056,-0.0109,-0.0027,0.0134,0.0084,0.0014,-0.0077,-0.0148,-0.0061,-0.0090
5.3025,-0.0176,-0.0088,0.0088,-0.0127,-0.0000,0.0137,0.0107,0.0029,-0.0068,-0.0156,-0.0078,-0.0107
5.3050,-0.0190,-0.0101,0.0089,-0.0134,-0.0005,0.0152,0.0133,0.0031,-0.0059,-0.0172,-0.0101,-0.0132
5.3075,-0.0206,-0.0113,0.0093,-0.0146,-0.0011,0.0162,0.0143,0.0032,-0.0058,-0.0178,-0.0115,-0.0140
5.3100,-0.0218,-0.0102,0.0117,-0.0162,0.0009,0.0167,0.0150,0.0045,-0.0057,-0.0173,-0.0117,-0.0134
5.3125,-0.0225,-0.0088,0.0137,-0.0176,0.0029,0.0166,0.0156,0.0059,-0.0049,-0.0166,-0.0117,-0.0137
5.3150,-0.0225,-0.0080,0.0146,-0.0184,0.0038,0.0159,0.0150,0.0073,-0.0034,-0.0158,-0.0119,-0.0146
5.3175,-0.0223,-0.0076,0.0147,-0.0186,0.0041,0.0154,0.0144,0.0089,-0.0024,-0.0156,-0.0111,-0.0141
5.3200,-0.0227,-0.0080,0.0147,-0.0185,0.0037,0.0159,0.0149,0.0101,-0.0034,-0.0156,-0.0108,-0.0136
5.3225,-0.0235,-0.0088,0.0147,-0.0186,0.0029,0.0166,0.0156,0.0107,-0.0039,-0.0156,-0.0117,-0.0137
5.3250,-0.0235,-0.0083,0.0152,-0.0192,0.0034,0.0160,0.0163,0.0114,-0.0025,-0.0158,-0.0120,-0.0129
5.3275,-0.0234,-0.0066,0.0167,-0.0202,0.0051,0.0149,0.0172,0.0122,-0.0013,-0.0147,-0.0111,-0.0130
5.3300,-0.0235,-0.0056,0.0179,-0.0205,0.0060,0.0147,0.0177,0.0129,-0.0007,-0.0133,-0.0107,-0.0139
5.3325,-0.0235,-0.0049,0.0186,-0.0205,0.0068,0.0147,0.0186,0.0137,-0.0000,-0.0127,-0.0107,-0.0137
5.3350,-0.0228,-0.0039,0.0189,-0.0207,0.0079,0.0139,0.0202,0.0144,-0.0001,-0.0120,-0.0102,-0.0130
5.3375,-0.0218,-0.0047,0.0171,-0.0195,0.0065,0.0135,0.0204,0.0151,0.0007,-0.0116,-0.0090,-0.0117
5.3400,-0.0215,-0.0062,0.0152,-0.0184,0.0044,0.0137,0.0191,0.0159,0.0025,-0.0116,-0.0090,-0.0105
5.3425,-0.0215,-0.0059,0.0156,-0.0186,0.0049,0.0137,0.0195,0.0166,0.0029,-0.0098,-0.0098,-0.0107
5.3450,-0.0202,-0.0050,0.0153,-0.0173,0.0052,0.0131,0.0218,0.0178,0.0034,-0.0072,-0.0092,-0.0115
5.3475,-0.0182,-0.0046,0.0135,-0.0156,0.0044,0.0117,0.0229,0.0202,0.0051,-0.0068,-0.0078,-0.0119
5.3500,-0.0176,-0.0033,0.0142,-0.0160,0.0055,0.0104,0.0221,0.0218,0.0059,-0.0067,-0.0065,-0.0115
5.3525,-0.0176,-0.0020,0.0156,-0.0166,0.0068,0.0098,0.0215,0.0215,0.0049,-0.0059,-0.0068,-0.0107
5.3550,-0.0162,-0.0019,0.0143,-0.0153,0.0061,0.0090,0.0221,0.0212,0.0045,-0.0059,-0.0079,-0.0101
5.3575,-0.0148,-0.0020,0.0128,-0.0138,0.0057,0.0087,0.0228,0.0226,0.0060,-0.0052,-0.0065,-0.0090
5.3600,-0.0147,-0.0020,0.0127,-0.0137,0.0058,0.0088,0.0222,0.0253,0.0070,-0.0033,-0.0043,-0.0090
5.3625,-0.0147,-0.0020,0.0127,-0.0137,0.0059,0.0088,0.0225,0.0264,0.0068,-0.0020,-0.0039,-0.0098
5.3650,-0.0145,-0.0011,0.0134,-0.0135,0.0067,0.0088,0.0247,0.0254,0.0079,-0.0005,-0.0033,-0.0091
5.3675,-0.0152,-0.0012,0.0139,-0.0142,0.0065,0.0087,0.0259,0.0263,0.0106,0.0008,-0.0026,-0.0083
5.3700,-0.0156,-0.0022,0.0134,-0.0147,0.0057,0.0089,0.0250,0.0292,0.0119,0.0009,-0.0031,-0.0075
5.3725,-0.0147,-0.0020,0.0127,-0.0137,0.0059,0.0088,0.0244,0.0303,0.0117,0.0010,-0.0029,-0.0068
5.3750,-0.0137,-0.0011,0.0126,-0.0127,0.0059,0.0079,0.0251,0.0301,0.0124,0.0017,-0.0020,-0.0076
5.3775,-0.0135,-0.0010,0.0126,-0.0126,0.0059,0.0079,0.0260,0.0312,0.0132,0.0024,-0.0021,-0.0077
5.3800,-0.0120,-0.0009,0.0111,-0.0111,0.0057,0.0076,0.0265,0.0326,0.0139,0.0032,-0.0016,-0.0064
5.3825,-0.0107,-0.0010,0.0098,-0.0098,0.0049,0.0068,0.0264,0.0332,0.0147,0.0039,-0.0000,-0.0059
5.3850,-0.0109,-0.0017,0.0093,-0.0100,0.0043,0.0069,0.0263,0.0345,0.0153,0.0038,0.0003,-0.0060
5.3875,-0.0097,-0.0022,0.0075,-0.0087,0.0031,0.0063,0.0268,0.0364,0.0162,0.0046,-0.0007,-0.0053
5.3900,-0.0087,-0.0017,0.0070,-0.0077,0.0032,0.0058,0.0275,0.0373,0.0166,0.0065,-0.0008,-0.0048
5.3925,-0.0088,-0.0010,0.0078,-0.0078,0.0039,0.0059,0.0274,0.0381,0.0166,0.0078,0.0010,-0.0049
5.3950,-0.0068,-0.0010,0.0058,-0.0058,0.0025,0.0045,0.0271,0.0395,0.0179,0.0085,0.0021,-0.0036
5.3975,-0.0047,-0.0010,0.0037,-0.0038,0.0016,0.0035,0.0286,0.0410,0.0197,0.0092,0.0012,-0.0016
5.4000,-0.0052,-0.0010,0.0041,-0.0041,0.0021,0.0042,0.0310,0.0425,0.0209,0.0101,0.0014,-0.0010
5.4025,-0.0049,-0.0010,0.0039,-0.0039,0.0020,0.0039,0.0313,0.0440,0.0225,0.0117,0.0039,-0.0020
5.4050,-0.0032,-0.0003,0.0030,-0.0030,0.0018,0.0024,0.0297,0.0446,0.0241,0.0140,0.0050,-0.0023
5.4075,-0.0029,0.0002,0.0031,-0.0031,0.0021,0.0017,0.0290,0.0458,0.0246,0.0158,0.0045,-0.0009
5.4100,-0.0029,-0.0002,0.0026,-0.0026,0.0017,0.0022,0.0295,0.0473,0.0243,0.0169,0.0054,0.0002
5.4125,-0.0029,-0.0010,0.0020,-0.0020,0.0010,0.0029,0.0303,0.0479,0.0244,0.0176,0.0068,0.0000
5.4150,-0.0038,-0.0011,0.0027,-0.0027,0.0008,0.0031,0.0311,0.0484,0.0257,0.0176,0.0069,-0.0001
5.4175,-0.0035,-0.0005,0.0030,-0.0029,0.0014,0.0025,0.0314,0.0498,0.0277,0.0181,0.0072,0.0004
5.4200,-0.0029,0.0001,0.0030,-0.0031,0.0021,0.0018,0.0312,0.0512,0.0282,0.0204,0.0081,0.0012
5.4225,-0.0029,-0.0000,0.0029,-0.0029,0.0020,0.0020,0.0313,0.0528,0.0274,0.0225,0.0078,0.0020
5.4250,-0.0016,0.0005,0.0020,-0.0013,0.0018,0.0015,0.0319,0.0555,0.0284,0.0226,0.0069,0.0026
5.4275,-0.0003,0.0019,0.0022,-0.0010,0.0023,-0.0003,0.0331,0.0586,0.0310,0.0226,0.0071,0.0035
5.4300,0.0003,0.0016,0.0014,-0.0005,0.0015,-0.0009,0.0348,0.0597,0.0326,0.0240,0.0083,0.0040
5.4325,0.0020,0.0010,-0.0010,0.0020,0.0000,-0.0010,0.0362,0.0606,0.0332,0.0254,0.0098,0.0039
5.4350,0.0036,0.0024,-0.0012,0.0029,0.0006,-0.0025,0.0363,0.0628,0.0338,0.0268,0.0106,0.0045
5.4375,0.0043,0.0033,-0.0011,0.0033,0.0013,-0.0030,0.0359,0.0644,0.0350,0.0284,0.0114,0.0058
5.4400,0.0053,0.0028,-0.0024,0.0042,0.0008,-0.0032,0.0363,0.0662,0.0367,0.0297,0.0135,0.0073
5.4425,0.0068,0.0039,-0.0029,0.0049,0.0010,-0.0049,0.0362,0.0694,0.0381,0.0313,0.0156,0.0078
5.4450,0.0084,0.0050,-0.0034,0.0064,0.0013,-0.0058,0.0358,0.0717,0.0394,0.0335,0.0158,0.0076
5.4475,0.0093,0.0042,-0.0051,0.0074,-0.0001,-0.0061,0.0375,0.0736,0.0414,0.0349,0.0152,0.0089
5.4500,0.0101,0.0041,-0.0061,0.0081,-0.0012,-0.0072,0.0395,0.0760,0.0437,0.0353,0.0144,0.0116
5.4525,0.0117,0.0049,-0.0068,0.0098,-0.0010,-0.0078,0.0391,0.0782,0.0459,0.0371,0.0147,0.0127
5.4550,0.0138,0.0055,-0.0084,0.0113,-0.0009,-0.0090,0.0388,0.0803,0.0476,0.0401,0.0162,0.0119
5.4575,0.0162,0.0070,-0.0092,0.0126,-0.0010,-0.0115,0.0398,0.0825,0.0478,0.0425,0.0170,0.0119
5.4600,0.0182,0.0079,-0.0103,0.0143,-0.0011,-0.0129,0.0400,0.0848,0.0482,0.0447,0.0181,0.0133
5.4625,0.0205,0.0078,-0.0127,0.0166,-0.0020,-0.0137,0.0401,0.0879,0.0508,0.0469,0.0205,0.0156
5.4650,0.0230,0.0098,-0.0131,0.0184,-0.0016,-0.0159,0.0415,0.0910,0.0546,0.0490,0.0226,0.0180
5.4675,0.0238,0.0118,-0.0120,0.0182,0.0001,-0.0173,0.0426,0.0928,0.0571,0.0514,0.0253,0.0191
5.4700,0.0252,0.0115,-0.0137,0.0193,-0.0006,-0.0180,0.0431,0.0945,0.0576,0.0532,0.0281,0.0199
5.4725,0.0293,0.0117,-0.0176,0.0235,-0.0029,-0.0205,0.0430,0.0977,0.0586,0.0547,0.0293,0.0215
5.4750,0.0333,0.0133,-0.0200,0.0267,-0.0031,-0.0230,0.0421,0.1008,0.0615,0.0574,0.0305,0.0234
5.4775,0.0353,0.0138,-0.0215,0.0283,-0.0031,-0.0239,0.0424,0.1027,0.0640,0.0608,0.0328,0.0269
5.4800,0.0366,0.0138,-0.0228,0.0298,-0.0042,-0.0249,0.0430,0.1038,0.0663,0.0631,0.0348,0.0301
5.4825,0.0391,0.0156,-0.0235,0.0313,-0.0039,-0.0274,0.0420,0.1046,0.0694,0.0645,0.0371,0.0303
5.4850,0.0427,0.0175,-0.0252,0.0339,-0.0035,-0.0298,0.0410,0.1051,0.0710,0.0670,0.0401,0.0305
5.4875,0.0460,0.0170,-0.0290,0.0378,-0.0055,-0.0306,0.0414,0.1066,0.0719,0.0711,0.0424,0.0335
5.4900,0.0488,0.0169,-0.0319,0.0408,-0.0070,-0.0319,0.0422,0.1093,0.0741,0.0740,0.0449,0.0372
5.4925,0.0518,0.0195,-0.0322,0.0420,-0.0059,-0.0352,0.0420,0.1114,0.0762,0.0762,0.0479,0.0391
5.4950,0.0552,0.0214,-0.0338,0.0445,-0.0060,-0.0382,0.0405,0.1127,0.0769,0.0798,0.0500,0.0403
5.4975,0.0597,0.0213,-0.0385,0.0491,-0.0087,-0.0406,0.0394,0.1146,0.0781,0.0831,0.0527,0.0431
5.5000,0.0635,0.0219,-0.0417,0.0526,-0.0098,-0.0426,0.0388,0.1152,0.0813,0.0859,0.0555,0.0472
5.5025,0.0655,0.0235,-0.0420,0.0537,-0.0088,-0.0440,0.0381,0.1153,0.0840,0.0889,0.0577,0.0498
5.5050,0.0669,0.0248,-0.0421,0.0544,-0.0081,-0.0454,0.0374,0.1168,0.0841,0.0905,0.0606,0.0505
5.5075,0.0683,0.0269,-0.0415,0.0552,-0.0068,-0.0468,0.0362,0.1170,0.0844,0.0919,0.0627,0.0517
5.5100,0.0699,0.0288,-0.0410,0.0559,-0.0056,-0.0484,0.0348,0.1160,0.0869,0.0948,0.0640,0.0533
5.5125,0.0713,0.0293,-0.0420,0.0567,-0.0059,-0.0498,0.0342,0.1163,0.0889,0.0977,0.0664,0.0557
5.5150,0.0726,0.0292,-0.0434,0.0579,-0.0066,-0.0504,0.0330,0.1163,0.0877,0.0992,0.0688,0.0589
5.5175,0.0751,0.0299,-0.0452,0.0601,-0.0072,-0.0520,0.0306,0.1157,0.0860,0.1002,0.0699,0.0598
5.5200,0.0780,0.0321,-0.0459,0.0620,-0.0064,-0.0545,0.0288,0.1131,0.0878,0.1006,0.0706,0.0598
5.5225,0.0792,0.0342,-0.0450,0.0625,-0.0049,-0.0557,0.0274,0.1094,0.0899,0.1006,0.0723,0.0625
5.5250,0.0791,0.0342,-0.0449,0.0626,-0.0049,-0.0557,0.0252,0.1079,0.0885,0.1012,0.0740,0.0651
5.5275,0.0791,0.0348,-0.0444,0.0622,-0.0042,-0.0559,0.0229,0.1061,0.0874,0.1025,0.0745,0.0656
5.5300,0.0792,0.0368,-0.0423,0.0613,-0.0024,-0.0571,0.0207,0.1038,0.0881,0.1041,0.0758,0.0654
5.5325,0.0801,0.0381,-0.0420,0.0616,-0.0020,-0.0586,0.0186,0.1016,0.0870,0.1055,0.0772,0.0655
5.5350,0.0812,0.0388,-0.0425,0.0620,-0.0015,-0.0595,0.0176,0.0974,0.0852,0.1058,0.0759,0.0656
5.5375,0.0796,0.0395,-0.0401,0.0598,0.0002,-0.0590,0.0176,0.0923,0.0848,0.1043,0.0740,0.0647
5.5400,0.0758,0.0386,-0.0372,0.0565,0.0011,-0.0567,0.0176,0.0870,0.0830,0.1015,0.0730,0.0629
5.5425,0.0713,0.0371,-0.0342,0.0528,0.0020,-0.0537,0.0176,0.0821,0.0792,0.0987,0.0723,0.0616
5.5450,0.0667,0.0371,-0.0296,0.0481,0.0042,-0.0515,0.0170,0.0791,0.0760,0.0965,0.0705,0.0596
5.5475,0.0635,0.0368,-0.0267,0.0454,0.0056,-0.0493,0.0159,0.0753,0.0734,0.0936,0.0667,0.0564
5.5500,0.0602,0.0358,-0.0244,0.0428,0.0061,-0.0471,0.0157,0.0691,0.0702,0.0893,0.0637,0.0541
5.5525,0.0547,0.0342,-0.0205,0.0381,0.0068,-0.0440,0.0156,0.0635,0.0664,0.0850,0.0616,0.0518
5.5550,0.0494,0.0312,-0.0181,0.0342,0.0069,-0.0395,0.0136,0.0585,0.0620,0.0806,0.0573,0.0474
5.5575,0.0450,0.0289,-0.0161,0.0310,0.0072,-0.0358,0.0112,0.0527,0.0581,0.0758,0.0529,0.0433
5.5600,0.0404,0.0280,-0.0123,0.0269,0.0081,-0.0334,0.0109,0.0471,0.0542,0.0704,0.0496,0.0397
5.5625,0.0352,0.0264,-0.0088,0.0225,0.0088,-0.0303,0.0117,0.0430,0.0489,0.0645,0.0450,0.0352
5.5650,0.0299,0.0241,-0.0058,0.0180,0.0095,-0.0265,0.0107,0.0388,0.0435,0.0592,0.0396,0.0320
5.5675,0.0253,0.0224,-0.0029,0.0141,0.0102,-0.0234,0.0078,0.0336,0.0395,0.0544,0.0355,0.0296
5.5700,0.0210,0.0210,0.0001,0.0105,0.0111,-0.0205,0.0068,0.0287,0.0358,0.0487,0.0319,0.0259
5.5725,0.0166,0.0195,0.0029,0.0068,0.0117,-0.0176,0.0068,0.0244,0.0313,0.0430,0.0274,0.0215
5.5750,0.0128,0.0175,0.0047,0.0044,0.0111,-0.0147,0.0053,0.0193,0.0266,0.0385,0.0228,0.0177
5.5775,0.0095,0.0147,0.0052,0.0028,0.0101,-0.0113,0.0049,0.0143,0.0233,0.0341,0.0190,0.0146
5.5800,0.0053,0.0118,0.0065,-0.0002,0.0098,-0.0076,0.0063,0.0106,0.0204,0.0299,0.0155,0.0118
5.5825,0.0010,0.0098,0.0088,-0.0039,0.0098,-0.0049,0.0059,0.0078,0.0166,0.0254,0.0137,0.0098
5.5850,-0.0015,0.0084,0.0098,-0.0057,0.0091,-0.0034,0.0035,0.0049,0.0122,0.0200,0.0131,0.0083
5.5875,-0.0029,0.0067,0.0095,-0.0062,0.0081,-0.0019,0.0025,0.0021,0.0080,0.0165,0.0112,0.0064
5.5900,-0.0045,0.0056,0.0101,-0.0072,0.0078,-0.0005,0.0032,0.0006,0.0049,0.0135,0.0092,0.0041
5.5925,-0.0059,0.0049,0.0107,-0.0078,0.0078,0.0010,0.0029,-0.0000,0.0029,0.0098,0.0078,0.0020
5.5950,-0.0066,0.0034,0.0100,-0.0077,0.0071,0.0026,0.0020,-0.0007,0.0014,0.0075,0.0049,0.0004
5.5975,-0.0073,0.0022,0.0096,-0.0084,0.0063,0.0030,0.0024,-0.0015,0.0001,0.0051,0.0022,-0.0009
5.6000,-0.0080,0.0018,0.0098,-0.0087,0.0056,0.0030,0.0030,-0.0022,-0.0017,0.0018,0.0004,-0.0026
5.6025,-0.0078,0.0010,0.0088,-0.0078,0.0049,0.0039,0.0020,-0.0039,-0.0049,-0.0010,-0.0010,-0.0039
5.6050,-0.0082,0.0002,0.0084,-0.0082,0.0048,0.0047,0.0010,-0.0069,-0.0081,-0.0034,-0.0010,-0.0045
5.6075,-0.0104,-0.0003,0.0101,-0.0101,0.0050,0.0056,0.0011,-0.0092,-0.0093,-0.0045,-0.0019,-0.0059
5.6100,-0.0121,-0.0015,0.0106,-0.0107,0.0047,0.0075,0.0008,-0.0099,-0.0084,-0.0053,-0.0050,-0.0070
5.6125,-0.0127,-0.0029,0.0098,-0.0107,0.0039,0.0088,0.0000,-0.0107,-0.0078,-0.0068,-0.0068,-0.0068
5.6150,-0.0135,-0.0037,0.0098,-0.0116,0.0032,0.0088,-0.0001,-0.0123,-0.0097,-0.0077,-0.0061,-0.0074
5.6175,-0.0137,-0.0043,0.0093,-0.0113,0.0024,0.0091,0.0000,-0.0133,-0.0127,-0.0085,-0.0057,-0.0085
5.6200,-0.0138,-0.0051,0.0087,-0.0106,0.0018,0.0100,0.0000,-0.0138,-0.0137,-0.0105,-0.0060,-0.0089
5.6225,-0.0137,-0.0049,0.0088,-0.0107,0.0020,0.0098,0.0000,-0.0137,-0.0127,-0.0117,-0.0068,-0.0098
5.6250,-0.0127,-0.0040,0.0086,-0.0106,0.0027,0.0089,-0.0007,-0.0135,-0.0130,-0.0117,-0.0084,-0.0113
5.6275,-0.0138,-0.0039,0.0099,-0.0119,0.0033,0.0091,-0.0013,-0.0143,-0.0154,-0.0124,-0.0090,-0.0121
5.6300,-0.0163,-0.0039,0.0125,-0.0144,0.0043,0.0100,-0.0006,-0.0145,-0.0168,-0.0143,-0.0088,-0.0113
5.6325,-0.0166,-0.0039,0.0127,-0.0147,0.0049,0.0107,-0.0000,-0.0137,-0.0166,-0.0147,-0.0088,-0.0107
5.6350,-0.0164,-0.0047,0.0117,-0.0137,0.0042,0.0115,-0.0007,-0.0142,-0.0167,-0.0137,-0.0087,-0.0115
5.6375,-0.0173,-0.0050,0.0123,-0.0142,0.0037,0.0118,-0.0011,-0.0153,-0.0161,-0.0141,-0.0090,-0.0118
5.6400,-0.0174,-0.0048,0.0126,-0.0146,0.0040,0.0117,-0.0009,-0.0157,-0.0155,-0.0148,-0.0084,-0.0118
5.6425,-0.0166,-0.0049,0.0117,-0.0137,0.0039,0.0117,-0.0010,-0.0156,-0.0156,-0.0147,-0.0078,-0.0117
5.6450,-0.0165,-0.0049,0.0116,-0.0135,0.0039,0.0117,-0.0010,-0.0148,-0.0155,-0.0153,-0.0087,-0.0109
5.6475,-0.0167,-0.0049,0.0118,-0.0138,0.0040,0.0118,-0.0009,-0.0149,-0.0161,-0.0159,-0.0083,-0.0110
5.6500,-0.0164,-0.0048,0.0116,-0.0135,0.0038,0.0115,-0.0010,-0.0159,-0.0167,-0.0153,-0.0079,-0.0120
5.6525,-0.0156,-0.0049,0.0107,-0.0127,0.0029,0.0107,-0.0010,-0.0156,-0.0166,-0.0147,-0.0088,-0.0117
5.6550,-0.0160,-0.0057,0.0103,-0.0130,0.0026,0.0113,-0.0010,-0.0148,-0.0173,-0.0146,-0.0088,-0.0115
5.6575,-0.0181,-0.0059,0.0122,-0.0152,0.0037,0.0124,-0.0010,-0.0145,-0.0181,-0.0150,-0.0091,-0.0124
5.6600,-0.0182,-0.0059,0.0123,-0.0152,0.0037,0.0126,-0.0010,-0.0148,-0.0188,-0.0160,-0.0100,-0.0125
5.6625,-0.0166,-0.0059,0.0107,-0.0137,0.0029,0.0117,-0.0010,-0.0156,-0.0186,-0.0166,-0.0098,-0.0117
5.6650,-0.0171,-0.0056,0.0116,-0.0143,0.0030,0.0114,-0.0010,-0.0164,-0.0175,-0.0165,-0.0097,-0.0122
5.6675,-0.0182,-0.0070,0.0112,-0.0147,0.0023,0.0129,-0.0010,-0.0169,-0.0186,-0.0168,-0.0101,-0.0135
5.6700,-0.0188,-0.0077,0.0111,-0.0149,0.0022,0.0137,-0.0010,-0.0163,-0.0194,-0.0163,-0.0111,-0.0135
5.6725,-0.0195,-0.0059,0.0137,-0.0166,0.0039,0.0127,-0.0010,-0.0156,-0.0176,-0.0156,-0.0117,-0.0127
5.6750,-0.0196,-0.0055,0.0140,-0.0168,0.0042,0.0125,-0.0010,-0.0163,-0.0172,-0.0163,-0.0110,-0.0125
5.6775,-0.0196,-0.0066,0.0131,-0.0162,0.0033,0.0133,-0.0009,-0.0171,-0.0183,-0.0170,-0.0105,-0.0133
5.6800,-0.0193,-0.0069,0.0124,-0.0153,0.0029,0.0138,-0.0010,-0.0178,-0.0186,-0.0179,-0.0109,-0.0137
5.6825,-0.0186,-0.0068,0.0117,-0.0147,0.0029,0.0137,-0.0010,-0.0176,-0.0186,-0.0186,-0.0107,-0.0137
5.6850,-0.0186,-0.0062,0.0124,-0.0154,0.0036,0.0129,-0.0009,-0.0166,-0.0186,-0.0177,-0.0106,-0.0143
5.6875,-0.0183,-0.0052,0.0132,-0.0155,0.0045,0.0124,-0.0012,-0.0172,-0.0185,-0.0179,-0.0113,-0.0149
5.6900,-0.0190,-0.0049,0.0141,-0.0160,0.0051,0.0130,-0.0007,-0.0175,-0.0185,-0.0187,-0.0118,-0.0144
5.6925,-0.0205,-0.0049,0.0156,-0.0176,0.0059,0.0137,-0.0000,-0.0166,-0.0186,-0.0186,-0.0117,-0.0147
5.6950,-0.0207,-0.0048,0.0159,-0.0177,0.0061,0.0138,-0.0008,-0.0172,-0.0186,-0.0186,-0.0118,-0.0157
5.6975,-0.0202,-0.0054,0.0148,-0.0172,0.0049,0.0133,-0.0007,-0.0178,-0.0185,-0.0184,-0.0115,-0.0148
5.7000,-0.0191,-0.0059,0.0131,-0.0162,0.0036,0.0124,0.0003,-0.0175,-0.0186,-0.0189,-0.0120,-0.0134
5.7025,-0.0186,-0.0059,0.0127,-0.0156,0.0039,0.0127,0.0000,-0.0176,-0.0186,-0.0195,-0.0127,-0.0137
5.7050,-0.0201,-0.0059,0.0142,-0.0172,0.0048,0.0137,-0.0008,-0.0176,-0.0184,-0.0187,-0.0126,-0.0145
5.7075,-0.0203,-0.0054,0.0149,-0.0174,0.0048,0.0131,-0.0014,-0.0179,-0.0192,-0.0186,-0.0136,-0.0148
5.7100,-0.0194,-0.0047,0.0147,-0.0164,0.0051,0.0128,-0.0022,-0.0189,-0.0194,-0.0183,-0.0149,-0.0144
5.7125,-0.0205,-0.0049,0.0156,-0.0176,0.0059,0.0137,-0.0020,-0.0195,-0.0186,-0.0176,-0.0137,-0.0137
5.7150,-0.0221,-0.0056,0.0166,-0.0194,0.0060,0.0143,-0.0010,-0.0201,-0.0191,-0.0191,-0.0119,-0.0143
5.7175,-0.0227,-0.0065,0.0162,-0.0192,0.0054,0.0154,-0.0015,-0.0210,-0.0203,-0.0194,-0.0120,-0.0153
5.7200,-0.0222,-0.0068,0.0154,-0.0183,0.0047,0.0153,-0.0019,-0.0199,-0.0205,-0.0182,-0.0130,-0.0157
5.7225,-0.0215,-0.0059,0.0156,-0.0186,0.0049,0.0137,-0.0010,-0.0186,-0.0205,-0.0186,-0.0137,-0.0156
5.7250,-0.0222,-0.0050,0.0171,-0.0194,0.0064,0.0142,-0.0008,-0.0199,-0.0205,-0.0193,-0.0139,-0.0148
5.7275,-0.0226,-0.0048,0.0179,-0.0195,0.0072,0.0151,-0.0011,-0.0209,-0.0205,-0.0200,-0.0130,-0.0149
5.7300,-0.0225,-0.0050,0.0174,-0.0196,0.0065,0.0144,-0.0009,-0.0203,-0.0205,-0.0207,-0.0129,-0.0160
5.7325,-0.0235,-0.0059,0.0176,-0.0205,0.0059,0.0147,-0.0010,-0.0205,-0.0205,-0.0205,-0.0147,-0.0166
5.7350,-0.0239,-0.0067,0.0172,-0.0202,0.0053,0.0156,-0.0016,-0.0219,-0.0211,-0.0197,-0.0157,-0.0166
5.7375,-0.0221,-0.0070,0.0151,-0.0180,0.0040,0.0151,-0.0027,-0.0236,-0.0222,-0.0194,-0.0154,-0.0169
5.7400,-0.0216,-0.0066,0.0150,-0.0179,0.0043,0.0146,-0.0028,-0.0246,-0.0223,-0.0197,-0.0159,-0.0178
5.7425,-0.0225,-0.0059,0.0166,-0.0195,0.0059,0.0147,-0.0020,-0.0244,-0.0215,-0.0205,-0.0166,-0.0176
5.7450,-0.0224,-0.0057,0.0167,-0.0197,0.0061,0.0145,-0.0025,-0.0242,-0.0220,-0.0206,-0.0160,-0.0166
5.7475,-0.0227,-0.0064,0.0163,-0.0193,0.0054,0.0153,-0.0037,-0.0250,-0.0233,-0.0205,-0.0150,-0.0172
5.7500,-0.0219,-0.0069,0.0150,-0.0179,0.0046,0.0155,-0.0037,-0.0253,-0.0232,-0.0222,-0.0145,-0.0175
5.7525,-0.0205,-0.0068,0.0137,-0.0166,0.0039,0.0147,-0.0029,-0.0244,-0.0225,-0.0235,-0.0147,-0.0166
5.7550,-0.0218,-0.0068,0.0150,-0.0180,0.0046,0.0153,-0.0028,-0.0242,-0.0230,-0.0219,-0.0155,-0.0166
5.7575,-0.0229,-0.0068,0.0161,-0.0190,0.0052,0.0159,-0.0032,-0.0250,-0.0243,-0.0215,-0.0156,-0.0161
5.7600,-0.0222,-0.0069,0.0153,-0.0183,0.0047,0.0155,-0.0026,-0.0254,-0.0242,-0.0229,-0.0158,-0.0156
5.7625,-0.0225,-0.0068,0.0156,-0.0186,0.0049,0.0156,-0.0020,-0.0254,-0.0235,-0.0235,-0.0166,-0.0166
5.7650,-0.0226,-0.0067,0.0160,-0.0187,0.0051,0.0157,-0.0025,-0.0267,-0.0240,-0.0234,-0.0166,-0.0175
5.7675,-0.0222,-0.0074,0.0147,-0.0183,0.0042,0.0155,-0.0036,-0.0286,-0.0250,-0.0235,-0.0169,-0.0177
5.7700,-0.0228,-0.0077,0.0151,-0.0189,0.0041,0.0157,-0.0040,-0.0293,-0.0255,-0.0235,-0.0180,-0.0175
5.7725,-0.0235,-0.0068,0.0166,-0.0195,0.0049,0.0156,-0.0039,-0.0283,-0.0254,-0.0244,-0.0186,-0.0176
5.7750,-0.0233,-0.0067,0.0166,-0.0194,0.0049,0.0155,-0.0038,-0.0279,-0.0246,-0.0260,-0.0180,-0.0185
5.7775,-0.0240,-0.0070,0.0170,-0.0200,0.0053,0.0162,-0.0043,-0.0296,-0.0245,-0.0266,-0.0168,-0.0181
5.7800,-0.0245,-0.0067,0.0177,-0.0206,0.0060,0.0166,-0.0051,-0.0302,-0.0259,-0.0263,-0.0167,-0.0176
5.7825,-0.0244,-0.0068,0.0176,-0.0205,0.0059,0.0166,-0.0049,-0.0293,-0.0264,-0.0274,-0.0176,-0.0186
5.7850,-0.0246,-0.0069,0.0176,-0.0206,0.0059,0.0168,-0.0040,-0.0299,-0.0261,-0.0285,-0.0183,-0.0194
5.7875,-0.0238,-0.0066,0.0171,-0.0199,0.0055,0.0159,-0.0042,-0.0305,-0.0273,-0.0273,-0.0188,-0.0197
5.7900,-0.0237,-0.0072,0.0165,-0.0196,0.0046,0.0159,-0.0052,-0.0301,-0.0285,-0.0263,-0.0183,-0.0194
5.7925,-0.0254,-0.0088,0.0166,-0.0205,0.0039,0.0176,-0.0059,-0.0303,-0.0283,-0.0274,-0.0186,-0.0195
5.7950,-0.0257,-0.0091,0.0166,-0.0206,0.0037,0.0179,-0.0060,-0.0309,-0.0289,-0.0281,-0.0203,-0.0205
5.7975,-0.0247,-0.0077,0.0169,-0.0204,0.0048,0.0169,-0.0054,-0.0319,-0.0301,-0.0288,-0.0199,-0.0200
5.8000,-0.0244,-0.0066,0.0178,-0.0206,0.0062,0.0166,-0.0047,-0.0321,-0.0301,-0.0294,-0.0181,-0.0196
5.8025,-0.0244,-0.0068,0.0176,-0.0205,0.0059,0.0166,-0.0049,-0.0313,-0.0293,-0.0293,-0.0186,-0.0205
5.8050,-0.0244,-0.0076,0.0167,-0.0204,0.0050,0.0165,-0.0056,-0.0310,-0.0291,-0.0292,-0.0202,-0.0206
5.8075,-0.0245,-0.0079,0.0166,-0.0206,0.0050,0.0167,-0.0063,-0.0318,-0.0302,-0.0296,-0.0203,-0.0205
5.8100,-0.0243,-0.0078,0.0165,-0.0204,0.0047,0.0164,-0.0071,-0.0323,-0.0316,-0.0306,-0.0191,-0.0205
5.8125,-0.0235,-0.0078,0.0156,-0.0195,0.0039,0.0156,-0.0068,-0.0322,-0.0313,-0.0313,-0.0186,-0.0205
5.8150,-0.0226,-0.0078,0.0148,-0.0187,0.0038,0.0156,-0.0059,-0.0322,-0.0303,-0.0306,-0.0193,-0.0207
5.8175,-0.0223,-0.0078,0.0145,-0.0184,0.0039,0.0156,-0.0063,-0.0321,-0.0308,-0.0298,-0.0197,-0.0195
5.8200,-0.0227,-0.0078,0.0149,-0.0188,0.0040,0.0158,-0.0069,-0.0324,-0.0312,-0.0290,-0.0194,-0.0184
5.8225,-0.0244,-0.0078,0.0166,-0.0205,0.0049,0.0166,-0.0068,-0.0332,-0.0303,-0.0283,-0.0195,-0.0186
5.8250,-0.0256,-0.0078,0.0179,-0.0218,0.0052,0.0168,-0.0070,-0.0334,-0.0300,-0.0289,-0.0203,-0.0185
5.8275,-0.0243,-0.0079,0.0164,-0.0203,0.0041,0.0160,-0.0062,-0.0326,-0.0310,-0.0297,-0.0206,-0.0190
5.8300,-0.0233,-0.0077,0.0156,-0.0195,0.0040,0.0155,-0.0060,-0.0321,-0.0311,-0.0289,-0.0204,-0.0196
5.8325,-0.0235,-0.0078,0.0156,-0.0195,0.0039,0.0156,-0.0068,-0.0322,-0.0303,-0.0283,-0.0205,-0.0195
5.8350,-0.0232,-0.0087,0.0145,-0.0184,0.0029,0.0163,-0.0063,-0.0329,-0.0301,-0.0291,-0.0206,-0.0203
5.8375,-0.0243,-0.0085,0.0158,-0.0197,0.0039,0.0169,-0.0055,-0.0338,-0.0308,-0.0294,-0.0203,-0.0206
5.8400,-0.0239,-0.0076,0.0163,-0.0202,0.0049,0.0162,-0.0062,-0.0342,-0.0314,-0.0294,-0.0209,-0.0205
5.8425,-0.0225,-0.0078,0.0147,-0.0186,0.0039,0.0156,-0.0068,-0.0342,-0.0322,-0.0303,-0.0225,-0.0205
5.8450,-0.0239,-0.0079,0.0159,-0.0198,0.0044,0.0164,-0.0075,-0.0348,-0.0325,-0.0305,-0.0228,-0.0204
5.8475,-0.0247,-0.0076,0.0171,-0.0210,0.0054,0.0166,-0.0082,-0.0356,-0.0314,-0.0296,-0.0215,-0.0210
5.8500,-0.0245,-0.0081,0.0164,-0.0203,0.0045,0.0168,-0.0074,-0.0347,-0.0315,-0.0294,-0.0201,-0.0215
5.8525,-0.0254,-0.0088,0.0166,-0.0205,0.0039,0.0176,-0.0068,-0.0342,-0.0322,-0.0303,-0.0195,-0.0205
5.8550,-0.0248,-0.0082,0.0166,-0.0206,0.0046,0.0170,-0.0078,-0.0351,-0.0315,-0.0305,-0.0201,-0.0196
5.8575,-0.0241,-0.0071,0.0170,-0.0205,0.0055,0.0162,-0.0072,-0.0346,-0.0311,-0.0298,-0.0212,-0.0195
5.8600,-0.0245,-0.0068,0.0177,-0.0205,0.0060,0.0168,-0.0070,-0.0343,-0.0312,-0.0291,-0.0214,-0.0195
5.8625,-0.0244,-0.0068,0.0176,-0.0205,0.0059,0.0166,-0.0078,-0.0352,-0.0313,-0.0283,-0.0205,-0.0195
5.8650,-0.0250,-0.0074,0.0176,-0.0213,0.0052,0.0163,-0.0070,-0.0346,-0.0321,-0.0281,-0.0196,-0.0195
5.8675,-0.0259,-0.0086,0.0173,-0.0213,0.0043,0.0175,-0.0072,-0.0338,-0.0318,-0.0290,-0.0198,-0.0196
5.8700,-0.0248,-0.0086,0.0162,-0.0201,0.0038,0.0171,-0.0079,-0.0345,-0.0312,-0.0292,-0.0208,-0.0194
5.8725,-0.0235,-0.0078,0.0156,-0.0195,0.0039,0.0156,-0.0068,-0.0352,-0.0322,-0.0283,-0.0215,-0.0186
5.8750,-0.0241,-0.0084,0.0157,-0.0196,0.0040,0.0170,-0.0060,-0.0353,-0.0325,-0.0282,-0.0209,-0.0183
5.8775,-0.0246,-0.0091,0.0155,-0.0194,0.0038,0.0181,-0.0053,-0.0347,-0.0315,-0.0284,-0.0197,-0.0191
5.8800,-0.0244,-0.0085,0.0159,-0.0198,0.0041,0.0173,-0.0049,-0.0341,-0.0312,-0.0284,-0.0198,-0.0196
5.8825,-0.0244,-0.0078,0.0166,-0.0205,0.0049,0.0166,-0.0059,-0.0342,-0.0313,-0.0293,-0.0215,-0.0195
5.8850,-0.0237,-0.0077,0.0160,-0.0199,0.0044,0.0158,-0.0061,-0.0342,-0.0312,-0.0297,-0.0224,-0.0196
5.8875,-0.0232,-0.0083,0.0149,-0.0188,0.0031,0.0158,-0.0052,-0.0345,-0.0314,-0.0281,-0.0222,-0.0191
5.8900,-0.0234,-0.0089,0.0145,-0.0184,0.0030,0.0169,-0.0049,-0.0355,-0.0310,-0.0273,-0.0210,-0.0184
5.8925,-0.0225,-0.0088,0.0137,-0.0176,0.0029,0.0166,-0.0059,-0.0352,-0.0303,-0.0283,-0.0195,-0.0186
5.8950,-0.0214,-0.0087,0.0127,-0.0166,0.0020,0.0156,-0.0067,-0.0335,-0.0308,-0.0286,-0.0200,-0.0186
5.8975,-0.0221,-0.0088,0.0132,-0.0171,0.0024,0.0162,-0.0068,-0.0334,-0.0319,-0.0277,-0.0215,-0.0184
5.9000,-0.0224,-0.0088,0.0136,-0.0175,0.0029,0.0165,-0.0069,-0.0344,-0.0322,-0.0273,-0.0211,-0.0186
5.9025,-0.0215,-0.0088,0.0127,-0.0166,0.0020,0.0156,-0.0068,-0.0342,-0.0313,-0.0274,-0.0195,-0.0186
5.9050,-0.0213,-0.0089,0.0125,-0.0164,0.0018,0.0156,-0.0061,-0.0334,-0.0297,-0.0274,-0.0193,-0.0184
5.9075,-0.0217,-0.0084,0.0133,-0.0172,0.0025,0.0153,-0.0053,-0.0330,-0.0290,-0.0270,-0.0201,-0.0191
5.9100,-0.0214,-0.0076,0.0138,-0.0177,0.0031,0.0144,-0.0047,-0.0335,-0.0296,-0.0260,-0.0206,-0.0195
5.9125,-0.0215,-0.0078,0.0137,-0.0176,0.0029,0.0147,-0.0049,-0.0342,-0.0303,-0.0254,-0.0205,-0.0186
5.9150,-0.0217,-0.0087,0.0129,-0.0169,0.0020,0.0156,-0.0058,-0.0335,-0.0304,-0.0254,-0.0198,-0.0183
5.9175,-0.0208,-0.0084,0.0124,-0.0163,0.0024,0.0152,-0.0055,-0.0329,-0.0301,-0.0253,-0.0193,-0.0192
5.9200,-0.0206,-0.0077,0.0130,-0.0169,0.0030,0.0145,-0.0047,-0.0335,-0.0304,-0.0255,-0.0198,-0.0195
5.9225,-0.0215,-0.0078,0.0137,-0.0176,0.0029,0.0147,-0.0049,-0.0342,-0.0303,-0.0254,-0.0205,-0.0195
5.9250,-0.0210,-0.0078,0.0132,-0.0170,0.0031,0.0148,-0.0056,-0.0349,-0.0294,-0.0251,-0.0211,-0.0196
5.9275,-0.0197,-0.0078,0.0119,-0.0158,0.0024,0.0141,-0.0063,-0.0354,-0.0296,-0.0264,-0.0223,-0.0190
5.9300,-0.0196,-0.0078,0.0118,-0.0157,0.0019,0.0136,-0.0070,-0.0348,-0.0306,-0.0274,-0.0222,-0.0185
5.9325,-0.0195,-0.0078,0.0117,-0.0156,0.0020,0.0137,-0.0068,-0.0342,-0.0313,-0.0264,-0.0205,-0.0195
5.9350,-0.0193,-0.0080,0.0113,-0.0154,0.0017,0.0136,-0.0060,-0.0349,-0.0320,-0.0254,-0.0202,-0.0205
5.9375,-0.0203,-0.0072,0.0130,-0.0164,0.0031,0.0142,-0.0061,-0.0353,-0.0321,-0.0254,-0.0212,-0.0204
5.9400,-0.0203,-0.0068,0.0135,-0.0163,0.0038,0.0147,-0.0071,-0.0351,-0.0307,-0.0252,-0.0215,-0.0206
5.9425,-0.0195,-0.0068,0.0127,-0.0156,0.0029,0.0137,-0.0068,-0.0352,-0.0303,-0.0244,-0.0215,-0.0205
5.9450,-0.0197,-0.0059,0.0137,-0.0166,0.0037,0.0127,-0.0058,-0.0352,-0.0317,-0.0235,-0.0215,-0.0196
5.9475,-0.0189,-0.0066,0.0123,-0.0156,0.0033,0.0131,-0.0064,-0.0351,-0.0327,-0.0234,-0.0215,-0.0200
5.9500,-0.0187,-0.0082,0.0105,-0.0147,0.0015,0.0138,-0.0068,-0.0352,-0.0317,-0.0233,-0.0214,-0.0205
5.9525,-0.0195,-0.0078,0.0117,-0.0156,0.0020,0.0137,-0.0059,-0.0352,-0.0303,-0.0225,-0.0205,-0.0195
5.9550,-0.0187,-0.0068,0.0119,-0.0148,0.0029,0.0136,-0.0057,-0.0345,-0.0300,-0.0223,-0.0195,-0.0187
5.9575,-0.0192,-0.0073,0.0119,-0.0153,0.0029,0.0141,-0.0063,-0.0338,-0.0312,-0.0230,-0.0200,-0.0184
5.9600,-0.0209,-0.0080,0.0130,-0.0170,0.0030,0.0148,-0.0071,-0.0345,-0.0325,-0.0235,-0.0205,-0.0187
5.9625,-0.0205,-0.0078,0.0127,-0.0166,0.0029,0.0147,-0.0078,-0.0352,-0.0322,-0.0235,-0.0205,-0.0195
5.9650,-0.0196,-0.0077,0.0119,-0.0158,0.0023,0.0138,-0.0078,-0.0350,-0.0313,-0.0228,-0.0213,-0.0197
5.9675,-0.0194,-0.0077,0.0117,-0.0154,0.0018,0.0136,-0.0079,-0.0355,-0.0316,-0.0218,-0.0213,-0.0194
5.9700,-0.0197,-0.0061,0.0136,-0.0161,0.0039,0.0137,-0.0076,-0.0346,-0.0325,-0.0214,-0.0201,-0.0197
5.9725,-0.0205,-0.0049,0.0156,-0.0176,0.0059,0.0137,-0.0068,-0.0332,-0.0322,-0.0215,-0.0195,-0.0195
5.9750,-0.0201,-0.0063,0.0138,-0.0165,0.0039,0.0138,-0.0067,-0.0339,-0.0313,-0.0209,-0.0201,-0.0187
5.9775,-0.0183,-0.0073,0.0110,-0.0142,0.0018,0.0132,-0.0072,-0.0342,-0.0316,-0.0198,-0.0213,-0.0188
5.9800,-0.0175,-0.0066,0.0109,-0.0137,0.0022,0.0125,-0.0082,-0.0344,-0.0324,-0.0195,-0.0212,-0.0199
5.9825,-0.0176,-0.0068,0.0107,-0.0137,0.0020,0.0127,-0.0098,-0.0352,-0.0322,-0.0195,-0.0205,-0.0205
5.9850,-0.0169,-0.0078,0.0091,-0.0129,0.0011,0.0129,-0.0102,-0.0338,-0.0321,-0.0195,-0.0213,-0.0199
5.9875,-0.0161,-0.0071,0.0090,-0.0126,0.0013,0.0119,-0.0084,-0.0325,-0.0325,-0.0197,-0.0213,-0.0185
5.9900,-0.0152,-0.0052,0.0100,-0.0126,0.0023,0.0102,-0.0062,-0.0319,-0.0317,-0.0192,-0.0200,-0.0172
5.9925,-0.0137,-0.0039,0.0098,-0.0117,0.0029,0.0088,-0.0049,-0.0293,-0.0293,-0.0176,-0.0186,-0.0166
5.9950,-0.0127,-0.0027,0.0101,-0.0115,0.0041,0.0080,-0.0029,-0.0262,-0.0270,-0.0154,-0.0170,-0.0160
5.9975,-0.0127,-0.0003,0.0125,-0.0124,0.0066,0.0073,0.0001,-0.0236,-0.0251,-0.0131,-0.0162,-0.0146
6.0000,-0.0126,0.0012,0.0139,-0.0127,0.0080,0.0067,0.0028,-0.0203,-0.0224,-0.0111,-0.0151,-0.0134
6.0025,-0.0127,0.0010,0.0137,-0.0127,0.0078,0.0068,0.0049,-0.0176,-0.0195,-0.0098,-0.0127,-0.0137
6.0050,-0.0128,0.0015,0.0143,-0.0134,0.0084,0.0064,0.0065,-0.0167,-0.0186,-0.0078,-0.0116,-0.0139
6.0075,-0.0122,0.0030,0.0152,-0.0138,0.0094,0.0047,0.0074,-0.0162,-0.0183,-0.0050,-0.0119,-0.0127
6.0100,-0.0116,0.0042,0.0159,-0.0136,0.0100,0.0038,0.0081,-0.0154,-0.0171,-0.0036,-0.0114,-0.0113
6.0125,-0.0117,0.0049,0.0166,-0.0137,0.0107,0.0039,0.0088,-0.0147,-0.0156,-0.0029,-0.0107,-0.0107
6.0150,-0.0106,0.0056,0.0162,-0.0132,0.0109,0.0027,0.0089,-0.0127,-0.0142,-0.0014,-0.0108,-0.0101
6.0175,-0.0081,0.0061,0.0142,-0.0113,0.0103,0.0009,0.0086,-0.0099,-0.0123,-0.0004,-0.0098,-0.0089
6.0200,-0.0064,0.0056,0.0120,-0.0090,0.0094,0.0012,0.0090,-0.0086,-0.0101,0.0003,-0.0067,-0.0073
6.0225,-0.0049,0.0049,0.0098,-0.0068,0.0078,0.0010,0.0098,-0.0088,-0.0098,0.0020,-0.0049,-0.0068
6.0250,-0.0026,0.0049,0.0075,-0.0046,0.0062,-0.0008,0.0094,-0.0083,-0.0107,0.0030,-0.0043,-0.0070
6.0275,-0.0012,0.0047,0.0059,-0.0030,0.0056,-0.0008,0.0071,-0.0071,-0.0102,0.0025,-0.0029,-0.0058
6.0300,-0.0008,0.0052,0.0060,-0.0031,0.0060,-0.0015,0.0037,-0.0088,-0.0099,0.0019,-0.0036,-0.0047
6.0325,-0.0000,0.0059,0.0059,-0.0029,0.0059,-0.0029,-0.0000,-0.0127,-0.0127,0.0020,-0.0068,-0.0059
6.0350,-0.0004,0.0051,0.0055,-0.0025,0.0057,-0.0016,-0.0031,-0.0163,-0.0165,0.0009,-0.0079,-0.0075
6.0375,-0.0025,0.0047,0.0072,-0.0045,0.0062,-0.0004,-0.0053,-0.0205,-0.0192,-0.0021,-0.0079,-0.0079
6.0400,-0.0045,0.0031,0.0075,-0.0061,0.0052,0.0005,-0.0078,-0.0246,-0.0213,-0.0044,-0.0094,-0.0079
6.0425,-0.0059,0.0000,0.0059,-0.0059,0.0029,0.0029,-0.0107,-0.0274,-0.0244,-0.0049,-0.0117,-0.0098
6.0450,-0.0074,-0.0016,0.0058,-0.0065,0.0020,0.0044,-0.0119,-0.0297,-0.0277,-0.0061,-0.0134,-0.0130
6.0475,-0.0084,-0.0030,0.0055,-0.0070,0.0015,0.0060,-0.0112,-0.0307,-0.0286,-0.0085,-0.0136,-0.0137
6.0500,-0.0089,-0.0041,0.0049,-0.0069,0.0008,0.0069,-0.0106,-0.0300,-0.0282,-0.0101,-0.0139,-0.0122
6.0525,-0.0098,-0.0039,0.0059,-0.0078,0.0010,0.0068,-0.0098,-0.0303,-0.0283,-0.0098,-0.0147,-0.0117
6.0550,-0.0106,-0.0046,0.0060,-0.0080,0.0011,0.0083,-0.0094,-0.0312,-0.0289,-0.0088,-0.0141,-0.0124
6.0575,-0.0108,-0.0051,0.0057,-0.0076,0.0009,0.0091,-0.0113,-0.0310,-0.0303,-0.0095,-0.0130,-0.0132
6.0600,-0.0108,-0.0049,0.0059,-0.0079,0.0010,0.0087,-0.0130,-0.0317,-0.0316,-0.0113,-0.0127,-0.0139
6.0625,-0.0107,-0.0059,0.0049,-0.0078,0.0000,0.0088,-0.0127,-0.0342,-0.0332,-0.0127,-0.0137,-0.0147
6.0650,-0.0100,-0.0074,0.0026,-0.0064,-0.0023,0.0087,-0.0133,-0.0359,-0.0356,-0.0141,-0.0158,-0.0160
6.0675,-0.0099,-0.0083,0.0016,-0.0054,-0.0034,0.0095,-0.0141,-0.0362,-0.0364,-0.0154,-0.0178,-0.0178
6.0700,-0.0131,-0.0091,0.0041,-0.0082,-0.0025,0.0115,-0.0132,-0.0362,-0.0362,-0.0157,-0.0189,-0.0188
6.0725,-0.0176,-0.0098,0.0078,-0.0127,-0.0010,0.0137,-0.0117,-0.0371,-0.0371,-0.0166,-0.0205,-0.0195
6.0750,-0.0200,-0.0092,0.0108,-0.0151,0.0012,0.0154,-0.0110,-0.0382,-0.0373,-0.0189,-0.0216,-0.0211
6.0775,-0.0212,-0.0082,0.0130,-0.0166,0.0027,0.0156,-0.0102,-0.0370,-0.0368,-0.0197,-0.0211,-0.0220
6.0800,-0.0214,-0.0094,0.0120,-0.0162,0.0012,0.0158,-0.0096,-0.0361,-0.0375,-0.0179,-0.0221,-0.0228
6.0825,-0.0215,-0.0107,0.0107,-0.0156,0.0000,0.0166,-0.0098,-0.0371,-0.0381,-0.0176,-0.0244,-0.0235
6.0850,-0.0230,-0.0099,0.0130,-0.0179,0.0016,0.0166,-0.0105,-0.0372,-0.0379,-0.0198,-0.0246,-0.0227
6.0875,-0.0237,-0.0101,0.0136,-0.0185,0.0016,0.0169,-0.0110,-0.0374,-0.0390,-0.0210,-0.0242,-0.0227
6.0900,-0.0234,-0.0109,0.0125,-0.0174,0.0010,0.0179,-0.0104,-0.0383,-0.0403,-0.0201,-0.0245,-0.0237
6.0925,-0.0244,-0.0107,0.0137,-0.0186,0.0020,0.0186,-0.0098,-0.0381,-0.0401,-0.0195,-0.0244,-0.0235
6.0950,-0.0249,-0.0108,0.0141,-0.0190,0.0021,0.0188,-0.0104,-0.0372,-0.0399,-0.0202,-0.0251,-0.0227
6.0975,-0.0231,-0.0104,0.0126,-0.0173,0.0017,0.0179,-0.0110,-0.0373,-0.0406,-0.0211,-0.0254,-0.0223
6.1000,-0.0226,-0.0113,0.0114,-0.0165,0.0003,0.0177,-0.0105,-0.0384,-0.0411,-0.0215,-0.0237,-0.0227
6.1025,-0.0235,-0.0127,0.0107,-0.0166,-0.0010,0.0186,-0.0098,-0.0381,-0.0401,-0.0205,-0.0225,-0.0235
6.1050,-0.0227,-0.0114,0.0113,-0.0165,0.0005,0.0180,-0.0097,-0.0364,-0.0383,-0.0195,-0.0231,-0.0234
6.1075,-0.0226,-0.0103,0.0123,-0.0170,0.0012,0.0172,-0.0096,-0.0365,-0.0384,-0.0197,-0.0239,-0.0235
6.1100,-0.0238,-0.0109,0.0128,-0.0178,0.0010,0.0179,-0.0083,-0.0371,-0.0393,-0.0191,-0.0247,-0.0233
6.1125,-0.0244,-0.0107,0.0137,-0.0186,0.0020,0.0186,-0.0078,-0.0362,-0.0391,-0.0176,-0.0254,-0.0235
6.1150,-0.0252,-0.0106,0.0146,-0.0194,0.0020,0.0185,-0.0088,-0.0353,-0.0390,-0.0174,-0.0242,-0.0243
6.1175,-0.0251,-0.0109,0.0142,-0.0192,0.0019,0.0187,-0.0083,-0.0351,-0.0392,-0.0177,-0.0223,-0.0241
6.1200,-0.0240,-0.0106,0.0134,-0.0182,0.0018,0.0183,-0.0080,-0.0353,-0.0389,-0.0176,-0.0228,-0.0231
6.1225,-0.0235,-0.0107,0.0127,-0.0176,0.0010,0.0176,-0.0088,-0.0352,-0.0381,-0.0176,-0.0235,-0.0225
6.1250,-0.0228,-0.0115,0.0112,-0.0169,0.0002,0.0176,-0.0088,-0.0344,-0.0367,-0.0169,-0.0220,-0.0222
6.1275,-0.0218,-0.0119,0.0100,-0.0160,-0.0006,0.0172,-0.0094,-0.0347,-0.0354,-0.0161,-0.0212,-0.0233
6.1300,-0.0216,-0.0117,0.0099,-0.0157,-0.0010,0.0165,-0.0095,-0.0353,-0.0355,-0.0155,-0.0218,-0.0231
6.1325,-0.0235,-0.0117,0.0117,-0.0176,-0.0000,0.0176,-0.0068,-0.0342,-0.0371,-0.0156,-0.0235,-0.0225
6.1350,-0.0288,-0.0118,0.0170,-0.0230,0.0026,0.0203,-0.0022,-0.0322,-0.0383,-0.0177,-0.0276,-0.0263
6.1375,-0.0375,-0.0114,0.0261,-0.0315,0.0073,0.0247,0.0057,-0.0288,-0.0374,-0.0209,-0.0332,-0.0329
6.1400,-0.0493,-0.0104,0.0389,-0.0436,0.0143,0.0304,0.0166,-0.0234,-0.0354,-0.0250,-0.0393,-0.0393
6.1425,-0.0625,-0.0088,0.0537,-0.0577,0.0225,0.0362,0.0303,-0.0156,-0.0313,-0.0293,-0.0459,-0.0459
6.1450,-0.0742,-0.0061,0.0681,-0.0706,0.0313,0.0410,0.0504,-0.0025,-0.0233,-0.0316,-0.0528,-0.0528
6.1475,-0.0824,-0.0026,0.0798,-0.0806,0.0393,0.0436,0.0770,0.0208,-0.0107,-0.0294,-0.0582,-0.0583
6.1500,-0.0855,-0.0006,0.0849,-0.0847,0.0424,0.0438,0.1050,0.0559,0.0080,-0.0210,-0.0576,-0.0595
6.1525,-0.0821,0.0010,0.0831,-0.0821,0.0420,0.0410,0.1300,0.0977,0.0332,-0.0068,-0.0498,-0.0557
6.1550,-0.0700,0.0067,0.0767,-0.0733,0.0422,0.0322,0.1503,0.1374,0.0613,0.0125,-0.0376,-0.0468
6.1575,-0.0478,0.0173,0.0651,-0.0563,0.0414,0.0157,0.1624,0.1664,0.0874,0.0387,-0.0190,-0.0291
6.1600,-0.0192,0.0315,0.0508,-0.0345,0.0412,-0.0056,0.1589,0.1770,0.1096,0.0707,0.0080,-0.0017
6.1625,0.0166,0.0489,0.0322,-0.0078,0.0410,-0.0322,0.1339,0.1642,0.1280,0.1055,0.0440,0.0332
6.1650,0.0641,0.0668,0.0027,0.0306,0.0349,-0.0655,0.0896,0.1290,0.1416,0.1446,0.0901,0.0759
6.1675,0.1196,0.0824,-0.0372,0.0788,0.0225,-0.1007,0.0309,0.0797,0.1495,0.1916,0.1441,0.1253
6.1700,0.1780,0.0945,-0.0836,0.1312,0.0054,-0.1359,-0.0388,0.0302,0.1577,0.2450,0.2007,0.1760
6.1725,0.2365,0.1016,-0.1349,0.1857,-0.0166,-0.1691,-0.1124,-0.0107,0.1710,0.3000,0.2560,0.2238
6.1750,0.2867,0.1032,-0.1836,0.2355,-0.0398,-0.1942,-0.1785,-0.0418,0.1867,0.3515,0.3024,0.2641
6.1775,0.3199,0.1000,-0.2199,0.2706,-0.0597,-0.2091,-0.2301,-0.0623,0.1991,0.3900,0.3284,0.2896
6.1800,0.3318,0.0908,-0.2410,0.2867,-0.0750,-0.2109,-0.2665,-0.0752,0.1994,0.4020,0.3300,0.2941
6.1825,0.3215,0.0723,-0.2492,0.2853,-0.0879,-0.1964,-0.2873,-0.0879,0.1788,0.3791,0.3039,0.2746
6.1850,0.2901,0.0452,-0.2449,0.2675,-0.0997,-0.1675,-0.2931,-0.1059,0.1336,0.3224,0.2500,0.2321
6.1875,0.2419,0.0150,-0.2269,0.2343,-0.1059,-0.1284,-0.2867,-0.1301,0.0679,0.2390,0.1798,0.1744
6.1900,0.1849,-0.0127,-0.1975,0.1913,-0.1044,-0.0853,-0.2700,-0.1559,-0.0023,0.1422,0.1053,0.1125
6.1925,0.1280,-0.0362,-0.1642,0.1466,-0.0997,-0.0450,-0.2453,-0.1749,-0.0635,0.0498,0.0391,0.0567
6.1950,0.0796,-0.0545,-0.1341,0.1070,-0.0942,-0.0123,-0.2159,-0.1817,-0.1102,-0.0223,-0.0057,0.0150
6.1975,0.0451,-0.0631,-0.1082,0.0764,-0.0856,0.0088,-0.1827,-0.1742,-0.1352,-0.0653,-0.0295,-0.0099
6.2000,0.0230,-0.0608,-0.0838,0.0536,-0.0724,0.0190,-0.1477,-0.1528,-0.1374,-0.0789,-0.0370,-0.0211
6.2025,0.0098,-0.0518,-0.0616,0.0362,-0.0567,0.0215,-0.1143,-0.1221,-0.1221,-0.0713,-0.0313,-0.0225
6.2050,0.0037,-0.0408,-0.0445,0.0242,-0.0422,0.0190,-0.0832,-0.0884,-0.0957,-0.0543,-0.0219,-0.0189
6.2075,0.0019,-0.0305,-0.0323,0.0172,-0.0309,0.0150,-0.0549,-0.0561,-0.0676,-0.0357,-0.0164,-0.0156
6.2100,0.0001,-0.0217,-0.0218,0.0116,-0.0213,0.0119,-0.0322,-0.0306,-0.0453,-0.0198,-0.0126,-0.0130
6.2125,-0.0029,-0.0147,-0.0117,0.0049,-0.0127,0.0098,-0.0156,-0.0137,-0.0303,-0.0078,-0.0098,-0.0117
6.2150,-0.0068,-0.0105,-0.0037,-0.0015,-0.0070,0.0088,-0.0037,-0.0031,-0.0217,-0.0011,-0.0103,-0.0139
6.2175,-0.0100,-0.0091,0.0009,-0.0052,-0.0042,0.0097,0.0030,0.0012,-0.0161,0.0005,-0.0119,-0.0156
6.2200,-0.0127,-0.0087,0.0039,-0.0078,-0.0023,0.0113,0.0057,0.0024,-0.0131,0.0011,-0.0135,-0.0159
6.2225,-0.0137,-0.0088,0.0049,-0.0088,-0.0020,0.0117,0.0078,0.0039,-0.0127,0.0020,-0.0156,-0.0176
6.2250,-0.0123,-0.0089,0.0034,-0.0074,-0.0028,0.0110,0.0109,0.0048,-0.0127,0.0006,-0.0166,-0.0194
6.2275,-0.0115,-0.0082,0.0033,-0.0070,-0.0022,0.0105,0.0132,0.0053,-0.0127,-0.0008,-0.0169,-0.0196
6.2300,-0.0138,-0.0077,0.0060,-0.0100,-0.0003,0.0111,0.0140,0.0063,-0.0124,-0.0011,-0.0180,-0.0197
6.2325,-0.0166,-0.0078,0.0088,-0.0127,0.0010,0.0127,0.0147,0.0068,-0.0107,-0.0020,-0.0186,-0.0205
6.2350,-0.0176,-0.0072,0.0104,-0.0135,0.0018,0.0130,0.0162,0.0069,-0.0089,-0.0021,-0.0185,-0.0220
6.2375,-0.0176,-0.0062,0.0114,-0.0143,0.0024,0.0119,0.0176,0.0069,-0.0092,-0.0014,-0.0187,-0.0230
6.2400,-0.0175,-0.0056,0.0118,-0.0146,0.0033,0.0118,0.0192,0.0069,-0.0097,-0.0007,-0.0184,-0.0219
6.2425,-0.0166,-0.0049,0.0117,-0.0137,0.0039,0.0117,0.0205,0.0068,-0.0078,0.0000,-0.0186,-0.0205
6.2450,-0.0157,-0.0047,0.0110,-0.0128,0.0032,0.0108,0.0206,0.0068,-0.0053,0.0002,-0.0195,-0.0211
6.2475,-0.0159,-0.0052,0.0107,-0.0128,0.0031,0.0113,0.0208,0.0072,-0.0048,-0.0003,-0.0191,-0.0220
6.2500,-0.0170,-0.0045,0.0125,-0.0143,0.0045,0.0116,0.0219,0.0082,-0.0048,0.0005,-0.0185,-0.0228
6.2525,-0.0176,-0.0029,0.0147,-0.0156,0.0059,0.0107,0.0225,0.0098,-0.0039,0.0020,-0.0186,-0.0235
6.2550,-0.0169,-0.0027,0.0142,-0.0150,0.0061,0.0107,0.0225,0.0107,-0.0032,0.0021,-0.0172,-0.0227
6.2575,-0.0160,-0.0035,0.0125,-0.0141,0.0049,0.0103,0.0225,0.0105,-0.0024,0.0019,-0.0157,-0.0223
6.2600,-0.0155,-0.0041,0.0114,-0.0134,0.0035,0.0098,0.0224,0.0112,-0.0017,0.0019,-0.0158,-0.0224
6.2625,-0.0156,-0.0049,0.0107,-0.0127,0.0029,0.0107,0.0225,0.0137,-0.0010,0.0020,-0.0166,-0.0215
6.2650,-0.0158,-0.0051,0.0106,-0.0127,0.0028,0.0110,0.0225,0.0155,-0.0001,0.0027,-0.0175,-0.0213
6.2675,-0.0151,-0.0039,0.0111,-0.0126,0.0038,0.0102,0.0223,0.0155,-0.0001,0.0034,-0.0173,-0.0218
6.2700,-0.0146,-0.0025,0.0121,-0.0129,0.0054,0.0096,0.0227,0.0159,0.0003,0.0042,-0.0162,-0.0211
6.2725,-0.0147,-0.0020,0.0127,-0.0137,0.0059,0.0088,0.0235,0.0176,0.0020,0.0049,-0.0156,-0.0195
6.2750,-0.0139,-0.0019,0.0121,-0.0130,0.0052,0.0080,0.0234,0.0185,0.0028,0.0042,-0.0157,-0.0193
6.2775,-0.0134,-0.0021,0.0113,-0.0124,0.0045,0.0077,0.0239,0.0184,0.0034,0.0037,-0.0152,-0.0202
6.2800,-0.0138,-0.0016,0.0122,-0.0130,0.0054,0.0078,0.0245,0.0187,0.0040,0.0040,-0.0144,-0.0204
6.2825,-0.0137,-0.0000,0.0137,-0.0137,0.0068,0.0068,0.0235,0.0195,0.0039,0.0039,-0.0147,-0.0195
6.2850,-0.0123,0.0003,0.0126,-0.0125,0.0064,0.0058,0.0224,0.0202,0.0044,0.0044,-0.0149,-0.0187
6.2875,-0.0108,-0.0008,0.0101,-0.0102,0.0050,0.0064,0.0229,0.0213,0.0060,0.0057,-0.0140,-0.0182
6.2900,-0.0110,-0.0008,0.0102,-0.0101,0.0051,0.0067,0.0236,0.0231,0.0071,0.0058,-0.0136,-0.0172
6.2925,-0.0117,-0.0000,0.0117,-0.0117,0.0059,0.0059,0.0244,0.0244,0.0078,0.0068,-0.0127,-0.0166
6.2950,-0.0117,0.0001,0.0118,-0.0118,0.0059,0.0058,0.0254,0.0257,0.0086,0.0088,-0.0102,-0.0173
6.2975,-0.0118,-0.0000,0.0118,-0.0117,0.0058,0.0059,0.0249,0.0278,0.0089,0.0078,-0.0099,-0.0177
6.3000,-0.0115,-0.0000,0.0115,-0.0115,0.0059,0.0058,0.0244,0.0281,0.0088,0.0069,-0.0110,-0.0175
6.3025,-0.0107,0.0000,0.0107,-0.0107,0.0059,0.0059,0.0254,0.0274,0.0098,0.0088,-0.0107,-0.0166
6.3050,-0.0114,0.0007,0.0121,-0.0114,0.0065,0.0058,0.0262,0.0293,0.0120,0.0097,-0.0107,-0.0156
6.3075,-0.0117,0.0012,0.0129,-0.0117,0.0072,0.0060,0.0266,0.0318,0.0139,0.0101,-0.0106,-0.0159
6.3100,-0.0101,0.0008,0.0109,-0.0101,0.0065,0.0057,0.0261,0.0322,0.0149,0.0109,-0.0092,-0.0150
6.3125,-0.0088,0.0010,0.0098,-0.0088,0.0059,0.0049,0.0254,0.0322,0.0156,0.0107,-0.0078,-0.0127
6.3150,-0.0088,0.0024,0.0112,-0.0094,0.0073,0.0043,0.0262,0.0334,0.0169,0.0113,-0.0069,-0.0131
6.3175,-0.0085,0.0037,0.0122,-0.0102,0.0083,0.0029,0.0261,0.0358,0.0189,0.0124,-0.0071,-0.0142
6.3200,-0.0074,0.0038,0.0112,-0.0092,0.0073,0.0017,0.0251,0.0375,0.0194,0.0127,-0.0080,-0.0133
6.3225,-0.0059,0.0029,0.0088,-0.0068,0.0059,0.0020,0.0254,0.0381,0.0186,0.0127,-0.0068,-0.0127
6.3250,-0.0049,0.0021,0.0070,-0.0057,0.0051,0.0021,0.0261,0.0395,0.0196,0.0133,-0.0043,-0.0128
6.3275,-0.0054,0.0018,0.0072,-0.0065,0.0047,0.0018,0.0269,0.0408,0.0223,0.0143,-0.0040,-0.0119
6.3300,-0.0058,0.0021,0.0080,-0.0068,0.0051,0.0021,0.0274,0.0411,0.0237,0.0147,-0.0035,-0.0101
6.3325,-0.0049,0.0029,0.0078,-0.0059,0.0059,0.0020,0.0274,0.0420,0.0235,0.0147,-0.0020,-0.0088
6.3350,-0.0041,0.0032,0.0072,-0.0051,0.0053,0.0012,0.0273,0.0435,0.0232,0.0146,-0.0026,-0.0093
6.3375,-0.0036,0.0022,0.0058,-0.0045,0.0041,0.0010,0.0277,0.0447,0.0243,0.0150,-0.0029,-0.0103
6.3400,-0.0025,0.0022,0.0047,-0.0036,0.0041,0.0008,0.0286,0.0466,0.0259,0.0161,-0.0014,-0.0090
6.3425,-0.0010,0.0039,0.0049,-0.0029,0.0049,-0.0010,0.0283,0.0489,0.0274,0.0176,-0.0010,-0.0068
6.3450,-0.0000,0.0044,0.0044,-0.0023,0.0044,-0.0022,0.0272,0.0503,0.0288,0.0184,-0.0011,-0.0067
6.3475,-0.0002,0.0029,0.0030,-0.0013,0.0029,-0.0011,0.0286,0.0519,0.0303,0.0188,-0.0004,-0.0067
6.3500,0.0003,0.0035,0.0032,-0.0010,0.0034,-0.0015,0.0308,0.0529,0.0318,0.0200,0.0001,-0.0054
6.3525,0.0020,0.0059,0.0039,-0.0010,0.0049,-0.0039,0.0303,0.0537,0.0332,0.0205,-0.0000,-0.0049
6.3550,0.0034,0.0061,0.0027,0.0003,0.0043,-0.0049,0.0292,0.0559,0.0340,0.0202,0.0006,-0.0044
6.3575,0.0053,0.0057,0.0004,0.0025,0.0033,-0.0051,0.0301,0.0577,0.0345,0.0219,0.0017,-0.0030
6.3600,0.0075,0.0059,-0.0016,0.0045,0.0027,-0.0062,0.0318,0.0591,0.0356,0.0239,0.0020,-0.0033
6.3625,0.0088,0.0059,-0.0029,0.0059,0.0020,-0.0068,0.0322,0.0606,0.0371,0.0244,0.0029,-0.0039
6.3650,0.0101,0.0065,-0.0036,0.0073,0.0018,-0.0074,0.0314,0.0618,0.0385,0.0258,0.0046,-0.0018
6.3675,0.0120,0.0075,-0.0045,0.0086,0.0021,-0.0088,0.0315,0.0647,0.0401,0.0270,0.0049,-0.0001
6.3700,0.0128,0.0078,-0.0050,0.0088,0.0018,-0.0101,0.0325,0.0685,0.0414,0.0275,0.0052,-0.0000
6.3725,0.0137,0.0078,-0.0059,0.0098,0.0010,-0.0107,0.0322,0.0704,0.0420,0.0283,0.0078,-0.0000
6.3750,0.0159,0.0083,-0.0076,0.0122,0.0008,-0.0113,0.0319,0.0715,0.0426,0.0295,0.0097,0.0004
6.3775,0.0173,0.0099,-0.0074,0.0129,0.0016,-0.0127,0.0336,0.0744,0.0441,0.0323,0.0094,0.0026
6.3800,0.0178,0.0109,-0.0069,0.0128,0.0019,-0.0140,0.0357,0.0784,0.0471,0.0347,0.0103,0.0041
6.3825,0.0195,0.0107,-0.0088,0.0147,0.0010,-0.0147,0.0362,0.0811,0.0508,0.0352,0.0127,0.0039
6.3850,0.0217,0.0106,-0.0111,0.0169,0.0002,-0.0152,0.0354,0.0824,0.0526,0.0363,0.0141,0.0053
6.3875,0.0242,0.0115,-0.0128,0.0190,-0.0002,-0.0168,0.0350,0.0844,0.0531,0.0384,0.0163,0.0065
6.3900,0.0275,0.0134,-0.0141,0.0213,0.0002,-0.0194,0.0354,0.0867,0.0558,0.0392,0.0195,0.0072
6.3925,0.0303,0.0147,-0.0156,0.0235,-0.0000,-0.0215,0.0362,0.0889,0.0586,0.0410,0.0205,0.0098
6.3950,0.0324,0.0146,-0.0178,0.0256,-0.0015,-0.0229,0.0368,0.0911,0.0586,0.0448,0.0202,0.0127
6.3975,0.0350,0.0150,-0.0200,0.0278,-0.0026,-0.0248,0.0377,0.0930,0.0595,0.0471,0.0219,0.0154
6.4000,0.0381,0.0160,-0.0222,0.0301,-0.0031,-0.0271,0.0381,0.0958,0.0625,0.0484,0.0240,0.0169
6.4025,0.0410,0.0176,-0.0235,0.0322,-0.0029,-0.0293,0.0371,0.0987,0.0645,0.0518,0.0254,0.0176
6.4050,0.0438,0.0200,-0.0239,0.0342,-0.0020,-0.0316,0.0356,0.1001,0.0658,0.0551,0.0281,0.0195
6.4075,0.0473,0.0207,-0.0265,0.0376,-0.0027,-0.0331,0.0345,0.1017,0.0678,0.0561,0.0315,0.0225
6.4100,0.0510,0.0205,-0.0305,0.0410,-0.0044,-0.0349,0.0340,0.1027,0.0700,0.0571,0.0340,0.0253
6.4125,0.0537,0.0215,-0.0322,0.0430,-0.0049,-0.0371,0.0332,0.1036,0.0713,0.0596,0.0362,0.0274
6.4150,0.0558,0.0223,-0.0335,0.0451,-0.0055,-0.0385,0.0323,0.1064,0.0719,0.0619,0.0377,0.0287
6.4175,0.0585,0.0233,-0.0352,0.0471,-0.0060,-0.0407,0.0323,0.1088,0.0735,0.0637,0.0388,0.0310
6.4200,0.0615,0.0268,-0.0347,0.0481,-0.0040,-0.0442,0.0320,0.1095,0.0760,0.0664,0.0409,0.0343
6.4225,0.0645,0.0303,-0.0342,0.0498,-0.0020,-0.0469,0.0303,0.1094,0.0772,0.0694,0.0440,0.0362
6.4250,0.0680,0.0305,-0.0375,0.0533,-0.0032,-0.0484,0.0287,0.1086,0.0776,0.0715,0.0470,0.0366
6.4275,0.0716,0.0305,-0.0411,0.0568,-0.0047,-0.0500,0.0275,0.1086,0.0796,0.0737,0.0494,0.0388
6.4300,0.0739,0.0334,-0.0405,0.0577,-0.0032,-0.0528,0.0257,0.1098,0.0816,0.0759,0.0514,0.0420
6.4325,0.0762,0.0362,-0.0401,0.0586,-0.0020,-0.0557,0.0244,0.1104,0.0831,0.0782,0.0528,0.0440
6.4350,0.0793,0.0363,-0.0430,0.0617,-0.0034,-0.0573,0.0244,0.1098,0.0846,0.0811,0.0546,0.0454
6.4375,0.0809,0.0363,-0.0446,0.0630,-0.0039,-0.0581,0.0244,0.1085,0.0850,0.0837,0.0580,0.0472
6.4400,0.0812,0.0376,-0.0436,0.0623,-0.0024,-0.0589,0.0245,0.1087,0.0852,0.0855,0.0599,0.0497
6.4425,0.0831,0.0391,-0.0440,0.0635,-0.0020,-0.0606,0.0244,0.1094,0.0870,0.0870,0.0606,0.0518
6.4450,0.0856,0.0399,-0.0456,0.0660,-0.0028,-0.0624,0.0231,0.1075,0.0880,0.0882,0.0627,0.0531
6.4475,0.0857,0.0400,-0.0457,0.0664,-0.0027,-0.0620,0.0213,0.1043,0.0870,0.0904,0.0647,0.0553
6.4500,0.0847,0.0402,-0.0446,0.0649,-0.0016,-0.0616,0.0202,0.1018,0.0856,0.0923,0.0657,0.0570
6.4525,0.0850,0.0410,-0.0440,0.0645,-0.0010,-0.0625,0.0186,0.0997,0.0860,0.0928,0.0664,0.0577
6.4550,0.0852,0.0418,-0.0434,0.0647,-0.0004,-0.0627,0.0156,0.0970,0.0870,0.0929,0.0664,0.0585
6.4575,0.0841,0.0424,-0.0417,0.0632,0.0010,-0.0624,0.0132,0.0927,0.0858,0.0920,0.0669,0.0580
6.4600,0.0824,0.0433,-0.0391,0.0607,0.0024,-0.0625,0.0127,0.0886,0.0831,0.0902,0.0674,0.0561
6.4625,0.0801,0.0440,-0.0362,0.0586,0.0039,-0.0616,0.0127,0.0850,0.0811,0.0889,0.0655,0.0557
6.4650,0.0778,0.0441,-0.0337,0.0564,0.0056,-0.0599,0.0115,0.0806,0.0791,0.0876,0.0630,0.0547
6.4675,0.0759,0.0435,-0.0324,0.0543,0.0059,-0.0592,0.0091,0.0766,0.0758,0.0852,0.0618,0.0511
6.4700,0.0731,0.0427,-0.0303,0.0517,0.0061,-0.0580,0.0074,0.0729,0.0720,0.0819,0.0595,0.0482
6.4725,0.0684,0.0420,-0.0264,0.0479,0.0078,-0.0547,0.0068,0.0684,0.0694,0.0782,0.0557,0.0479
6.4750,0.0625,0.0407,-0.0219,0.0429,0.0094,-0.0509,0.0055,0.0633,0.0667,0.0738,0.0526,0.0463
6.4775,0.0568,0.0386,-0.0182,0.0376,0.0103,-0.0475,0.0037,0.0579,0.0624,0.0690,0.0500,0.0415
6.4800,0.0523,0.0364,-0.0160,0.0343,0.0108,-0.0436,0.0027,0.0532,0.0585,0.0635,0.0466,0.0367
6.4825,0.0479,0.0342,-0.0137,0.0313,0.0107,-0.0401,0.0029,0.0489,0.0557,0.0577,0.0420,0.0342
6.4850,0.0414,0.0320,-0.0094,0.0255,0.0113,-0.0367,0.0032,0.0430,0.0515,0.0524,0.0367,0.0316
6.4875,0.0350,0.0297,-0.0052,0.0203,0.0125,-0.0319,0.0018,0.0377,0.0463,0.0478,0.0327,0.0273
6.4900,0.0311,0.0276,-0.0035,0.0178,0.0125,-0.0284,-0.0009,0.0338,0.0413,0.0434,0.0287,0.0232
6.4925,0.0274,0.0254,-0.0020,0.0147,0.0117,-0.0264,-0.0020,0.0283,0.0371,0.0381,0.0235,0.0195
6.4950,0.0227,0.0231,0.0004,0.0114,0.0117,-0.0227,-0.0012,0.0220,0.0342,0.0321,0.0206,0.0151
6.4975,0.0196,0.0214,0.0018,0.0097,0.0117,-0.0197,-0.0009,0.0184,0.0305,0.0272,0.0206,0.0114
6.5000,0.0162,0.0201,0.0039,0.0064,0.0120,-0.0179,-0.0010,0.0154,0.0258,0.0229,0.0182,0.0089
6.5025,0.0117,0.0195,0.0078,0.0020,0.0137,-0.0156,-0.0010,0.0117,0.0225,0.0186,0.0127,0.0059
6.5050,0.0086,0.0191,0.0105,-0.0005,0.0148,-0.0134,-0.0016,0.0100,0.0202,0.0142,0.0085,0.0028
6.5075,0.0059,0.0165,0.0106,-0.0020,0.0135,-0.0109,-0.0025,0.0093,0.0178,0.0095,0.0066,0.0005
6.5100,0.0029,0.0123,0.0094,-0.0033,0.0109,-0.0077,-0.0030,0.0085,0.0143,0.0059,0.0038,-0.0018
6.5125,-0.0000,0.0098,0.0098,-0.0049,0.0098,-0.0049,-0.0029,0.0068,0.0107,0.0039,0.0010,-0.0039
6.5150,-0.0032,0.0084,0.0116,-0.0074,0.0100,-0.0027,-0.0022,0.0038,0.0084,0.0012,-0.0004,-0.0054
6.5175,-0.0046,0.0060,0.0106,-0.0076,0.0086,-0.0005,-0.0018,0.0019,0.0065,-0.0025,-0.0022,-0.0072
6.5200,-0.0053,0.0030,0.0083,-0.0068,0.0061,0.0016,-0.0021,0.0003,0.0040,-0.0060,-0.0030,-0.0096
6.5225,-0.0078,0.0020,0.0098,-0.0088,0.0059,0.0029,-0.0029,-0.0020,0.0020,-0.0078,-0.0039,-0.0117
6.5250,-0.0096,0.0021,0.0117,-0.0107,0.0068,0.0036,-0.0038,-0.0033,0.0005,-0.0083,-0.0082,-0.0127
6.5275,-0.0100,0.0014,0.0114,-0.0105,0.0067,0.0048,-0.0039,-0.0057,-0.0010,-0.0106,-0.0117,-0.0125
6.5300,-0.0114,0.0009,0.0123,-0.0112,0.0071,0.0063,-0.0041,-0.0086,-0.0025,-0.0135,-0.0115,-0.0131
6.5325,-0.0127,0.0010,0.0137,-0.0127,0.0078,0.0068,-0.0049,-0.0098,-0.0039,-0.0147,-0.0117,-0.0147
6.5350,-0.0127,0.0003,0.0129,-0.0128,0.0071,0.0068,-0.0050,-0.0105,-0.0053,-0.0166,-0.0127,-0.0154
6.5375,-0.0131,-0.0004,0.0128,-0.0127,0.0065,0.0073,-0.0047,-0.0111,-0.0069,-0.0191,-0.0125,-0.0161
6.5400,-0.0138,-0.0016,0.0122,-0.0125,0.0053,0.0081,-0.0051,-0.0122,-0.0082,-0.0194,-0.0131,-0.0167
6.5425,-0.0137,-0.0039,0.0098,-0.0117,0.0029,0.0088,-0.0059,-0.0137,-0.0088,-0.0195,-0.0147,-0.0166
6.5450,-0.0137,-0.0044,0.0093,-0.0117,0.0025,0.0089,-0.0066,-0.0132,-0.0089,-0.0211,-0.0148,-0.0165
6.5475,-0.0135,-0.0029,0.0107,-0.0117,0.0038,0.0085,-0.0071,-0.0121,-0.0087,-0.0216,-0.0145,-0.0169
6.5500,-0.0139,-0.0035,0.0104,-0.0118,0.0036,0.0092,-0.0065,-0.0134,-0.0089,-0.0216,-0.0148,-0.0180
6.5525,-0.0147,-0.0059,0.0088,-0.0117,0.0020,0.0107,-0.0059,-0.0156,-0.0088,-0.0225,-0.0156,-0.0186
6.5550,-0.0140,-0.0068,0.0072,-0.0102,0.0004,0.0109,-0.0065,-0.0159,-0.0085,-0.0232,-0.0165,-0.0171
6.5575,-0.0134,-0.0072,0.0062,-0.0095,-0.0005,0.0106,-0.0071,-0.0154,-0.0101,-0.0240,-0.0162,-0.0161
6.5600,-0.0138,-0.0080,0.0057,-0.0099,-0.0011,0.0108,-0.0066,-0.0159,-0.0123,-0.0243,-0.0155,-0.0171
6.5625,-0.0137,-0.0078,0.0059,-0.0098,-0.0010,0.0107,-0.0059,-0.0166,-0.0127,-0.0235,-0.0156,-0.0186
6.5650,-0.0142,-0.0070,0.0072,-0.0103,0.0004,0.0114,-0.0058,-0.0167,-0.0119,-0.0238,-0.0157,-0.0194
6.5675,-0.0152,-0.0062,0.0090,-0.0115,0.0020,0.0118,-0.0060,-0.0165,-0.0116,-0.0257,-0.0156,-0.0195
6.5700,-0.0141,-0.0041,0.0100,-0.0116,0.0033,0.0099,-0.0057,-0.0167,-0.0118,-0.0264,-0.0157,-0.0197
6.5725,-0.0137,-0.0029,0.0107,-0.0117,0.0039,0.0088,-0.0049,-0.0166,-0.0117,-0.0264,-0.0166,-0.0205
6.5750,-0.0154,-0.0043,0.0111,-0.0127,0.0033,0.0103,-0.0041,-0.0159,-0.0116,-0.0270,-0.0177,-0.0208
6.5775,-0.0149,-0.0056,0.0093,-0.0119,0.0020,0.0106,-0.0038,-0.0151,-0.0123,-0.0277,-0.0166,-0.0198
6.5800,-0.0133,-0.0059,0.0074,-0.0104,0.0006,0.0095,-0.0039,-0.0145,-0.0127,-0.0269,-0.0154,-0.0197
6.5825,-0.0137,-0.0059,0.0078,-0.0107,0.0010,0.0098,-0.0039,-0.0147,-0.0117,-0.0254,-0.0156,-0.0205
6.5850,-0.0144,-0.0056,0.0088,-0.0116,0.0021,0.0104,-0.0039,-0.0155,-0.0108,-0.0244,-0.0150,-0.0200
6.5875,-0.0153,-0.0072,0.0081,-0.0115,0.0007,0.0116,-0.0040,-0.0153,-0.0107,-0.0248,-0.0143,-0.0184
6.5900,-0.0155,-0.0093,0.0062,-0.0103,-0.0015,0.0130,-0.0037,-0.0145,-0.0107,-0.0256,-0.0149,-0.0174
6.5925,-0.0147,-0.0088,0.0059,-0.0098,-0.0010,0.0127,-0.0029,-0.0147,-0.0107,-0.0254,-0.0156,-0.0176
6.5950,-0.0152,-0.0078,0.0074,-0.0112,-0.0000,0.0118,-0.0021,-0.0154,-0.0113,-0.0251,-0.0157,-0.0184
6.5975,-0.0160,-0.0079,0.0080,-0.0121,-0.0001,0.0117,-0.0021,-0.0159,-0.0125,-0.0263,-0.0154,-0.0186
6.6000,-0.0154,-0.0077,0.0077,-0.0115,0.0001,0.0116,-0.0034,-0.0153,-0.0125,-0.0277,-0.0160,-0.0186
6.6025,-0.0156,-0.0078,0.0078,-0.0117,0.0000,0.0117,-0.0039,-0.0147,-0.0117,-0.0283,-0.0176,-0.0195
6.6050,-0.0171,-0.0093,0.0078,-0.0125,-0.0008,0.0131,-0.0024,-0.0153,-0.0123,-0.0290,-0.0172,-0.0205
6.6075,-0.0180,-0.0098,0.0082,-0.0128,-0.0008,0.0142,-0.0016,-0.0160,-0.0133,-0.0298,-0.0158,-0.0200
6.6100,-0.0171,-0.0082,0.0089,-0.0125,0.0003,0.0131,-0.0023,-0.0170,-0.0138,-0.0304,-0.0176,-0.0194
6.6125,-0.0156,-0.0078,0.0078,-0.0117,-0.0000,0.0117,-0.0039,-0.0176,-0.0137,-0.0303,-0.0195,-0.0195
6.6150,-0.0155,-0.0082,0.0073,-0.0115,-0.0004,0.0117,-0.0057,-0.0168,-0.0135,-0.0301,-0.0181,-0.0196
6.6175,-0.0157,-0.0066,0.0092,-0.0124,0.0014,0.0113,-0.0053,-0.0169,-0.0143,-0.0309,-0.0174,-0.0192
6.6200,-0.0155,-0.0061,0.0095,-0.0125,0.0016,0.0107,-0.0032,-0.0177,-0.0145,-0.0311,-0.0174,-0.0181
6.6225,-0.0156,-0.0078,0.0078,-0.0117,0.0000,0.0117,-0.0020,-0.0176,-0.0137,-0.0303,-0.0166,-0.0176
6.6250,-0.0163,-0.0080,0.0083,-0.0123,0.0006,0.0126,-0.0017,-0.0176,-0.0136,-0.0308,-0.0174,-0.0184
6.6275,-0.0171,-0.0076,0.0096,-0.0134,0.0013,0.0126,-0.0026,-0.0175,-0.0136,-0.0319,-0.0172,-0.0182
6.6300,-0.0177,-0.0079,0.0098,-0.0137,0.0008,0.0128,-0.0028,-0.0177,-0.0139,-0.0323,-0.0166,-0.0174
6.6325,-0.0176,-0.0078,0.0098,-0.0137,0.0010,0.0127,-0.0020,-0.0176,-0.0147,-0.0322,-0.0176,-0.0176
6.6350,-0.0174,-0.0077,0.0097,-0.0136,0.0010,0.0125,-0.0013,-0.0166,-0.0140,-0.0315,-0.0183,-0.0176
6.6375,-0.0181,-0.0083,0.0098,-0.0138,0.0009,0.0136,-0.0002,-0.0171,-0.0133,-0.0307,-0.0192,-0.0175
6.6400,-0.0186,-0.0089,0.0097,-0.0135,0.0010,0.0150,-0.0003,-0.0175,-0.0139,-0.0301,-0.0194,-0.0176
6.6425,-0.0186,-0.0088,0.0098,-0.0137,0.0010,0.0147,-0.0020,-0.0166,-0.0147,-0.0303,-0.0186,-0.0176
6.6450,-0.0192,-0.0080,0.0112,-0.0152,0.0017,0.0137,-0.0028,-0.0165,-0.0153,-0.0318,-0.0191,-0.0176
6.6475,-0.0201,-0.0080,0.0121,-0.0159,0.0022,0.0144,-0.0032,-0.0168,-0.0162,-0.0327,-0.0202,-0.0175
6.6500,-0.0207,-0.0093,0.0113,-0.0154,0.0016,0.0161,-0.0026,-0.0183,-0.0167,-0.0336,-0.0205,-0.0177
6.6525,-0.0205,-0.0107,0.0098,-0.0147,-0.0000,0.0166,-0.0020,-0.0205,-0.0166,-0.0352,-0.0205,-0.0186
6.6550,-0.0197,-0.0109,0.0087,-0.0137,-0.0011,0.0158,-0.0028,-0.0199,-0.0164,-0.0354,-0.0204,-0.0194
6.6575,-0.0198,-0.0103,0.0096,-0.0145,-0.0001,0.0155,-0.0025,-0.0195,-0.0174,-0.0349,-0.0207,-0.0196
6.6600,-0.0208,-0.0096,0.0111,-0.0160,0.0013,0.0157,-0.0020,-0.0211,-0.0192,-0.0354,-0.0202,-0.0195
6.6625,-0.0205,-0.0098,0.0107,-0.0156,0.0010,0.0156,-0.0029,-0.0215,-0.0205,-0.0352,-0.0195,-0.0195
6.6650,-0.0197,-0.0100,0.0097,-0.0147,-0.0000,0.0149,-0.0024,-0.0206,-0.0207,-0.0347,-0.0201,-0.0202
6.6675,-0.0194,-0.0091,0.0104,-0.0146,0.0005,0.0144,-0.0015,-0.0207,-0.0199,-0.0368,-0.0211,-0.0209
6.6700,-0.0197,-0.0089,0.0107,-0.0147,0.0010,0.0149,-0.0023,-0.0219,-0.0195,-0.0382,-0.0217,-0.0200
6.6725,-0.0205,-0.0098,0.0107,-0.0156,0.0010,0.0156,-0.0029,-0.0225,-0.0205,-0.0371,-0.0225,-0.0186
6.6750,-0.0214,-0.0098,0.0116,-0.0166,0.0011,0.0157,-0.0036,-0.0224,-0.0215,-0.0369,-0.0220,-0.0190
6.6775,-0.0214,-0.0098,0.0116,-0.0164,0.0008,0.0156,-0.0043,-0.0227,-0.0210,-0.0372,-0.0206,-0.0205
6.6800,-0.0218,-0.0096,0.0122,-0.0170,0.0013,0.0157,-0.0035,-0.0222,-0.0205,-0.0371,-0.0208,-0.0201
6.6825,-0.0235,-0.0098,0.0137,-0.0186,0.0020,0.0166,-0.0029,-0.0225,-0.0215,-0.0381,-0.0225,-0.0186
6.6850,-0.0238,-0.0114,0.0124,-0.0181,0.0004,0.0176,-0.0038,-0.0248,-0.0223,-0.0390,-0.0228,-0.0183
6.6875,-0.0226,-0.0113,0.0114,-0.0171,0.0003,0.0171,-0.0034,-0.0257,-0.0227,-0.0388,-0.0218,-0.0194
6.6900,-0.0226,-0.0091,0.0135,-0.0179,0.0028,0.0166,-0.0030,-0.0253,-0.0239,-0.0377,-0.0215,-0.0210
6.6925,-0.0225,-0.0088,0.0137,-0.0176,0.0029,0.0166,-0.0039,-0.0254,-0.0244,-0.0371,-0.0215,-0.0215
6.6950,-0.0202,-0.0097,0.0105,-0.0152,0.0005,0.0152,-0.0033,-0.0260,-0.0236,-0.0384,-0.0207,-0.0200
6.6975,-0.0190,-0.0097,0.0094,-0.0144,-0.0002,0.0141,-0.0026,-0.0272,-0.0237,-0.0403,-0.0206,-0.0192
6.7000,-0.0198,-0.0100,0.0098,-0.0146,-0.0000,0.0151,-0.0032,-0.0270,-0.0247,-0.0411,-0.0221,-0.0197
6.7025,-0.0195,-0.0107,0.0088,-0.0137,-0.0010,0.0156,-0.0039,-0.0254,-0.0244,-0.0410,-0.0235,-0.0195
6.7050,-0.0192,-0.0108,0.0084,-0.0133,-0.0013,0.0153,-0.0047,-0.0259,-0.0240,-0.0410,-0.0234,-0.0187
6.7075,-0.0209,-0.0108,0.0101,-0.0149,-0.0000,0.0168,-0.0050,-0.0268,-0.0258,-0.0410,-0.0235,-0.0188
6.7100,-0.0230,-0.0106,0.0125,-0.0174,0.0014,0.0175,-0.0048,-0.0262,-0.0279,-0.0411,-0.0233,-0.0199
6.7125,-0.0235,-0.0098,0.0137,-0.0186,0.0020,0.0166,-0.0049,-0.0274,-0.0283,-0.0420,-0.0235,-0.0205
6.7150,-0.0227,-0.0103,0.0124,-0.0171,0.0014,0.0172,-0.0050,-0.0293,-0.0277,-0.0429,-0.0238,-0.0198
6.7175,-0.0222,-0.0115,0.0107,-0.0161,0.0002,0.0178,-0.0045,-0.0284,-0.0266,-0.0427,-0.0222,-0.0190
6.7200,-0.0227,-0.0115,0.0112,-0.0169,0.0001,0.0175,-0.0036,-0.0272,-0.0266,-0.0416,-0.0217,-0.0184
6.7225,-0.0235,-0.0107,0.0127,-0.0176,0.0010,0.0176,-0.0029,-0.0283,-0.0274,-0.0410,-0.0235,-0.0186
6.7250,-0.0235,-0.0106,0.0129,-0.0176,0.0011,0.0176,-0.0028,-0.0292,-0.0267,-0.0417,-0.0236,-0.0194
6.7275,-0.0234,-0.0109,0.0125,-0.0176,0.0008,0.0175,-0.0035,-0.0293,-0.0260,-0.0426,-0.0233,-0.0195
6.7300,-0.0234,-0.0106,0.0128,-0.0175,0.0011,0.0176,-0.0039,-0.0293,-0.0267,-0.0431,-0.0234,-0.0196
6.7325,-0.0235,-0.0107,0.0127,-0.0176,0.0010,0.0176,-0.0029,-0.0293,-0.0274,-0.0430,-0.0235,-0.0195
6.7350,-0.0241,-0.0116,0.0125,-0.0183,0.0008,0.0182,-0.0026,-0.0294,-0.0280,-0.0422,-0.0243,-0.0181
6.7375,-0.0247,-0.0114,0.0133,-0.0189,0.0016,0.0189,-0.0039,-0.0287,-0.0288,-0.0418,-0.0241,-0.0172
6.7400,-0.0241,-0.0105,0.0135,-0.0182,0.0018,0.0182,-0.0052,-0.0284,-0.0279,-0.0422,-0.0233,-0.0179
6.7425,-0.0235,-0.0107,0.0127,-0.0176,0.0010,0.0176,-0.0049,-0.0293,-0.0274,-0.0430,-0.0235,-0.0186
6.7450,-0.0241,-0.0109,0.0132,-0.0182,0.0015,0.0182,-0.0034,-0.0294,-0.0284,-0.0431,-0.0235,-0.0186
6.7475,-0.0247,-0.0105,0.0142,-0.0188,0.0025,0.0188,-0.0021,-0.0292,-0.0276,-0.0425,-0.0235,-0.0186
6.7500,-0.0243,-0.0110,0.0132,-0.0184,0.0015,0.0184,-0.0022,-0.0293,-0.0277,-0.0418,-0.0233,-0.0185
6.7525,-0.0244,-0.0117,0.0127,-0.0186,0.0010,0.0186,-0.0039,-0.0293,-0.0293,-0.0420,-0.0225,-0.0176
6.7550,-0.0247,-0.0111,0.0136,-0.0188,0.0019,0.0188,-0.0057,-0.0300,-0.0279,-0.0428,-0.0224,-0.0166
6.7575,-0.0237,-0.0105,0.0132,-0.0178,0.0015,0.0178,-0.0052,-0.0305,-0.0273,-0.0431,-0.0225,-0.0170
6.7600,-0.0236,-0.0109,0.0127,-0.0178,0.0010,0.0178,-0.0033,-0.0301,-0.0287,-0.0429,-0.0224,-0.0177
6.7625,-0.0244,-0.0107,0.0137,-0.0186,0.0020,0.0186,-0.0029,-0.0303,-0.0283,-0.0430,-0.0225,-0.0176
6.7650,-0.0237,-0.0105,0.0132,-0.0178,0.0014,0.0178,-0.0038,-0.0312,-0.0274,-0.0430,-0.0231,-0.0169
6.7675,-0.0236,-0.0114,0.0121,-0.0177,0.0005,0.0178,-0.0036,-0.0309,-0.0274,-0.0425,-0.0241,-0.0162
6.7700,-0.0248,-0.0116,0.0132,-0.0189,0.0014,0.0188,-0.0027,-0.0300,-0.0273,-0.0418,-0.0243,-0.0170
6.7725,-0.0244,-0.0107,0.0137,-0.0186,0.0020,0.0186,-0.0029,-0.0293,-0.0274,-0.0420,-0.0235,-0.0176
6.7750,-0.0228,-0.0113,0.0115,-0.0169,0.0006,0.0177,-0.0037,-0.0291,-0.0275,-0.0429,-0.0233,-0.0167
6.7775,-0.0223,-0.0122,0.0101,-0.0164,-0.0005,0.0175,-0.0043,-0.0302,-0.0268,-0.0429,-0.0236,-0.0171
6.7800,-0.0225,-0.0113,0.0112,-0.0167,0.0005,0.0176,-0.0053,-0.0317,-0.0264,-0.0432,-0.0233,-0.0175
6.7825,-0.0225,-0.0107,0.0117,-0.0166,0.0010,0.0176,-0.0059,-0.0322,-0.0274,-0.0440,-0.0235,-0.0166
6.7850,-0.0224,-0.0116,0.0108,-0.0166,0.0001,0.0175,-0.0051,-0.0317,-0.0283,-0.0439,-0.0243,-0.0172
6.7875,-0.0224,-0.0113,0.0111,-0.0166,0.0005,0.0177,-0.0048,-0.0304,-0.0279,-0.0441,-0.0241,-0.0179
6.7900,-0.0225,-0.0107,0.0118,-0.0167,0.0009,0.0175,-0.0048,-0.0305,-0.0271,-0.0436,-0.0231,-0.0174
6.7925,-0.0235,-0.0117,0.0117,-0.0176,0.0000,0.0176,-0.0039,-0.0313,-0.0274,-0.0430,-0.0225,-0.0166
6.7950,-0.0244,-0.0121,0.0124,-0.0186,0.0005,0.0184,-0.0030,-0.0311,-0.0282,-0.0438,-0.0230,-0.0157
6.7975,-0.0237,-0.0109,0.0128,-0.0178,0.0015,0.0183,-0.0031,-0.0319,-0.0280,-0.0435,-0.0243,-0.0160
6.8000,-0.0220,-0.0110,0.0110,-0.0161,0.0005,0.0173,-0.0044,-0.0319,-0.0270,-0.0430,-0.0241,-0.0167
6.8025,-0.0225,-0.0117,0.0107,-0.0166,-0.0000,0.0176,-0.0049,-0.0303,-0.0264,-0.0440,-0.0225,-0.0156
6.8050,-0.0236,-0.0111,0.0126,-0.0178,0.0009,0.0178,-0.0034,-0.0301,-0.0262,-0.0434,-0.0223,-0.0146
6.8075,-0.0223,-0.0105,0.0118,-0.0164,0.0006,0.0169,-0.0025,-0.0307,-0.0270,-0.0424,-0.0229,-0.0151
6.8100,-0.0216,-0.0109,0.0107,-0.0158,-0.0000,0.0167,-0.0033,-0.0317,-0.0273,-0.0417,-0.0237,-0.0157
6.8125,-0.0235,-0.0107,0.0127,-0.0176,0.0010,0.0176,-0.0049,-0.0332,-0.0264,-0.0410,-0.0244,-0.0156
6.8150,-0.0237,-0.0105,0.0132,-0.0179,0.0013,0.0177,-0.0066,-0.0333,-0.0262,-0.0410,-0.0238,-0.0150
6.8175,-0.0231,-0.0114,0.0117,-0.0172,0.0002,0.0175,-0.0063,-0.0331,-0.0269,-0.0408,-0.0228,-0.0142
6.8200,-0.0236,-0.0116,0.0121,-0.0178,0.0002,0.0176,-0.0042,-0.0331,-0.0275,-0.0414,-0.0223,-0.0152
6.8225,-0.0235,-0.0107,0.0127,-0.0176,0.0010,0.0176,-0.0029,-0.0322,-0.0274,-0.0430,-0.0225,-0.0156
6.8250,-0.0225,-0.0107,0.0118,-0.0166,0.0010,0.0176,-0.0029,-0.0313,-0.0266,-0.0426,-0.0227,-0.0139
6.8275,-0.0228,-0.0106,0.0122,-0.0170,0.0011,0.0175,-0.0030,-0.0312,-0.0262,-0.0408,-0.0217,-0.0145
6.8300,-0.0236,-0.0110,0.0127,-0.0177,0.0007,0.0176,-0.0029,-0.0312,-0.0264,-0.0399,-0.0218,-0.0158
6.8325,-0.0235,-0.0117,0.0117,-0.0176,0.0000,0.0176,-0.0029,-0.0313,-0.0254,-0.0401,-0.0235,-0.0147
6.8350,-0.0233,-0.0117,0.0116,-0.0176,0.0001,0.0174,-0.0037,-0.0313,-0.0235,-0.0401,-0.0237,-0.0144
6.8375,-0.0237,-0.0122,0.0115,-0.0173,-0.0005,0.0182,-0.0041,-0.0311,-0.0242,-0.0398,-0.0227,-0.0151
6.8400,-0.0231,-0.0126,0.0104,-0.0163,-0.0009,0.0185,-0.0037,-0.0316,-0.0258,-0.0403,-0.0225,-0.0160
6.8425,-0.0225,-0.0117,0.0107,-0.0166,-0.0000,0.0176,-0.0029,-0.0332,-0.0264,-0.0410,-0.0235,-0.0176
6.8450,-0.0233,-0.0116,0.0117,-0.0175,0.0001,0.0174,-0.0021,-0.0335,-0.0266,-0.0409,-0.0243,-0.0178
6.8475,-0.0231,-0.0119,0.0112,-0.0171,-0.0001,0.0177,-0.0019,-0.0324,-0.0256,-0.0415,-0.0243,-0.0170
6.8500,-0.0224,-0.0116,0.0108,-0.0166,0.0000,0.0175,-0.0019,-0.0324,-0.0256,-0.0421,-0.0246,-0.0164
6.8525,-0.0235,-0.0117,0.0117,-0.0176,0.0000,0.0176,-0.0020,-0.0332,-0.0264,-0.0420,-0.0254,-0.0156
6.8550,-0.0238,-0.0118,0.0120,-0.0179,0.0000,0.0177,-0.0027,-0.0332,-0.0255,-0.0426,-0.0248,-0.0155
6.8575,-0.0223,-0.0113,0.0110,-0.0165,-0.0001,0.0170,-0.0034,-0.0333,-0.0258,-0.0433,-0.0238,-0.0159
6.8600,-0.0213,-0.0106,0.0108,-0.0155,0.0001,0.0165,-0.0041,-0.0330,-0.0263,-0.0426,-0.0234,-0.0152
6.8625,-0.0215,-0.0107,0.0107,-0.0156,-0.0000,0.0166,-0.0039,-0.0322,-0.0254,-0.0410,-0.0235,-0.0137
6.8650,-0.0215,-0.0116,0.0100,-0.0157,-0.0008,0.0166,-0.0023,-0.0329,-0.0259,-0.0407,-0.0236,-0.0128
6.8675,-0.0214,-0.0118,0.0097,-0.0156,-0.0010,0.0166,-0.0023,-0.0335,-0.0267,-0.0419,-0.0229,-0.0129
6.8700,-0.0215,-0.0117,0.0098,-0.0156,-0.0010,0.0166,-0.0048,-0.0329,-0.0261,-0.0416,-0.0223,-0.0142
6.8725,-0.0215,-0.0117,0.0098,-0.0156,-0.0010,0.0166,-0.0059,-0.0322,-0.0254,-0.0401,-0.0225,-0.0147
6.8750,-0.0221,-0.0110,0.0110,-0.0162,0.0004,0.0173,-0.0045,-0.0315,-0.0247,-0.0399,-0.0225,-0.0130
6.8775,-0.0232,-0.0104,0.0128,-0.0174,0.0015,0.0178,-0.0032,-0.0310,-0.0241,-0.0398,-0.0225,-0.0129
6.8800,-0.0232,-0.0110,0.0121,-0.0173,0.0005,0.0174,-0.0029,-0.0315,-0.0247,-0.0386,-0.0223,-0.0139
6.8825,-0.0215,-0.0117,0.0098,-0.0156,-0.0010,0.0166,-0.0029,-0.0322,-0.0254,-0.0381,-0.0215,-0.0137
6.8850,-0.0211,-0.0117,0.0093,-0.0152,-0.0012,0.0164,-0.0030,-0.0316,-0.0248,-0.0382,-0.0212,-0.0136
6.8875,-0.0224,-0.0118,0.0107,-0.0166,-0.0004,0.0173,-0.0028,-0.0308,-0.0240,-0.0379,-0.0225,-0.0137
6.8900,-0.0220,-0.0116,0.0105,-0.0162,0.0000,0.0175,-0.0032,-0.0317,-0.0248,-0.0383,-0.0237,-0.0137
6.8925,-0.0205,-0.0107,0.0098,-0.0147,0.0000,0.0166,-0.0039,-0.0332,-0.0254,-0.0391,-0.0235,-0.0137
6.8950,-0.0204,-0.0105,0.0099,-0.0146,0.0001,0.0165,-0.0045,-0.0335,-0.0245,-0.0391,-0.0226,-0.0136
6.8975,-0.0204,-0.0113,0.0091,-0.0146,-0.0005,0.0167,-0.0057,-0.0323,-0.0248,-0.0392,-0.0227,-0.0141
6.9000,-0.0207,-0.0118,0.0090,-0.0149,-0.0011,0.0166,-0.0055,-0.0309,-0.0255,-0.0388,-0.0239,-0.0148
6.9025,-0.0215,-0.0117,0.0098,-0.0156,-0.0010,0.0166,-0.0039,-0.0313,-0.0254,-0.0381,-0.0244,-0.0147
6.9050,-0.0208,-0.0118,0.0090,-0.0149,-0.0010,0.0166,-0.0045,-0.0323,-0.0249,-0.0387,-0.0237,-0.0140
6.9075,-0.0203,-0.0113,0.0090,-0.0145,-0.0006,0.0166,-0.0052,-0.0316,-0.0232,-0.0394,-0.0233,-0.0133
6.9100,-0.0205,-0.0105,0.0100,-0.0147,0.0002,0.0166,-0.0047,-0.0314,-0.0226,-0.0387,-0.0235,-0.0142
6.9125,-0.0205,-0.0107,0.0098,-0.0147,0.0000,0.0166,-0.0049,-0.0322,-0.0244,-0.0381,-0.0235,-0.0156
6.9150,-0.0212,-0.0116,0.0097,-0.0154,-0.0008,0.0166,-0.0051,-0.0315,-0.0254,-0.0387,-0.0233,-0.0150
6.9175,-0.0216,-0.0118,0.0098,-0.0157,-0.0012,0.0165,-0.0042,-0.0311,-0.0253,-0.0395,-0.0239,-0.0147
6.9200,-0.0214,-0.0117,0.0097,-0.0155,-0.0008,0.0167,-0.0040,-0.0314,-0.0254,-0.0386,-0.0246,-0.0162
6.9225,-0.0205,-0.0117,0.0088,-0.0147,-0.0010,0.0166,-0.0049,-0.0322,-0.0254,-0.0371,-0.0244,-0.0166
6.9250,-0.0195,-0.0117,0.0078,-0.0136,-0.0018,0.0158,-0.0056,-0.0334,-0.0255,-0.0371,-0.0237,-0.0152
6.9275,-0.0199,-0.0117,0.0082,-0.0142,-0.0019,0.0156,-0.0062,-0.0315,-0.0247,-0.0369,-0.0229,-0.0136
6.9300,-0.0188,-0.0117,0.0072,-0.0129,-0.0021,0.0155,-0.0053,-0.0285,-0.0227,-0.0357,-0.0222,-0.0124
6.9325,-0.0166,-0.0107,0.0059,-0.0107,-0.0020,0.0147,-0.0029,-0.0274,-0.0205,-0.0342,-0.0205,-0.0127
6.9350,-0.0166,-0.0086,0.0080,-0.0122,0.0002,0.0132,-0.0007,-0.0254,-0.0189,-0.0327,-0.0188,-0.0138
6.9375,-0.0158,-0.0063,0.0096,-0.0126,0.0021,0.0116,0.0015,-0.0221,-0.0176,-0.0311,-0.0186,-0.0124
6.9400,-0.0143,-0.0042,0.0100,-0.0116,0.0034,0.0104,0.0035,-0.0182,-0.0142,-0.0283,-0.0183,-0.0101
6.9425,-0.0147,-0.0029,0.0117,-0.0127,0.0049,0.0098,0.0049,-0.0156,-0.0107,-0.0264,-0.0176,-0.0098
6.9450,-0.0154,-0.0023,0.0132,-0.0142,0.0055,0.0090,0.0063,-0.0162,-0.0106,-0.0271,-0.0184,-0.0093
6.9475,-0.0159,-0.0010,0.0149,-0.0155,0.0069,0.0083,0.0078,-0.0169,-0.0103,-0.0268,-0.0180,-0.0080
6.9500,-0.0152,0.0004,0.0156,-0.0153,0.0080,0.0075,0.0091,-0.0165,-0.0080,-0.0247,-0.0159,-0.0079
6.9525,-0.0137,0.0010,0.0147,-0.0137,0.0078,0.0068,0.0088,-0.0166,-0.0068,-0.0235,-0.0147,-0.0078
6.9550,-0.0130,0.0010,0.0141,-0.0130,0.0079,0.0069,0.0071,-0.0155,-0.0069,-0.0227,-0.0140,-0.0063
6.9575,-0.0112,0.0008,0.0120,-0.0111,0.0070,0.0063,0.0072,-0.0129,-0.0065,-0.0217,-0.0128,-0.0050
6.9600,-0.0075,0.0013,0.0089,-0.0077,0.0055,0.0040,0.0080,-0.0114,-0.0054,-0.0198,-0.0111,-0.0031
6.9625,-0.0049,0.0029,0.0078,-0.0059,0.0059,0.0020,0.0078,-0.0107,-0.0039,-0.0176,-0.0088,-0.0010
6.9650,-0.0034,0.0033,0.0067,-0.0046,0.0056,0.0011,0.0080,-0.0093,-0.0029,-0.0160,-0.0076,-0.0008
6.9675,-0.0022,0.0018,0.0040,-0.0026,0.0030,0.0008,0.0067,-0.0083,-0.0032,-0.0149,-0.0089,-0.0011
6.9700,-0.0021,0.0008,0.0029,-0.0020,0.0020,0.0012,0.0040,-0.0093,-0.0043,-0.0148,-0.0098,-0.0010
6.9725,-0.0029,0.0010,0.0039,-0.0029,0.0029,0.0020,0.0020,-0.0117,-0.0059,-0.0166,-0.0088,-0.0020
6.9750,-0.0036,-0.0002,0.0034,-0.0030,0.0017,0.0025,-0.0001,-0.0145,-0.0080,-0.0188,-0.0085,-0.0027
6.9775,-0.0050,-0.0025,0.0026,-0.0033,0.0002,0.0044,-0.0029,-0.0180,-0.0099,-0.0210,-0.0097,-0.0034
6.9800,-0.0078,-0.0028,0.0050,-0.0059,0.0016,0.0063,-0.0058,-0.0218,-0.0112,-0.0231,-0.0113,-0.0041
6.9825,-0.0098,-0.0029,0.0068,-0.0078,0.0020,0.0068,-0.0078,-0.0254,-0.0137,-0.0244,-0.0127,-0.0039
6.9850,-0.0099,-0.0046,0.0053,-0.0071,0.0002,0.0075,-0.0086,-0.0279,-0.0169,-0.0252,-0.0135,-0.0037
6.9875,-0.0099,-0.0049,0.0050,-0.0070,0.0006,0.0083,-0.0094,-0.0285,-0.0179,-0.0258,-0.0142,-0.0047
6.9900,-0.0113,-0.0052,0.0060,-0.0082,0.0007,0.0090,-0.0097,-0.0282,-0.0175,-0.0268,-0.0148,-0.0063
6.9925,-0.0117,-0.0068,0.0049,-0.0078,-0.0010,0.0098,-0.0088,-0.0283,-0.0186,-0.0283,-0.0147,-0.0068
6.9950,-0.0107,-0.0070,0.0037,-0.0067,-0.0012,0.0098,-0.0085,-0.0284,-0.0202,-0.0299,-0.0151,-0.0073
6.9975,-0.0119,-0.0068,0.0051,-0.0080,-0.0006,0.0100,-0.0097,-0.0283,-0.0209,-0.0309,-0.0168,-0.0091
7.0000,-0.0144,-0.0068,0.0076,-0.0105,0.0005,0.0111,-0.0113,-0.0303,-0.0221,-0.0314,-0.0177,-0.0097
7.0025,-0.0147,-0.0068,0.0078,-0.0107,0.0010,0.0117,-0.0127,-0.0342,-0.0244,-0.0322,-0.0176,-0.0088
7.0050,-0.0138,-0.0083,0.0055,-0.0092,-0.0013,0.0116,-0.0136,-0.0361,-0.0261,-0.0336,-0.0188,-0.0098
7.0075,-0.0139,-0.0091,0.0048,-0.0088,-0.0020,0.0122,-0.0134,-0.0359,-0.0265,-0.0352,-0.0214,-0.0128
7.0100,-0.0152,-0.0087,0.0064,-0.0104,-0.0006,0.0129,-0.0123,-0.0365,-0.0264,-0.0365,-0.0243,-0.0155
7.0125,-0.0166,-0.0098,0.0068,-0.0117,-0.0010,0.0137,-0.0117,-0.0371,-0.0274,-0.0371,-0.0254,-0.0176
7.0150,-0.0179,-0.0114,0.0065,-0.0123,-0.0019,0.0151,-0.0118,-0.0364,-0.0290,-0.0365,-0.0245,-0.0173
7.0175,-0.0201,-0.0119,0.0082,-0.0141,-0.0016,0.0163,-0.0113,-0.0360,-0.0295,-0.0356,-0.0248,-0.0153
7.0200,-0.0219,-0.0116,0.0103,-0.0161,-0.0006,0.0167,-0.0105,-0.0362,-0.0293,-0.0368,-0.0255,-0.0164
7.0225,-0.0225,-0.0117,0.0107,-0.0166,-0.0000,0.0176,-0.0098,-0.0362,-0.0293,-0.0391,-0.0254,-0.0186
7.0250,-0.0232,-0.0124,0.0108,-0.0166,-0.0006,0.0184,-0.0096,-0.0368,-0.0293,-0.0393,-0.0255,-0.0179
7.0275,-0.0235,-0.0132,0.0104,-0.0166,-0.0016,0.0186,-0.0103,-0.0373,-0.0297,-0.0388,-0.0248,-0.0178
7.0300,-0.0234,-0.0139,0.0096,-0.0166,-0.0021,0.0186,-0.0107,-0.0370,-0.0306,-0.0393,-0.0246,-0.0188
7.0325,-0.0235,-0.0137,0.0098,-0.0166,-0.0020,0.0186,-0.0098,-0.0381,-0.0313,-0.0401,-0.0264,-0.0186
7.0350,-0.0234,-0.0128,0.0106,-0.0165,-0.0012,0.0185,-0.0095,-0.0400,-0.0314,-0.0409,-0.0273,-0.0192
7.0375,-0.0239,-0.0130,0.0109,-0.0170,-0.0009,0.0190,-0.0107,-0.0390,-0.0308,-0.0408,-0.0273,-0.0201
7.0400,-0.0245,-0.0139,0.0107,-0.0177,-0.0010,0.0197,-0.0120,-0.0364,-0.0301,-0.0396,-0.0273,-0.0207
7.0425,-0.0244,-0.0137,0.0107,-0.0176,-0.0010,0.0195,-0.0117,-0.0362,-0.0303,-0.0391,-0.0264,-0.0205
7.0450,-0.0249,-0.0129,0.0120,-0.0180,-0.0004,0.0195,-0.0102,-0.0371,-0.0304,-0.0393,-0.0254,-0.0196
7.0475,-0.0262,-0.0123,0.0139,-0.0199,0.0010,0.0196,-0.0094,-0.0366,-0.0299,-0.0381,-0.0259,-0.0200
7.0500,-0.0261,-0.0114,0.0147,-0.0203,0.0022,0.0194,-0.0101,-0.0361,-0.0290,-0.0368,-0.0264,-0.0204
7.0525,-0.0244,-0.0107,0.0137,-0.0186,0.0020,0.0186,-0.0107,-0.0362,-0.0283,-0.0362,-0.0254,-0.0186
7.0550,-0.0234,-0.0107,0.0127,-0.0175,0.0011,0.0177,-0.0101,-0.0354,-0.0282,-0.0346,-0.0244,-0.0175
7.0575,-0.0235,-0.0108,0.0127,-0.0177,0.0008,0.0175,-0.0095,-0.0350,-0.0288,-0.0338,-0.0248,-0.0181
7.0600,-0.0232,-0.0107,0.0125,-0.0173,0.0011,0.0176,-0.0100,-0.0353,-0.0295,-0.0344,-0.0255,-0.0186
7.0625,-0.0225,-0.0107,0.0117,-0.0166,0.0010,0.0176,-0.0098,-0.0352,-0.0293,-0.0342,-0.0244,-0.0176
7.0650,-0.0218,-0.0115,0.0103,-0.0159,-0.0004,0.0169,-0.0088,-0.0352,-0.0285,-0.0327,-0.0219,-0.0165
7.0675,-0.0205,-0.0120,0.0085,-0.0147,-0.0018,0.0160,-0.0101,-0.0353,-0.0287,-0.0318,-0.0216,-0.0172
7.0700,-0.0194,-0.0115,0.0080,-0.0135,-0.0017,0.0157,-0.0122,-0.0351,-0.0296,-0.0328,-0.0230,-0.0174
7.0725,-0.0215,-0.0107,0.0107,-0.0156,0.0000,0.0166,-0.0107,-0.0342,-0.0293,-0.0352,-0.0244,-0.0166
7.0750,-0.0264,-0.0113,0.0151,-0.0207,0.0023,0.0193,-0.0058,-0.0322,-0.0286,-0.0369,-0.0271,-0.0189
7.0775,-0.0331,-0.0125,0.0206,-0.0266,0.0044,0.0234,0.0004,-0.0291,-0.0281,-0.0382,-0.0318,-0.0248
7.0800,-0.0428,-0.0126,0.0302,-0.0361,0.0086,0.0280,0.0095,-0.0245,-0.0267,-0.0415,-0.0388,-0.0318
7.0825,-0.0547,-0.0117,0.0430,-0.0489,0.0156,0.0332,0.0244,-0.0156,-0.0225,-0.0459,-0.0469,-0.0401
7.0850,-0.0661,-0.0098,0.0563,-0.0609,0.0238,0.0388,0.0446,-0.0010,-0.0151,-0.0488,-0.0539,-0.0494
7.0875,-0.0758,-0.0066,0.0692,-0.0719,0.0314,0.0420,0.0668,0.0188,-0.0037,-0.0482,-0.0590,-0.0557
7.0900,-0.0813,-0.0044,0.0769,-0.0787,0.0364,0.0434,0.0902,0.0466,0.0131,-0.0424,-0.0608,-0.0582
7.0925,-0.0792,-0.0029,0.0762,-0.0772,0.0371,0.0420,0.1153,0.0840,0.0362,-0.0303,-0.0577,-0.0567
7.0950,-0.0695,0.0032,0.0727,-0.0705,0.0380,0.0338,0.1381,0.1252,0.0633,-0.0130,-0.0482,-0.0479
7.0975,-0.0522,0.0155,0.0677,-0.0595,0.0417,0.0189,0.1508,0.1590,0.0893,0.0103,-0.0297,-0.0306
7.1000,-0.0268,0.0289,0.0557,-0.0407,0.0429,0.0001,0.1494,0.1749,0.1117,0.0398,-0.0031,-0.0053
7.1025,0.0068,0.0440,0.0371,-0.0147,0.0410,-0.0244,0.1319,0.1681,0.1300,0.0743,0.0313,0.0283
7.1050,0.0505,0.0620,0.0115,0.0199,0.0372,-0.0554,0.0961,0.1403,0.1427,0.1126,0.0759,0.0697
7.1075,0.1038,0.0758,-0.0280,0.0665,0.0244,-0.0887,0.0438,0.0967,0.1506,0.1547,0.1291,0.1180
7.1100,0.1606,0.0831,-0.0775,0.1194,0.0033,-0.1210,-0.0185,0.0471,0.1582,0.2025,0.1866,0.1716
7.1125,0.2160,0.0879,-0.1280,0.1720,-0.0195,-0.1515,-0.0850,0.0029,0.1691,0.2580,0.2443,0.2238
7.1150,0.2668,0.0907,-0.1761,0.2219,-0.0426,-0.1782,-0.1489,-0.0309,0.1830,0.3146,0.2945,0.2675
7.1175,0.3049,0.0903,-0.2146,0.2601,-0.0622,-0.1974,-0.2019,-0.0557,0.1957,0.3587,0.3277,0.2982
7.1200,0.3215,0.0858,-0.2357,0.2785,-0.0749,-0.2037,-0.2413,-0.0738,0.2006,0.3806,0.3375,0.3085
7.1225,0.3147,0.0743,-0.2404,0.2775,-0.0831,-0.1945,-0.2668,-0.0889,0.1896,0.3713,0.3186,0.2932
7.1250,0.2858,0.0548,-0.2310,0.2584,-0.0881,-0.1703,-0.2777,-0.1071,0.1567,0.3248,0.2710,0.2551
7.1275,0.2382,0.0300,-0.2083,0.2234,-0.0889,-0.1338,-0.2766,-0.1300,0.1022,0.2483,0.2032,0.2010
7.1300,0.1808,0.0043,-0.1765,0.1793,-0.0855,-0.0914,-0.2647,-0.1531,0.0343,0.1559,0.1252,0.1395
7.1325,0.1241,-0.0186,-0.1427,0.1339,-0.0801,-0.0518,-0.2453,-0.1720,-0.0322,0.0616,0.0528,0.0792
7.1350,0.0760,-0.0377,-0.1137,0.0948,-0.0756,-0.0191,-0.2220,-0.1829,-0.0846,-0.0188,0.0013,0.0293
7.1375,0.0396,-0.0513,-0.0910,0.0656,-0.0712,0.0061,-0.1930,-0.1805,-0.1170,-0.0728,-0.0283,-0.0017
7.1400,0.0141,-0.0563,-0.0704,0.0427,-0.0634,0.0215,-0.1600,-0.1626,-0.1269,-0.0968,-0.0403,-0.0145
7.1425,0.0000,-0.0528,-0.0528,0.0264,-0.0528,0.0264,-0.1270,-0.1339,-0.1163,-0.0967,-0.0381,-0.0166
7.1450,-0.0032,-0.0450,-0.0418,0.0196,-0.0430,0.0247,-0.0949,-0.1010,-0.0936,-0.0833,-0.0295,-0.0140
7.1475,-0.0027,-0.0361,-0.0335,0.0161,-0.0342,0.0207,-0.0674,-0.0687,-0.0684,-0.0646,-0.0207,-0.0102
7.1500,-0.0034,-0.0275,-0.0241,0.0107,-0.0255,0.0162,-0.0461,-0.0416,-0.0476,-0.0479,-0.0139,-0.0070
7.1525,-0.0039,-0.0195,-0.0156,0.0059,-0.0176,0.0117,-0.0283,-0.0215,-0.0322,-0.0362,-0.0107,-0.0049
7.1550,-0.0051,-0.0132,-0.0081,0.0015,-0.0107,0.0091,-0.0149,-0.0085,-0.0207,-0.0290,-0.0107,-0.0048
7.1575,-0.0084,-0.0102,-0.0018,-0.0033,-0.0058,0.0095,-0.0069,-0.0026,-0.0129,-0.0253,-0.0111,-0.0054
7.1600,-0.0120,-0.0097,0.0023,-0.0071,-0.0031,0.0115,-0.0025,-0.0002,-0.0088,-0.0229,-0.0125,-0.0064
7.1625,-0.0147,-0.0088,0.0059,-0.0098,-0.0010,0.0127,0.0010,0.0020,-0.0068,-0.0215,-0.0147,-0.0078
7.1650,-0.0159,-0.0073,0.0086,-0.0117,0.0008,0.0122,0.0042,0.0023,-0.0060,-0.0222,-0.0155,-0.0087
7.1675,-0.0147,-0.0062,0.0085,-0.0113,0.0010,0.0107,0.0057,0.0016,-0.0055,-0.0227,-0.0164,-0.0091
7.1700,-0.0135,-0.0057,0.0078,-0.0108,0.0011,0.0095,0.0061,0.0025,-0.0044,-0.0224,-0.0181,-0.0103
7.1725,-0.0137,-0.0059,0.0078,-0.0107,0.0010,0.0098,0.0068,0.0039,-0.0039,-0.0225,-0.0186,-0.0117
7.1750,-0.0137,-0.0067,0.0070,-0.0099,0.0001,0.0106,0.0083,0.0047,-0.0040,-0.0218,-0.0184,-0.0119
7.1775,-0.0140,-0.0066,0.0074,-0.0105,0.0006,0.0107,0.0102,0.0057,-0.0032,-0.0212,-0.0186,-0.0112
7.1800,-0.0149,-0.0054,0.0094,-0.0121,0.0026,0.0108,0.0126,0.0075,-0.0030,-0.0216,-0.0167,-0.0105
7.1825,-0.0147,-0.0049,0.0098,-0.0117,0.0029,0.0107,0.0147,0.0088,-0.0029,-0.0215,-0.0147,-0.0098
7.1850,-0.0138,-0.0055,0.0083,-0.0109,0.0015,0.0100,0.0156,0.0089,-0.0008,-0.0201,-0.0153,-0.0097
7.1875,-0.0136,-0.0062,0.0074,-0.0107,0.0005,0.0096,0.0155,0.0087,0.0008,-0.0188,-0.0156,-0.0096
7.1900,-0.0137,-0.0055,0.0082,-0.0108,0.0014,0.0098,0.0159,0.0089,0.0011,-0.0185,-0.0142,-0.0083
7.1925,-0.0137,-0.0049,0.0088,-0.0107,0.0020,0.0098,0.0176,0.0088,0.0020,-0.0176,-0.0137,-0.0078
7.1950,-0.0136,-0.0050,0.0086,-0.0106,0.0017,0.0098,0.0187,0.0087,0.0027,-0.0159,-0.0137,-0.0094
7.1975,-0.0140,-0.0043,0.0097,-0.0116,0.0030,0.0097,0.0177,0.0093,0.0038,-0.0156,-0.0138,-0.0097
7.2000,-0.0149,-0.0040,0.0110,-0.0131,0.0040,0.0099,0.0163,0.0099,0.0053,-0.0154,-0.0152,-0.0083
7.2025,-0.0147,-0.0039,0.0107,-0.0127,0.0039,0.0098,0.0166,0.0098,0.0049,-0.0147,-0.0156,-0.0078
7.2050,-0.0130,-0.0017,0.0113,-0.0117,0.0053,0.0083,0.0175,0.0096,0.0039,-0.0147,-0.0140,-0.0079
7.2075,-0.0126,-0.0005,0.0122,-0.0119,0.0063,0.0075,0.0176,0.0105,0.0047,-0.0143,-0.0139,-0.0077
7.2100,-0.0126,-0.0013,0.0114,-0.0115,0.0056,0.0080,0.0176,0.0124,0.0063,-0.0135,-0.0149,-0.0080
7.2125,-0.0127,-0.0010,0.0117,-0.0117,0.0059,0.0078,0.0176,0.0137,0.0068,-0.0137,-0.0147,-0.0088
7.2150,-0.0136,-0.0001,0.0135,-0.0134,0.0068,0.0071,0.0180,0.0137,0.0074,-0.0138,-0.0146,-0.0083
7.2175,-0.0132,-0.0000,0.0132,-0.0133,0.0067,0.0066,0.0198,0.0140,0.0088,-0.0134,-0.0147,-0.0069
7.2200,-0.0127,0.0000,0.0127,-0.0127,0.0070,0.0070,0.0204,0.0149,0.0101,-0.0121,-0.0146,-0.0071
7.2225,-0.0127,0.0000,0.0127,-0.0127,0.0068,0.0068,0.0195,0.0156,0.0107,-0.0098,-0.0137,-0.0078
7.2250,-0.0118,-0.0007,0.0111,-0.0111,0.0052,0.0065,0.0195,0.0170,0.0114,-0.0080,-0.0121,-0.0071
7.2275,-0.0122,-0.0012,0.0110,-0.0109,0.0052,0.0077,0.0192,0.0187,0.0123,-0.0077,-0.0116,-0.0064
7.2300,-0.0126,-0.0007,0.0119,-0.0120,0.0060,0.0074,0.0184,0.0197,0.0129,-0.0078,-0.0115,-0.0054
7.2325,-0.0117,-0.0000,0.0117,-0.0117,0.0059,0.0059,0.0186,0.0195,0.0137,-0.0068,-0.0098,-0.0039
7.2350,-0.0112,0.0001,0.0112,-0.0111,0.0060,0.0060,0.0186,0.0193,0.0145,-0.0053,-0.0081,-0.0037
7.2375,-0.0092,-0.0001,0.0092,-0.0093,0.0049,0.0048,0.0185,0.0207,0.0150,-0.0043,-0.0077,-0.0039
7.2400,-0.0076,0.0001,0.0077,-0.0075,0.0039,0.0039,0.0185,0.0232,0.0160,-0.0037,-0.0078,-0.0023
7.2425,-0.0088,0.0010,0.0098,-0.0088,0.0059,0.0049,0.0186,0.0244,0.0166,-0.0029,-0.0078,-0.0020
7.2450,-0.0092,0.0019,0.0111,-0.0101,0.0071,0.0043,0.0187,0.0243,0.0164,-0.0022,-0.0078,-0.0036
7.2475,-0.0077,0.0016,0.0093,-0.0083,0.0058,0.0036,0.0180,0.0251,0.0178,-0.0014,-0.0076,-0.0036
7.2500,-0.0066,0.0007,0.0073,-0.0065,0.0046,0.0040,0.0175,0.0271,0.0203,-0.0009,-0.0064,-0.0028
7.2525,-0.0068,-0.0000,0.0068,-0.0068,0.0039,0.0039,0.0176,0.0283,0.0215,-0.0010,-0.0059,-0.0029
7.2550,-0.0071,-0.0003,0.0068,-0.0070,0.0037,0.0040,0.0175,0.0289,0.0214,-0.0004,-0.0062,-0.0023
7.2575,-0.0059,0.0010,0.0069,-0.0064,0.0045,0.0031,0.0178,0.0304,0.0218,0.0010,-0.0042,-0.0014
7.2600,-0.0045,0.0022,0.0066,-0.0056,0.0048,0.0015,0.0173,0.0313,0.0228,0.0025,-0.0011,-0.0008
7.2625,-0.0039,0.0020,0.0059,-0.0049,0.0039,0.0010,0.0176,0.0313,0.0235,0.0039,-0.0010,-0.0000
7.2650,-0.0039,0.0019,0.0058,-0.0048,0.0038,0.0009,0.0199,0.0319,0.0234,0.0048,-0.0021,0.0001
7.2675,-0.0040,0.0020,0.0060,-0.0049,0.0041,0.0011,0.0207,0.0328,0.0241,0.0049,-0.0010,-0.0002
7.2700,-0.0037,0.0019,0.0056,-0.0047,0.0037,0.0008,0.0206,0.0352,0.0261,0.0049,0.0002,0.0002
7.2725,-0.0020,0.0020,0.0039,-0.0029,0.0029,0.0000,0.0215,0.0381,0.0274,0.0049,-0.0010,0.0010
7.2750,-0.0002,0.0026,0.0028,-0.0010,0.0027,-0.0007,0.0215,0.0388,0.0279,0.0053,-0.0021,0.0017
7.2775,-0.0001,0.0037,0.0037,-0.0017,0.0037,-0.0017,0.0218,0.0400,0.0298,0.0074,-0.0010,0.0026
7.2800,0.0003,0.0037,0.0034,-0.0015,0.0036,-0.0019,0.0227,0.0412,0.0317,0.0091,0.0004,0.0031
7.2825,0.0020,0.0029,0.0010,0.0010,0.0020,-0.0020,0.0225,0.0420,0.0322,0.0088,0.0010,0.0039
7.2850,0.0035,0.0035,-0.0000,0.0018,0.0016,-0.0035,0.0223,0.0449,0.0334,0.0085,0.0023,0.0049
7.2875,0.0046,0.0047,0.0001,0.0025,0.0026,-0.0041,0.0230,0.0468,0.0355,0.0096,0.0042,0.0042
7.2900,0.0049,0.0048,-0.0001,0.0029,0.0029,-0.0038,0.0236,0.0470,0.0361,0.0113,0.0050,0.0042
7.2925,0.0049,0.0039,-0.0010,0.0029,0.0020,-0.0039,0.0235,0.0489,0.0362,0.0127,0.0049,0.0059
7.2950,0.0063,0.0030,-0.0032,0.0051,0.0004,-0.0038,0.0233,0.0512,0.0369,0.0135,0.0054,0.0060
7.2975,0.0076,0.0032,-0.0044,0.0065,-0.0004,-0.0047,0.0242,0.0527,0.0371,0.0141,0.0067,0.0060
7.3000,0.0079,0.0044,-0.0035,0.0055,0.0004,-0.0064,0.0259,0.0542,0.0373,0.0150,0.0066,0.0072
7.3025,0.0088,0.0059,-0.0029,0.0059,0.0020,-0.0068,0.0264,0.0557,0.0391,0.0166,0.0059,0.0078
7.3050,0.0103,0.0068,-0.0034,0.0074,0.0024,-0.0073,0.0262,0.0578,0.0413,0.0188,0.0058,0.0084
7.3075,0.0118,0.0064,-0.0055,0.0088,0.0005,-0.0089,0.0267,0.0601,0.0434,0.0209,0.0060,0.0097
7.3100,0.0149,0.0058,-0.0091,0.0121,-0.0015,-0.0101,0.0260,0.0622,0.0456,0.0233,0.0075,0.0113
7.3125,0.0186,0.0068,-0.0117,0.0156,-0.0020,-0.0117,0.0254,0.0645,0.0469,0.0254,0.0098,0.0127
7.3150,0.0197,0.0090,-0.0106,0.0152,-0.0007,-0.0142,0.0269,0.0674,0.0475,0.0261,0.0105,0.0135
7.3175,0.0194,0.0107,-0.0087,0.0143,0.0012,-0.0147,0.0278,0.0699,0.0487,0.0275,0.0118,0.0140
7.3200,0.0215,0.0105,-0.0110,0.0167,0.0003,-0.0149,0.0289,0.0721,0.0504,0.0301,0.0146,0.0151
7.3225,0.0244,0.0098,-0.0147,0.0195,-0.0020,-0.0166,0.0313,0.0752,0.0528,0.0313,0.0166,0.0166
7.3250,0.0259,0.0104,-0.0155,0.0209,-0.0020,-0.0174,0.0309,0.0783,0.0551,0.0323,0.0174,0.0175
7.3275,0.0276,0.0110,-0.0166,0.0229,-0.0026,-0.0184,0.0296,0.0801,0.0562,0.0355,0.0181,0.0177
7.3300,0.0301,0.0105,-0.0196,0.0251,-0.0045,-0.0200,0.0310,0.0816,0.0571,0.0374,0.0206,0.0193
7.3325,0.0322,0.0098,-0.0225,0.0274,-0.0059,-0.0205,0.0322,0.0840,0.0596,0.0381,0.0235,0.0225
7.3350,0.0344,0.0102,-0.0242,0.0297,-0.0068,-0.0216,0.0308,0.0863,0.0620,0.0415,0.0247,0.0249
7.3375,0.0369,0.0122,-0.0246,0.0310,-0.0063,-0.0244,0.0298,0.0881,0.0629,0.0452,0.0274,0.0260
7.3400,0.0404,0.0142,-0.0262,0.0334,-0.0060,-0.0272,0.0306,0.0909,0.0640,0.0477,0.0299,0.0266
7.3425,0.0450,0.0147,-0.0303,0.0381,-0.0078,-0.0293,0.0303,0.0938,0.0664,0.0508,0.0313,0.0283
7.3450,0.0487,0.0157,-0.0330,0.0414,-0.0083,-0.0314,0.0287,0.0954,0.0688,0.0531,0.0341,0.0315
7.3475,0.0518,0.0188,-0.0330,0.0429,-0.0064,-0.0340,0.0279,0.0962,0.0702,0.0547,0.0367,0.0329
7.3500,0.0546,0.0210,-0.0336,0.0445,-0.0060,-0.0371,0.0269,0.0969,0.0720,0.0561,0.0389,0.0337
7.3525,0.0567,0.0215,-0.0352,0.0459,-0.0068,-0.0391,0.0254,0.0977,0.0743,0.0577,0.0420,0.0371
7.3550,0.0580,0.0222,-0.0358,0.0473,-0.0068,-0.0397,0.0259,0.0997,0.0758,0.0604,0.0443,0.0411
7.3575,0.0602,0.0229,-0.0373,0.0491,-0.0073,-0.0413,0.0269,0.1022,0.0767,0.0637,0.0462,0.0434
7.3600,0.0637,0.0238,-0.0400,0.0518,-0.0080,-0.0436,0.0257,0.1040,0.0774,0.0662,0.0487,0.0459
7.3625,0.0674,0.0244,-0.0430,0.0557,-0.0088,-0.0450,0.0235,0.1055,0.0792,0.0684,0.0518,0.0489
7.3650,0.0699,0.0243,-0.0456,0.0583,-0.0105,-0.0463,0.0225,0.1070,0.0814,0.0711,0.0561,0.0510
7.3675,0.0710,0.0250,-0.0461,0.0588,-0.0106,-0.0479,0.0225,0.1077,0.0829,0.0747,0.0601,0.0535
7.3700,0.0732,0.0254,-0.0478,0.0604,-0.0112,-0.0493,0.0224,0.1072,0.0847,0.0783,0.0620,0.0568
7.3725,0.0762,0.0254,-0.0508,0.0635,-0.0127,-0.0508,0.0215,0.1065,0.0870,0.0811,0.0635,0.0596
7.3750,0.0784,0.0275,-0.0509,0.0650,-0.0114,-0.0522,0.0194,0.1064,0.0871,0.0832,0.0664,0.0618
7.3775,0.0809,0.0295,-0.0514,0.0667,-0.0102,-0.0540,0.0172,0.1065,0.0870,0.0855,0.0688,0.0637
7.3800,0.0840,0.0307,-0.0533,0.0691,-0.0110,-0.0565,0.0165,0.1064,0.0885,0.0875,0.0694,0.0646
7.3825,0.0860,0.0322,-0.0537,0.0704,-0.0107,-0.0586,0.0166,0.1065,0.0899,0.0889,0.0704,0.0645
7.3850,0.0869,0.0337,-0.0532,0.0705,-0.0094,-0.0595,0.0166,0.1054,0.0899,0.0897,0.0720,0.0648
7.3875,0.0865,0.0352,-0.0513,0.0696,-0.0077,-0.0599,0.0164,0.1020,0.0895,0.0898,0.0726,0.0671
7.3900,0.0858,0.0365,-0.0493,0.0678,-0.0066,-0.0610,0.0150,0.0988,0.0884,0.0901,0.0739,0.0687
7.3925,0.0860,0.0371,-0.0489,0.0674,-0.0059,-0.0616,0.0137,0.0977,0.0870,0.0919,0.0762,0.0694
7.3950,0.0867,0.0379,-0.0489,0.0683,-0.0050,-0.0613,0.0132,0.0959,0.0868,0.0936,0.0770,0.0709
7.3975,0.0869,0.0385,-0.0484,0.0679,-0.0047,-0.0622,0.0112,0.0919,0.0869,0.0935,0.0776,0.0712
7.4000,0.0851,0.0394,-0.0457,0.0655,-0.0032,-0.0622,0.0094,0.0875,0.0852,0.0925,0.0782,0.0698
7.4025,0.0821,0.0401,-0.0420,0.0625,-0.0010,-0.0606,0.0088,0.0840,0.0831,0.0919,0.0772,0.0684
7.4050,0.0792,0.0394,-0.0398,0.0596,-0.0002,-0.0592,0.0072,0.0805,0.0817,0.0906,0.0752,0.0670
7.4075,0.0758,0.0385,-0.0372,0.0566,0.0009,-0.0568,0.0067,0.0758,0.0790,0.0878,0.0719,0.0652
7.4100,0.0720,0.0378,-0.0342,0.0536,0.0023,-0.0539,0.0066,0.0706,0.0748,0.0833,0.0682,0.0625
7.4125,0.0684,0.0371,-0.0313,0.0498,0.0029,-0.0528,0.0049,0.0664,0.0713,0.0782,0.0655,0.0596
7.4150,0.0641,0.0372,-0.0269,0.0453,0.0050,-0.0509,0.0032,0.0624,0.0684,0.0743,0.0627,0.0569
7.4175,0.0595,0.0363,-0.0232,0.0418,0.0066,-0.0473,0.0026,0.0562,0.0651,0.0710,0.0591,0.0528
7.4200,0.0550,0.0328,-0.0222,0.0390,0.0052,-0.0437,0.0033,0.0499,0.0611,0.0668,0.0553,0.0486
7.4225,0.0489,0.0293,-0.0195,0.0342,0.0049,-0.0391,0.0039,0.0459,0.0567,0.0616,0.0508,0.0459
7.4250,0.0419,0.0277,-0.0142,0.0280,0.0073,-0.0343,0.0025,0.0418,0.0522,0.0556,0.0456,0.0419
7.4275,0.0373,0.0265,-0.0108,0.0240,0.0080,-0.0318,0.0012,0.0360,0.0482,0.0502,0.0409,0.0360
7.4300,0.0340,0.0249,-0.0091,0.0217,0.0080,-0.0293,0.0008,0.0305,0.0447,0.0452,0.0366,0.0306
7.4325,0.0303,0.0244,-0.0059,0.0186,0.0098,-0.0264,0.0000,0.0264,0.0401,0.0401,0.0322,0.0264
7.4350,0.0260,0.0239,-0.0021,0.0142,0.0114,-0.0244,-0.0008,0.0227,0.0341,0.0350,0.0279,0.0225
7.4375,0.0211,0.0220,0.0009,0.0102,0.0120,-0.0209,-0.0011,0.0191,0.0292,0.0294,0.0229,0.0198
7.4400,0.0177,0.0199,0.0022,0.0083,0.0114,-0.0179,-0.0009,0.0151,0.0266,0.0234,0.0181,0.0178
7.4425,0.0156,0.0186,0.0029,0.0068,0.0107,-0.0166,-0.0010,0.0098,0.0235,0.0186,0.0156,0.0147
7.4450,0.0108,0.0171,0.0064,0.0027,0.0120,-0.0131,-0.0011,0.0055,0.0189,0.0142,0.0137,0.0109
7.4475,0.0053,0.0154,0.0101,-0.0022,0.0134,-0.0094,-0.0007,0.0046,0.0155,0.0095,0.0100,0.0078
7.4500,0.0020,0.0126,0.0106,-0.0043,0.0119,-0.0071,-0.0013,0.0048,0.0127,0.0058,0.0053,0.0048
7.4525,0.0000,0.0098,0.0098,-0.0049,0.0098,-0.0049,-0.0020,0.0029,0.0098,0.0039,0.0029,0.0020
7.4550,-0.0015,0.0082,0.0097,-0.0057,0.0090,-0.0034,-0.0012,0.0005,0.0076,0.0014,0.0029,0.0004
7.4575,-0.0029,0.0071,0.0100,-0.0062,0.0085,-0.0019,-0.0009,-0.0005,0.0049,-0.0029,0.0025,-0.0009
7.4600,-0.0045,0.0068,0.0113,-0.0075,0.0092,-0.0006,-0.0008,-0.0014,0.0021,-0.0054,0.0017,-0.0025
7.4625,-0.0068,0.0059,0.0127,-0.0098,0.0098,0.0010,-0.0000,-0.0029,-0.0000,-0.0068,0.0010,-0.0039
7.4650,-0.0093,0.0029,0.0122,-0.0107,0.0076,0.0033,-0.0006,-0.0050,-0.0022,-0.0098,-0.0012,-0.0054
7.4675,-0.0102,0.0008,0.0110,-0.0107,0.0060,0.0048,-0.0014,-0.0074,-0.0041,-0.0120,-0.0031,-0.0068
7.4700,-0.0112,-0.0004,0.0108,-0.0109,0.0058,0.0066,-0.0006,-0.0076,-0.0053,-0.0131,-0.0043,-0.0083
7.4725,-0.0127,-0.0010,0.0117,-0.0117,0.0059,0.0078,0.0000,-0.0068,-0.0068,-0.0147,-0.0059,-0.0098
7.4750,-0.0128,0.0000,0.0128,-0.0127,0.0068,0.0069,-0.0000,-0.0082,-0.0077,-0.0161,-0.0068,-0.0106
7.4775,-0.0127,-0.0012,0.0115,-0.0120,0.0058,0.0077,0.0001,-0.0094,-0.0082,-0.0178,-0.0068,-0.0108
7.4800,-0.0125,-0.0034,0.0091,-0.0102,0.0031,0.0089,-0.0002,-0.0101,-0.0092,-0.0186,-0.0070,-0.0107
7.4825,-0.0117,-0.0029,0.0088,-0.0098,0.0029,0.0078,-0.0010,-0.0117,-0.0098,-0.0186,-0.0078,-0.0107
7.4850,-0.0122,-0.0026,0.0096,-0.0105,0.0040,0.0082,-0.0004,-0.0126,-0.0097,-0.0193,-0.0081,-0.0108
7.4875,-0.0136,-0.0040,0.0095,-0.0110,0.0031,0.0097,0.0004,-0.0127,-0.0102,-0.0195,-0.0071,-0.0106
7.4900,-0.0134,-0.0051,0.0083,-0.0104,0.0015,0.0096,-0.0004,-0.0126,-0.0110,-0.0199,-0.0071,-0.0111
7.4925,-0.0117,-0.0049,0.0068,-0.0088,0.0010,0.0088,-0.0010,-0.0127,-0.0117,-0.0225,-0.0088,-0.0127
7.4950,-0.0113,-0.0047,0.0066,-0.0084,0.0010,0.0085,-0.0003,-0.0141,-0.0132,-0.0243,-0.0104,-0.0143
7.4975,-0.0130,-0.0058,0.0072,-0.0096,0.0007,0.0098,0.0002,-0.0151,-0.0143,-0.0244,-0.0113,-0.0149
7.5000,-0.0137,-0.0072,0.0065,-0.0096,-0.0003,0.0109,-0.0001,-0.0142,-0.0148,-0.0246,-0.0119,-0.0144
7.5025,-0.0137,-0.0068,0.0068,-0.0098,0.0000,0.0107,-0.0000,-0.0137,-0.0156,-0.0254,-0.0117,-0.0147
7.5050,-0.0152,-0.0053,0.0099,-0.0121,0.0023,0.0107,0.0001,-0.0144,-0.0158,-0.0256,-0.0115,-0.0169
7.5075,-0.0158,-0.0045,0.0113,-0.0130,0.0034,0.0107,-0.0001,-0.0148,-0.0154,-0.0251,-0.0123,-0.0181
7.5100,-0.0156,-0.0052,0.0104,-0.0126,0.0026,0.0108,0.0002,-0.0146,-0.0159,-0.0257,-0.0126,-0.0171
7.5125,-0.0156,-0.0059,0.0098,-0.0127,0.0020,0.0107,0.0010,-0.0147,-0.0166,-0.0254,-0.0117,-0.0156
7.5150,-0.0154,-0.0059,0.0095,-0.0125,0.0018,0.0106,0.0011,-0.0140,-0.0154,-0.0230,-0.0103,-0.0148
7.5175,-0.0164,-0.0059,0.0105,-0.0134,0.0025,0.0114,0.0008,-0.0133,-0.0135,-0.0222,-0.0088,-0.0143
7.5200,-0.0162,-0.0058,0.0104,-0.0133,0.0029,0.0116,0.0012,-0.0141,-0.0141,-0.0225,-0.0091,-0.0134
7.5225,-0.0147,-0.0059,0.0088,-0.0117,0.0020,0.0107,0.0020,-0.0147,-0.0147,-0.0225,-0.0098,-0.0137
7.5250,-0.0154,-0.0066,0.0088,-0.0117,0.0011,0.0114,0.0020,-0.0138,-0.0142,-0.0238,-0.0095,-0.0154
7.5275,-0.0153,-0.0073,0.0080,-0.0113,0.0007,0.0120,0.0020,-0.0140,-0.0166,-0.0252,-0.0109,-0.0152
7.5300,-0.0146,-0.0080,0.0066,-0.0107,-0.0003,0.0116,0.0018,-0.0149,-0.0190,-0.0254,-0.0116,-0.0147
7.5325,-0.0156,-0.0078,0.0078,-0.0117,0.0000,0.0117,0.0010,-0.0147,-0.0186,-0.0254,-0.0107,-0.0156
7.5350,-0.0164,-0.0056,0.0107,-0.0130,0.0029,0.0119,0.0008,-0.0145,-0.0184,-0.0253,-0.0121,-0.0157
7.5375,-0.0172,-0.0040,0.0133,-0.0151,0.0051,0.0111,0.0014,-0.0151,-0.0186,-0.0258,-0.0131,-0.0158
7.5400,-0.0174,-0.0041,0.0133,-0.0152,0.0044,0.0107,0.0022,-0.0158,-0.0187,-0.0266,-0.0125,-0.0170
7.5425,-0.0156,-0.0049,0.0107,-0.0127,0.0029,0.0107,0.0020,-0.0166,-0.0195,-0.0274,-0.0127,-0.0176
7.5450,-0.0146,-0.0057,0.0089,-0.0117,0.0020,0.0107,0.0004,-0.0168,-0.0196,-0.0282,-0.0128,-0.0175
7.5475,-0.0150,-0.0056,0.0093,-0.0119,0.0022,0.0109,-0.0003,-0.0162,-0.0198,-0.0280,-0.0126,-0.0179
7.5500,-0.0161,-0.0045,0.0116,-0.0134,0.0035,0.0106,0.0002,-0.0170,-0.0208,-0.0271,-0.0128,-0.0189
7.5525,-0.0176,-0.0039,0.0137,-0.0156,0.0049,0.0107,0.0010,-0.0176,-0.0215,-0.0274,-0.0127,-0.0195
7.5550,-0.0184,-0.0046,0.0138,-0.0157,0.0051,0.0123,0.0018,-0.0166,-0.0216,-0.0282,-0.0132,-0.0189
7.5575,-0.0190,-0.0051,0.0139,-0.0159,0.0047,0.0129,0.0021,-0.0172,-0.0210,-0.0283,-0.0148,-0.0183
7.5600,-0.0197,-0.0047,0.0150,-0.0169,0.0051,0.0127,0.0019,-0.0173,-0.0204,-0.0283,-0.0158,-0.0187
7.5625,-0.0195,-0.0049,0.0147,-0.0166,0.0049,0.0127,0.0020,-0.0166,-0.0205,-0.0283,-0.0156,-0.0186
7.5650,-0.0182,-0.0057,0.0125,-0.0152,0.0033,0.0120,0.0026,-0.0182,-0.0205,-0.0276,-0.0151,-0.0183
7.5675,-0.0165,-0.0056,0.0109,-0.0136,0.0030,0.0115,0.0032,-0.0180,-0.0208,-0.0271,-0.0138,-0.0191
7.5700,-0.0171,-0.0046,0.0126,-0.0142,0.0044,0.0119,0.0026,-0.0162,-0.0218,-0.0276,-0.0140,-0.0178
7.5725,-0.0195,-0.0049,0.0147,-0.0166,0.0049,0.0127,0.0020,-0.0166,-0.0225,-0.0283,-0.0147,-0.0156
7.5750,-0.0205,-0.0071,0.0134,-0.0169,0.0035,0.0142,0.0027,-0.0173,-0.0224,-0.0277,-0.0132,-0.0156
7.5775,-0.0204,-0.0084,0.0120,-0.0162,0.0023,0.0150,0.0027,-0.0185,-0.0225,-0.0268,-0.0125,-0.0151
7.5800,-0.0206,-0.0072,0.0134,-0.0170,0.0036,0.0143,0.0016,-0.0198,-0.0224,-0.0279,-0.0127,-0.0147
7.5825,-0.0205,-0.0059,0.0147,-0.0176,0.0049,0.0137,0.0020,-0.0195,-0.0225,-0.0293,-0.0127,-0.0156
7.5850,-0.0198,-0.0064,0.0134,-0.0162,0.0036,0.0137,0.0030,-0.0194,-0.0238,-0.0286,-0.0136,-0.0156
7.5875,-0.0186,-0.0075,0.0112,-0.0146,0.0018,0.0133,0.0021,-0.0200,-0.0256,-0.0281,-0.0132,-0.0161
7.5900,-0.0172,-0.0079,0.0093,-0.0133,0.0007,0.0125,0.0006,-0.0208,-0.0266,-0.0285,-0.0128,-0.0166
7.5925,-0.0176,-0.0078,0.0098,-0.0137,0.0010,0.0127,0.0010,-0.0215,-0.0264,-0.0293,-0.0147,-0.0166
7.5950,-0.0194,-0.0071,0.0123,-0.0154,0.0026,0.0136,0.0019,-0.0216,-0.0255,-0.0302,-0.0162,-0.0181
7.5975,-0.0188,-0.0066,0.0122,-0.0149,0.0028,0.0133,0.0019,-0.0213,-0.0257,-0.0299,-0.0172,-0.0187
7.6000,-0.0172,-0.0069,0.0103,-0.0134,0.0017,0.0124,0.0020,-0.0217,-0.0266,-0.0292,-0.0176,-0.0187
7.6025,-0.0176,-0.0059,0.0117,-0.0147,0.0029,0.0117,0.0020,-0.0225,-0.0264,-0.0303,-0.0176,-0.0195
7.6050,-0.0190,-0.0041,0.0149,-0.0170,0.0054,0.0115,0.0013,-0.0224,-0.0253,-0.0312,-0.0184,-0.0196
7.6075,-0.0209,-0.0046,0.0163,-0.0186,0.0061,0.0129,0.0005,-0.0228,-0.0264,-0.0311,-0.0182,-0.0195
7.6100,-0.0232,-0.0064,0.0168,-0.0199,0.0058,0.0154,-0.0002,-0.0237,-0.0291,-0.0315,-0.0174,-0.0195
7.6125,-0.0244,-0.0068,0.0176,-0.0205,0.0059,0.0166,0.0000,-0.0244,-0.0293,-0.0322,-0.0176,-0.0195
7.6150,-0.0244,-0.0067,0.0177,-0.0205,0.0059,0.0166,0.0009,-0.0246,-0.0281,-0.0322,-0.0175,-0.0204
7.6175,-0.0244,-0.0070,0.0174,-0.0206,0.0058,0.0167,0.0006,-0.0238,-0.0298,-0.0326,-0.0183,-0.0201
7.6200,-0.0243,-0.0067,0.0176,-0.0204,0.0058,0.0164,-0.0002,-0.0235,-0.0315,-0.0335,-0.0201,-0.0195
7.6225,-0.0235,-0.0068,0.0166,-0.0195,0.0049,0.0156,-0.0000,-0.0244,-0.0303,-0.0342,-0.0205,-0.0205
7.6250,-0.0226,-0.0078,0.0148,-0.0187,0.0039,0.0155,0.0007,-0.0253,-0.0293,-0.0343,-0.0191,-0.0207
7.6275,-0.0224,-0.0073,0.0151,-0.0184,0.0044,0.0157,0.0015,-0.0254,-0.0296,-0.0336,-0.0178,-0.0199
7.6300,-0.0225,-0.0068,0.0156,-0.0187,0.0049,0.0155,0.0021,-0.0254,-0.0306,-0.0332,-0.0176,-0.0193
7.6325,-0.0225,-0.0078,0.0147,-0.0186,0.0039,0.0156,0.0020,-0.0264,-0.0313,-0.0342,-0.0176,-0.0186
7.6350,-0.0218,-0.0086,0.0132,-0.0171,0.0024,0.0157,0.0013,-0.0274,-0.0311,-0.0345,-0.0175,-0.0183
7.6375,-0.0213,-0.0093,0.0121,-0.0164,0.0015,0.0157,0.0004,-0.0267,-0.0319,-0.0334,-0.0181,-0.0192
7.6400,-0.0235,-0.0098,0.0137,-0.0185,0.0025,0.0173,-0.0001,-0.0266,-0.0321,-0.0334,-0.0187,-0.0194
7.6425,-0.0264,-0.0088,0.0176,-0.0215,0.0049,0.0186,-0.0000,-0.0283,-0.0313,-0.0342,-0.0186,-0.0186
7.6450,-0.0266,-0.0077,0.0189,-0.0226,0.0060,0.0178,0.0000,-0.0286,-0.0319,-0.0335,-0.0185,-0.0184
7.6475,-0.0262,-0.0087,0.0175,-0.0219,0.0050,0.0179,-0.0000,-0.0276,-0.0325,-0.0333,-0.0185,-0.0187
7.6500,-0.0264,-0.0101,0.0163,-0.0213,0.0034,0.0186,0.0000,-0.0274,-0.0321,-0.0347,-0.0187,-0.0184
7.6525,-0.0254,-0.0098,0.0156,-0.0205,0.0029,0.0176,0.0000,-0.0283,-0.0322,-0.0352,-0.0195,-0.0186
7.6550,-0.0244,-0.0088,0.0155,-0.0196,0.0037,0.0173,-0.0006,-0.0293,-0.0335,-0.0343,-0.0204,-0.0194
7.6575,-0.0247,-0.0091,0.0155,-0.0197,0.0038,0.0180,-0.0014,-0.0291,-0.0354,-0.0347,-0.0205,-0.0193
7.6600,-0.0239,-0.0100,0.0139,-0.0191,0.0023,0.0171,-0.0005,-0.0297,-0.0362,-0.0369,-0.0206,-0.0182
7.6625,-0.0215,-0.0098,0.0117,-0.0166,0.0010,0.0156,-0.0000,-0.0313,-0.0362,-0.0381,-0.0215,-0.0186
7.6650,-0.0210,-0.0089,0.0121,-0.0160,0.0016,0.0155,-0.0016,-0.0313,-0.0363,-0.0368,-0.0225,-0.0201
7.6675,-0.0228,-0.0090,0.0138,-0.0181,0.0023,0.0160,-0.0019,-0.0313,-0.0355,-0.0352,-0.0220,-0.0207
7.6700,-0.0234,-0.0102,0.0132,-0.0182,0.0016,0.0170,-0.0006,-0.0311,-0.0353,-0.0354,-0.0214,-0.0204
7.6725,-0.0225,-0.0107,0.0117,-0.0166,0.0010,0.0176,0.0000,-0.0303,-0.0362,-0.0362,-0.0215,-0.0205
7.6750,-0.0223,-0.0101,0.0122,-0.0171,0.0015,0.0169,0.0000,-0.0303,-0.0362,-0.0356,-0.0207,-0.0206
7.6775,-0.0231,-0.0088,0.0143,-0.0188,0.0032,0.0164,-0.0001,-0.0299,-0.0359,-0.0343,-0.0206,-0.0204
7.6800,-0.0253,-0.0074,0.0178,-0.0215,0.0056,0.0168,0.0002,-0.0292,-0.0345,-0.0344,-0.0220,-0.0207
7.6825,-0.0274,-0.0078,0.0195,-0.0235,0.0059,0.0176,0.0010,-0.0293,-0.0332,-0.0352,-0.0225,-0.0205
7.6850,-0.0275,-0.0101,0.0173,-0.0221,0.0036,0.0191,0.0004,-0.0293,-0.0346,-0.0345,-0.0217,-0.0190
7.6875,-0.0273,-0.0112,0.0161,-0.0210,0.0025,0.0200,-0.0007,-0.0296,-0.0356,-0.0340,-0.0211,-0.0182
7.6900,-0.0271,-0.0104,0.0167,-0.0216,0.0031,0.0191,-0.0010,-0.0306,-0.0350,-0.0343,-0.0201,-0.0189
7.6925,-0.0254,-0.0098,0.0156,-0.0205,0.0029,0.0176,-0.0010,-0.0313,-0.0352,-0.0352,-0.0195,-0.0195
7.6950,-0.0237,-0.0097,0.0140,-0.0188,0.0022,0.0167,-0.0009,-0.0313,-0.0359,-0.0367,-0.0209,-0.0196
7.6975,-0.0234,-0.0099,0.0134,-0.0185,0.0017,0.0165,-0.0013,-0.0311,-0.0367,-0.0373,-0.0219,-0.0194
7.7000,-0.0234,-0.0095,0.0138,-0.0184,0.0022,0.0167,-0.0023,-0.0315,-0.0372,-0.0370,-0.0211,-0.0197
7.7025,-0.0225,-0.0088,0.0137,-0.0176,0.0029,0.0166,-0.0029,-0.0322,-0.0371,-0.0371,-0.0205,-0.0205
7.7050,-0.0221,-0.0094,0.0127,-0.0173,0.0023,0.0164,-0.0030,-0.0328,-0.0371,-0.0365,-0.0212,-0.0206
7.7075,-0.0239,-0.0105,0.0135,-0.0184,0.0016,0.0176,-0.0028,-0.0340,-0.0371,-0.0358,-0.0218,-0.0203
7.7100,-0.0258,-0.0107,0.0152,-0.0201,0.0023,0.0188,-0.0030,-0.0339,-0.0371,-0.0364,-0.0212,-0.0207
7.7125,-0.0264,-0.0098,0.0166,-0.0215,0.0039,0.0186,-0.0029,-0.0322,-0.0371,-0.0362,-0.0205,-0.0215
7.7150,-0.0271,-0.0088,0.0183,-0.0223,0.0049,0.0185,-0.0016,-0.0313,-0.0366,-0.0339,-0.0212,-0.0210
7.7175,-0.0276,-0.0092,0.0183,-0.0226,0.0044,0.0187,-0.0001,-0.0311,-0.0351,-0.0324,-0.0214,-0.0197
7.7200,-0.0271,-0.0099,0.0172,-0.0223,0.0038,0.0185,-0.0003,-0.0315,-0.0339,-0.0323,-0.0199,-0.0197
7.7225,-0.0264,-0.0098,0.0166,-0.0215,0.0039,0.0186,-0.0020,-0.0322,-0.0342,-0.0332,-0.0186,-0.0195
7.7250,-0.0250,-0.0104,0.0147,-0.0195,0.0028,0.0187,-0.0035,-0.0317,-0.0356,-0.0343,-0.0185,-0.0179
7.7275,-0.0229,-0.0112,0.0118,-0.0168,0.0005,0.0178,-0.0042,-0.0308,-0.0370,-0.0334,-0.0184,-0.0177
7.7300,-0.0209,-0.0103,0.0106,-0.0154,0.0002,0.0161,-0.0036,-0.0318,-0.0368,-0.0336,-0.0189,-0.0189
7.7325,-0.0205,-0.0098,0.0107,-0.0156,0.0010,0.0156,-0.0029,-0.0332,-0.0362,-0.0352,-0.0205,-0.0195
7.7350,-0.0219,-0.0112,0.0107,-0.0163,0.0002,0.0170,-0.0036,-0.0333,-0.0368,-0.0346,-0.0215,-0.0202
7.7375,-0.0235,-0.0121,0.0114,-0.0175,0.0002,0.0183,-0.0042,-0.0331,-0.0373,-0.0339,-0.0211,-0.0207
7.7400,-0.0248,-0.0114,0.0134,-0.0190,0.0014,0.0186,-0.0036,-0.0332,-0.0370,-0.0343,-0.0202,-0.0203
7.7425,-0.0254,-0.0107,0.0147,-0.0195,0.0020,0.0186,-0.0029,-0.0332,-0.0371,-0.0342,-0.0195,-0.0205
7.7450,-0.0247,-0.0106,0.0141,-0.0188,0.0020,0.0186,-0.0022,-0.0333,-0.0372,-0.0342,-0.0201,-0.0213
7.7475,-0.0241,-0.0112,0.0129,-0.0183,0.0015,0.0185,-0.0016,-0.0328,-0.0370,-0.0338,-0.0213,-0.0216
7.7500,-0.0247,-0.0119,0.0128,-0.0188,0.0008,0.0186,-0.0023,-0.0321,-0.0372,-0.0330,-0.0213,-0.0214
7.7525,-0.0254,-0.0117,0.0137,-0.0195,0.0010,0.0186,-0.0029,-0.0322,-0.0371,-0.0332,-0.0205,-0.0205
7.7550,-0.0254,-0.0116,0.0138,-0.0197,0.0011,0.0184,-0.0021,-0.0323,-0.0370,-0.0333,-0.0198,-0.0188
7.7575,-0.0254,-0.0122,0.0132,-0.0191,0.0005,0.0190,-0.0022,-0.0320,-0.0370,-0.0327,-0.0192,-0.0187
7.7600,-0.0253,-0.0128,0.0125,-0.0184,-0.0001,0.0197,-0.0032,-0.0325,-0.0355,-0.0320,-0.0198,-0.0198
7.7625,-0.0254,-0.0127,0.0127,-0.0186,-0.0000,0.0195,-0.0029,-0.0332,-0.0342,-0.0313,-0.0195,-0.0195
7.7650,-0.0255,-0.0120,0.0136,-0.0194,0.0007,0.0188,-0.0027,-0.0332,-0.0355,-0.0311,-0.0177,-0.0186
7.7675,-0.0248,-0.0115,0.0134,-0.0193,0.0012,0.0182,-0.0034,-0.0332,-0.0369,-0.0318,-0.0183,-0.0186
7.7700,-0.0244,-0.0120,0.0124,-0.0182,0.0007,0.0189,-0.0041,-0.0332,-0.0372,-0.0322,-0.0198,-0.0184
7.7725,-0.0244,-0.0127,0.0117,-0.0176,0.0000,0.0195,-0.0049,-0.0332,-0.0371,-0.0313,-0.0195,-0.0176
7.7750,-0.0231,-0.0120,0.0111,-0.0171,0.0001,0.0181,-0.0051,-0.0332,-0.0363,-0.0304,-0.0201,-0.0174
7.7775,-0.0216,-0.0117,0.0098,-0.0154,-0.0008,0.0171,-0.0042,-0.0331,-0.0360,-0.0301,-0.0208,-0.0181
7.7800,-0.0217,-0.0133,0.0084,-0.0146,-0.0024,0.0180,-0.0041,-0.0334,-0.0361,-0.0305,-0.0203,-0.0187
7.7825,-0.0225,-0.0137,0.0088,-0.0156,-0.0020,0.0186,-0.0049,-0.0342,-0.0362,-0.0313,-0.0205,-0.0195
7.7850,-0.0232,-0.0115,0.0118,-0.0171,0.0003,0.0179,-0.0049,-0.0336,-0.0369,-0.0314,-0.0219,-0.0216
7.7875,-0.0236,-0.0099,0.0137,-0.0184,0.0018,0.0170,-0.0050,-0.0324,-0.0372,-0.0312,-0.0239,-0.0241
7.7900,-0.0233,-0.0097,0.0136,-0.0185,0.0020,0.0164,-0.0046,-0.0325,-0.0370,-0.0331,-0.0260,-0.0258
7.7925,-0.0235,-0.0088,0.0147,-0.0186,0.0029,0.0166,-0.0039,-0.0342,-0.0371,-0.0362,-0.0264,-0.0264
7.7950,-0.0243,-0.0086,0.0158,-0.0195,0.0041,0.0175,-0.0052,-0.0359,-0.0371,-0.0367,-0.0248,-0.0259
7.7975,-0.0240,-0.0092,0.0149,-0.0190,0.0031,0.0173,-0.0065,-0.0359,-0.0374,-0.0346,-0.0242,-0.0237
7.8000,-0.0232,-0.0084,0.0148,-0.0186,0.0033,0.0163,-0.0052,-0.0348,-0.0384,-0.0327,-0.0242,-0.0204
7.8025,-0.0225,-0.0078,0.0147,-0.0186,0.0039,0.0156,-0.0039,-0.0342,-0.0381,-0.0322,-0.0215,-0.0186
7.8050,-0.0215,-0.0093,0.0122,-0.0169,0.0016,0.0155,-0.0039,-0.0342,-0.0365,-0.0317,-0.0180,-0.0192
7.8075,-0.0220,-0.0100,0.0120,-0.0169,0.0011,0.0161,-0.0035,-0.0338,-0.0356,-0.0301,-0.0179,-0.0198
7.8100,-0.0225,-0.0099,0.0126,-0.0176,0.0020,0.0168,-0.0028,-0.0329,-0.0349,-0.0291,-0.0187,-0.0193
7.8125,-0.0225,-0.0117,0.0107,-0.0166,0.0000,0.0176,-0.0029,-0.0322,-0.0352,-0.0293,-0.0186,-0.0186
7.8150,-0.0233,-0.0142,0.0092,-0.0159,-0.0025,0.0191,-0.0030,-0.0321,-0.0362,-0.0293,-0.0187,-0.0184
7.8175,-0.0231,-0.0150,0.0081,-0.0150,-0.0032,0.0199,-0.0028,-0.0327,-0.0355,-0.0296,-0.0178,-0.0192
7.8200,-0.0223,-0.0143,0.0080,-0.0148,-0.0026,0.0193,-0.0031,-0.0333,-0.0353,-0.0305,-0.0179,-0.0194
7.8225,-0.0225,-0.0137,0.0088,-0.0156,-0.0020,0.0186,-0.0039,-0.0332,-0.0362,-0.0303,-0.0195,-0.0186
7.8250,-0.0223,-0.0137,0.0086,-0.0155,-0.0021,0.0185,-0.0047,-0.0332,-0.0353,-0.0294,-0.0196,-0.0184
7.8275,-0.0231,-0.0133,0.0098,-0.0162,-0.0014,0.0187,-0.0052,-0.0332,-0.0355,-0.0296,-0.0199,-0.0190
7.8300,-0.0232,-0.0125,0.0107,-0.0164,-0.0011,0.0183,-0.0063,-0.0334,-0.0363,-0.0306,-0.0206,-0.0198
7.8325,-0.0215,-0.0127,0.0088,-0.0147,-0.0020,0.0176,-0.0068,-0.0342,-0.0362,-0.0313,-0.0205,-0.0205
7.8350,-0.0206,-0.0129,0.0077,-0.0137,-0.0021,0.0176,-0.0054,-0.0338,-0.0363,-0.0314,-0.0206,-0.0205
7.8375,-0.0203,-0.0120,0.0083,-0.0136,-0.0016,0.0170,-0.0044,-0.0316,-0.0352,-0.0305,-0.0199,-0.0208
7.8400,-0.0190,-0.0100,0.0090,-0.0137,-0.0005,0.0148,-0.0034,-0.0298,-0.0339,-0.0287,-0.0197,-0.0219
7.8425,-0.0166,-0.0078,0.0088,-0.0127,0.0010,0.0127,-0.0010,-0.0283,-0.0332,-0.0274,-0.0205,-0.0215
7.8450,-0.0147,-0.0057,0.0090,-0.0114,0.0023,0.0113,0.0013,-0.0248,-0.0305,-0.0260,-0.0186,-0.0186
7.8475,-0.0152,-0.0032,0.0120,-0.0134,0.0046,0.0096,0.0033,-0.0213,-0.0276,-0.0242,-0.0161,-0.0165
7.8500,-0.0154,-0.0016,0.0138,-0.0146,0.0061,0.0085,0.0056,-0.0205,-0.0274,-0.0233,-0.0156,-0.0168
7.8525,-0.0137,-0.0010,0.0127,-0.0127,0.0059,0.0078,0.0068,-0.0205,-0.0264,-0.0235,-0.0147,-0.0166
7.8550,-0.0134,-0.0002,0.0132,-0.0131,0.0065,0.0069,0.0069,-0.0191,-0.0238,-0.0229,-0.0136,-0.0156
7.8575,-0.0137,0.0001,0.0138,-0.0139,0.0072,0.0069,0.0065,-0.0179,-0.0237,-0.0217,-0.0146,-0.0165
7.8600,-0.0119,-0.0000,0.0119,-0.0119,0.0065,0.0066,0.0055,-0.0174,-0.0244,-0.0215,-0.0159,-0.0179
7.8625,-0.0107,-0.0000,0.0107,-0.0107,0.0059,0.0059,0.0049,-0.0166,-0.0225,-0.0215,-0.0156,-0.0176
7.8650,-0.0116,0.0005,0.0121,-0.0115,0.0064,0.0059,0.0056,-0.0152,-0.0201,-0.0208,-0.0137,-0.0158
7.8675,-0.0111,0.0022,0.0133,-0.0115,0.0077,0.0051,0.0060,-0.0130,-0.0185,-0.0194,-0.0105,-0.0119
7.8700,-0.0091,0.0029,0.0120,-0.0103,0.0075,0.0034,0.0059,-0.0095,-0.0171,-0.0164,-0.0082,-0.0092
7.8725,-0.0078,0.0020,0.0098,-0.0088,0.0059,0.0029,0.0068,-0.0068,-0.0156,-0.0127,-0.0068,-0.0088
7.8750,-0.0064,0.0012,0.0077,-0.0066,0.0043,0.0029,0.0079,-0.0065,-0.0134,-0.0103,-0.0051,-0.0074
7.8775,-0.0050,0.0004,0.0053,-0.0048,0.0032,0.0030,0.0069,-0.0080,-0.0123,-0.0088,-0.0051,-0.0063
7.8800,-0.0051,0.0000,0.0051,-0.0052,0.0030,0.0028,0.0036,-0.0108,-0.0149,-0.0093,-0.0060,-0.0072
7.8825,-0.0059,-0.0000,0.0059,-0.0059,0.0029,0.0029,0.0000,-0.0147,-0.0186,-0.0127,-0.0059,-0.0078
7.8850,-0.0065,-0.0009,0.0056,-0.0056,0.0027,0.0044,-0.0024,-0.0190,-0.0207,-0.0166,-0.0063,-0.0077
7.8875,-0.0078,-0.0008,0.0070,-0.0069,0.0037,0.0055,-0.0039,-0.0233,-0.0236,-0.0191,-0.0084,-0.0084
7.8900,-0.0090,-0.0014,0.0076,-0.0078,0.0035,0.0061,-0.0054,-0.0262,-0.0277,-0.0212,-0.0119,-0.0106
7.8925,-0.0088,-0.0029,0.0059,-0.0068,0.0020,0.0068,-0.0068,-0.0283,-0.0303,-0.0235,-0.0137,-0.0127
7.8950,-0.0086,-0.0029,0.0057,-0.0066,0.0019,0.0069,-0.0077,-0.0295,-0.0311,-0.0251,-0.0128,-0.0141
7.8975,-0.0093,-0.0034,0.0059,-0.0073,0.0015,0.0068,-0.0078,-0.0281,-0.0313,-0.0254,-0.0135,-0.0158
7.9000,-0.0099,-0.0040,0.0059,-0.0080,0.0009,0.0068,-0.0079,-0.0275,-0.0312,-0.0255,-0.0149,-0.0167
7.9025,-0.0098,-0.0039,0.0059,-0.0078,0.0010,0.0068,-0.0078,-0.0293,-0.0313,-0.0264,-0.0147,-0.0156
7.9050,-0.0096,-0.0047,0.0049,-0.0068,0.0001,0.0076,-0.0070,-0.0295,-0.0319,-0.0272,-0.0157,-0.0146
7.9075,-0.0100,-0.0049,0.0052,-0.0071,0.0002,0.0079,-0.0070,-0.0294,-0.0331,-0.0274,-0.0181,-0.0151
7.9100,-0.0094,-0.0052,0.0043,-0.0063,-0.0005,0.0078,-0.0082,-0.0309,-0.0349,-0.0275,-0.0184,-0.0159
7.9125,-0.0098,-0.0068,0.0029,-0.0059,-0.0020,0.0088,-0.0088,-0.0332,-0.0371,-0.0293,-0.0186,-0.0176
7.9150,-0.0133,-0.0076,0.0057,-0.0094,-0.0007,0.0109,-0.0088,-0.0350,-0.0382,-0.0318,-0.0201,-0.0200
7.9175,-0.0168,-0.0085,0.0083,-0.0125,0.0005,0.0133,-0.0089,-0.0350,-0.0371,-0.0326,-0.0210,-0.0210
7.9200,-0.0194,-0.0104,0.0091,-0.0143,-0.0003,0.0152,-0.0086,-0.0356,-0.0359,-0.0339,-0.0218,-0.0219
7.9225,-0.0215,-0.0117,0.0098,-0.0156,-0.0010,0.0166,-0.0078,-0.0371,-0.0362,-0.0362,-0.0225,-0.0235
7.9250,-0.0215,-0.0125,0.0090,-0.0148,-0.0017,0.0175,-0.0076,-0.0372,-0.0369,-0.0357,-0.0222,-0.0242
7.9275,-0.0221,-0.0131,0.0090,-0.0154,-0.0021,0.0177,-0.0084,-0.0371,-0.0372,-0.0345,-0.0239,-0.0251
7.9300,-0.0240,-0.0140,0.0100,-0.0169,-0.0019,0.0192,-0.0087,-0.0369,-0.0370,-0.0358,-0.0258,-0.0252
7.9325,-0.0244,-0.0147,0.0098,-0.0166,-0.0020,0.0205,-0.0078,-0.0362,-0.0371,-0.0381,-0.0254,-0.0244
7.9350,-0.0237,-0.0140,0.0097,-0.0166,-0.0021,0.0191,-0.0075,-0.0367,-0.0378,-0.0385,-0.0253,-0.0251
7.9375,-0.0228,-0.0130,0.0098,-0.0162,-0.0015,0.0181,-0.0088,-0.0375,-0.0386,-0.0371,-0.0251,-0.0256
7.9400,-0.0224,-0.0126,0.0098,-0.0155,-0.0008,0.0188,-0.0101,-0.0367,-0.0392,-0.0376,-0.0241,-0.0254
7.9425,-0.0225,-0.0127,0.0098,-0.0156,-0.0010,0.0186,-0.0098,-0.0362,-0.0391,-0.0391,-0.0244,-0.0254
7.9450,-0.0224,-0.0134,0.0091,-0.0157,-0.0017,0.0183,-0.0082,-0.0369,-0.0382,-0.0384,-0.0253,-0.0253
7.9475,-0.0226,-0.0143,0.0083,-0.0153,-0.0024,0.0192,-0.0075,-0.0373,-0.0383,-0.0382,-0.0252,-0.0260
7.9500,-0.0222,-0.0147,0.0075,-0.0142,-0.0033,0.0195,-0.0081,-0.0369,-0.0395,-0.0394,-0.0257,-0.0263
7.9525,-0.0215,-0.0147,0.0068,-0.0137,-0.0039,0.0186,-0.0088,-0.0362,-0.0401,-0.0401,-0.0264,-0.0254
7.9550,-0.0214,-0.0140,0.0074,-0.0145,-0.0033,0.0177,-0.0082,-0.0359,-0.0400,-0.0408,-0.0257,-0.0253
7.9575,-0.0214,-0.0130,0.0084,-0.0146,-0.0024,0.0175,-0.0072,-0.0365,-0.0399,-0.0409,-0.0249,-0.0253
7.9600,-0.0216,-0.0128,0.0089,-0.0149,-0.0018,0.0177,-0.0068,-0.0355,-0.0383,-0.0395,-0.0241,-0.0255
7.9625,-0.0225,-0.0137,0.0088,-0.0156,-0.0020,0.0186,-0.0068,-0.0332,-0.0362,-0.0381,-0.0235,-0.0254
7.9650,-0.0220,-0.0146,0.0074,-0.0143,-0.0034,0.0189,-0.0069,-0.0330,-0.0359,-0.0366,-0.0235,-0.0238
7.9675,-0.0203,-0.0144,0.0059,-0.0127,-0.0045,0.0174,-0.0069,-0.0339,-0.0364,-0.0353,-0.0228,-0.0235
7.9700,-0.0193,-0.0133,0.0060,-0.0127,-0.0034,0.0165,-0.0069,-0.0343,-0.0359,-0.0353,-0.0226,-0.0247
7.9725,-0.0186,-0.0127,0.0059,-0.0117,-0.0029,0.0166,-0.0068,-0.0342,-0.0352,-0.0362,-0.0235,-0.0244
7.9750,-0.0175,-0.0127,0.0048,-0.0105,-0.0039,0.0158,-0.0075,-0.0336,-0.0351,-0.0363,-0.0235,-0.0241
7.9775,-0.0186,-0.0129,0.0057,-0.0120,-0.0034,0.0162,-0.0082,-0.0326,-0.0359,-0.0361,-0.0238,-0.0255
7.9800,-0.0218,-0.0142,0.0076,-0.0146,-0.0029,0.0185,-0.0054,-0.0304,-0.0379,-0.0364,-0.0250,-0.0269
7.9825,-0.0274,-0.0147,0.0127,-0.0195,-0.0010,0.0215,-0.0000,-0.0274,-0.0391,-0.0381,-0.0283,-0.0303
7.9850,-0.0366,-0.0131,0.0235,-0.0295,0.0055,0.0258,0.0054,-0.0246,-0.0373,-0.0423,-0.0361,-0.0375
7.9875,-0.0474,-0.0127,0.0347,-0.0407,0.0114,0.0309,0.0156,-0.0200,-0.0339,-0.0484,-0.0457,-0.0451
7.9900,-0.0585,-0.0123,0.0462,-0.0518,0.0168,0.0358,0.0345,-0.0109,-0.0298,-0.0549,-0.0550,-0.0527
7.9925,-0.0684,-0.0088,0.0596,-0.0635,0.0254,0.0391,0.0577,0.0059,-0.0225,-0.0586,-0.0635,-0.0625
7.9950,-0.0744,-0.0050,0.0694,-0.0719,0.0327,0.0401,0.0813,0.0330,-0.0091,-0.0581,-0.0695,-0.0704
7.9975,-0.0758,-0.0019,0.0739,-0.0746,0.0364,0.0396,0.1047,0.0683,0.0111,-0.0528,-0.0709,-0.0712
8.0000,-0.0707,0.0030,0.0737,-0.0718,0.0389,0.0349,0.1278,0.1066,0.0362,-0.0394,-0.0657,-0.0663
8.0025,-0.0577,0.0117,0.0694,-0.0635,0.0410,0.0235,0.1466,0.1417,0.0645,-0.0156,-0.0498,-0.0547
8.0050,-0.0389,0.0250,0.0639,-0.0511,0.0445,0.0073,0.1551,0.1669,0.0930,0.0156,-0.0233,-0.0324
8.0075,-0.0134,0.0418,0.0552,-0.0336,0.0487,-0.0133,0.1473,0.1761,0.1174,0.0529,0.0112,0.0005
8.0100,0.0215,0.0596,0.0381,-0.0079,0.0494,-0.0396,0.1196,0.1631,0.1372,0.0962,0.0567,0.0423
8.0125,0.0655,0.0752,0.0098,0.0283,0.0430,-0.0694,0.0752,0.1280,0.1534,0.1456,0.1143,0.0928
8.0150,0.1161,0.0864,-0.0298,0.0736,0.0288,-0.1001,0.0197,0.0802,0.1661,0.2028,0.1779,0.1490
8.0175,0.1694,0.0929,-0.0765,0.1231,0.0085,-0.1308,-0.0442,0.0319,0.1789,0.2683,0.2422,0.2057
8.0200,0.2189,0.0969,-0.1220,0.1706,-0.0126,-0.1578,-0.1091,-0.0084,0.1957,0.3377,0.3026,0.2580
8.0225,0.2580,0.0987,-0.1593,0.2091,-0.0303,-0.1778,-0.1671,-0.0401,0.2150,0.4006,0.3498,0.3000
8.0250,0.2816,0.0960,-0.1856,0.2337,-0.0448,-0.1887,-0.2148,-0.0658,0.2283,0.4447,0.3761,0.3245
8.0275,0.2863,0.0877,-0.1986,0.2426,-0.0552,-0.1866,-0.2479,-0.0870,0.2260,0.4600,0.3752,0.3244
8.0300,0.2716,0.0737,-0.1978,0.2353,-0.0615,-0.1715,-0.2651,-0.1059,0.2028,0.4372,0.3420,0.2984
8.0325,0.2394,0.0518,-0.1876,0.2140,-0.0674,-0.1446,-0.2697,-0.1241,0.1563,0.3713,0.2795,0.2502
8.0350,0.1939,0.0228,-0.1711,0.1830,-0.0737,-0.1074,-0.2640,-0.1417,0.0894,0.2723,0.1999,0.1869
8.0375,0.1421,-0.0065,-0.1486,0.1456,-0.0770,-0.0671,-0.2491,-0.1590,0.0145,0.1614,0.1174,0.1194
8.0400,0.0928,-0.0310,-0.1238,0.1082,-0.0769,-0.0304,-0.2260,-0.1712,-0.0535,0.0582,0.0454,0.0598
8.0425,0.0518,-0.0489,-0.1006,0.0762,-0.0743,-0.0010,-0.1954,-0.1720,-0.1046,-0.0244,-0.0059,0.0156
8.0450,0.0225,-0.0577,-0.0803,0.0514,-0.0689,0.0177,-0.1610,-0.1607,-0.1316,-0.0777,-0.0324,-0.0108
8.0475,0.0055,-0.0583,-0.0638,0.0348,-0.0609,0.0267,-0.1277,-0.1384,-0.1337,-0.0975,-0.0377,-0.0204
8.0500,-0.0033,-0.0539,-0.0505,0.0242,-0.0516,0.0299,-0.0979,-0.1073,-0.1172,-0.0905,-0.0317,-0.0199
8.0525,-0.0068,-0.0459,-0.0391,0.0166,-0.0420,0.0274,-0.0704,-0.0743,-0.0919,-0.0723,-0.0235,-0.0176
8.0550,-0.0063,-0.0363,-0.0300,0.0118,-0.0331,0.0213,-0.0459,-0.0461,-0.0663,-0.0545,-0.0165,-0.0161
8.0575,-0.0059,-0.0277,-0.0218,0.0082,-0.0245,0.0172,-0.0276,-0.0243,-0.0454,-0.0390,-0.0125,-0.0148
8.0600,-0.0077,-0.0201,-0.0124,0.0029,-0.0157,0.0150,-0.0145,-0.0096,-0.0314,-0.0289,-0.0121,-0.0135
8.0625,-0.0088,-0.0147,-0.0059,-0.0010,-0.0098,0.0127,-0.0049,-0.0020,-0.0235,-0.0244,-0.0137,-0.0137
8.0650,-0.0082,-0.0130,-0.0047,-0.0012,-0.0088,0.0112,0.0009,0.0002,-0.0194,-0.0215,-0.0148,-0.0153
8.0675,-0.0075,-0.0117,-0.0042,-0.0015,-0.0080,0.0098,0.0037,-0.0010,-0.0176,-0.0197,-0.0142,-0.0159
8.0700,-0.0085,-0.0087,-0.0002,-0.0041,-0.0045,0.0087,0.0055,-0.0020,-0.0160,-0.0199,-0.0137,-0.0157
8.0725,-0.0117,-0.0068,0.0049,-0.0078,-0.0010,0.0098,0.0049,-0.0010,-0.0137,-0.0205,-0.0137,-0.0156
8.0750,-0.0145,-0.0075,0.0070,-0.0106,0.0002,0.0115,0.0037,0.0012,-0.0119,-0.0201,-0.0129,-0.0150
8.0775,-0.0142,-0.0079,0.0063,-0.0101,-0.0004,0.0115,0.0061,0.0037,-0.0117,-0.0183,-0.0126,-0.0143
8.0800,-0.0138,-0.0060,0.0078,-0.0102,0.0007,0.0104,0.0100,0.0053,-0.0114,-0.0175,-0.0128,-0.0150
8.0825,-0.0156,-0.0049,0.0107,-0.0127,0.0029,0.0107,0.0117,0.0059,-0.0098,-0.0186,-0.0137,-0.0156
8.0850,-0.0167,-0.0063,0.0104,-0.0131,0.0025,0.0125,0.0125,0.0066,-0.0086,-0.0187,-0.0153,-0.0155
8.0875,-0.0160,-0.0071,0.0089,-0.0119,0.0011,0.0123,0.0132,0.0073,-0.0095,-0.0183,-0.0156,-0.0162
8.0900,-0.0156,-0.0067,0.0089,-0.0118,0.0010,0.0116,0.0141,0.0083,-0.0094,-0.0187,-0.0159,-0.0166
8.0925,-0.0156,-0.0068,0.0088,-0.0117,0.0010,0.0117,0.0156,0.0098,-0.0078,-0.0186,-0.0176,-0.0166
8.0950,-0.0155,-0.0068,0.0087,-0.0116,0.0009,0.0116,0.0165,0.0112,-0.0077,-0.0182,-0.0185,-0.0173
8.0975,-0.0162,-0.0069,0.0093,-0.0122,0.0014,0.0123,0.0170,0.0129,-0.0073,-0.0195,-0.0187,-0.0177
8.1000,-0.0166,-0.0067,0.0099,-0.0128,0.0021,0.0125,0.0179,0.0138,-0.0050,-0.0190,-0.0183,-0.0176
8.1025,-0.0156,-0.0059,0.0098,-0.0127,0.0020,0.0107,0.0186,0.0137,-0.0029,-0.0166,-0.0166,-0.0176
8.1050,-0.0154,-0.0058,0.0096,-0.0125,0.0017,0.0104,0.0191,0.0144,-0.0021,-0.0164,-0.0150,-0.0157
8.1075,-0.0163,-0.0056,0.0106,-0.0132,0.0029,0.0115,0.0206,0.0150,-0.0015,-0.0162,-0.0142,-0.0130
8.1100,-0.0166,-0.0046,0.0120,-0.0137,0.0041,0.0116,0.0216,0.0162,-0.0007,-0.0137,-0.0133,-0.0130
8.1125,-0.0156,-0.0049,0.0107,-0.0127,0.0029,0.0107,0.0205,0.0186,-0.0000,-0.0117,-0.0117,-0.0137
8.1150,-0.0141,-0.0060,0.0081,-0.0111,0.0010,0.0100,0.0194,0.0196,0.0001,-0.0109,-0.0106,-0.0135
8.1175,-0.0133,-0.0046,0.0087,-0.0108,0.0021,0.0092,0.0204,0.0190,-0.0002,-0.0106,-0.0116,-0.0144
8.1200,-0.0139,-0.0023,0.0116,-0.0123,0.0046,0.0086,0.0219,0.0185,0.0002,-0.0108,-0.0131,-0.0143
8.1225,-0.0137,-0.0020,0.0117,-0.0127,0.0049,0.0078,0.0225,0.0195,0.0010,-0.0107,-0.0147,-0.0127
8.1250,-0.0121,-0.0021,0.0099,-0.0112,0.0039,0.0070,0.0225,0.0213,0.0010,-0.0106,-0.0165,-0.0132
8.1275,-0.0116,-0.0014,0.0102,-0.0105,0.0044,0.0068,0.0222,0.0211,0.0012,-0.0111,-0.0159,-0.0142
8.1300,-0.0117,-0.0008,0.0109,-0.0109,0.0050,0.0067,0.0212,0.0206,0.0024,-0.0102,-0.0142,-0.0149
8.1325,-0.0117,0.0000,0.0117,-0.0117,0.0059,0.0059,0.0215,0.0225,0.0029,-0.0088,-0.0137,-0.0147
8.1350,-0.0119,0.0004,0.0123,-0.0121,0.0064,0.0057,0.0238,0.0242,0.0027,-0.0089,-0.0124,-0.0123
8.1375,-0.0108,-0.0013,0.0095,-0.0101,0.0041,0.0060,0.0248,0.0246,0.0042,-0.0077,-0.0105,-0.0112
8.1400,-0.0095,-0.0017,0.0078,-0.0087,0.0031,0.0056,0.0242,0.0261,0.0065,-0.0050,-0.0096,-0.0102
8.1425,-0.0098,-0.0000,0.0098,-0.0098,0.0049,0.0049,0.0244,0.0283,0.0078,-0.0039,-0.0098,-0.0088
8.1450,-0.0099,0.0001,0.0100,-0.0100,0.0050,0.0048,0.0247,0.0292,0.0092,-0.0038,-0.0107,-0.0095
8.1475,-0.0094,0.0002,0.0096,-0.0092,0.0051,0.0051,0.0236,0.0295,0.0105,-0.0041,-0.0104,-0.0098
8.1500,-0.0083,0.0014,0.0097,-0.0085,0.0061,0.0046,0.0237,0.0308,0.0107,-0.0036,-0.0095,-0.0100
8.1525,-0.0068,0.0020,0.0088,-0.0078,0.0059,0.0029,0.0254,0.0322,0.0107,-0.0020,-0.0088,-0.0107
8.1550,-0.0060,0.0021,0.0080,-0.0072,0.0051,0.0019,0.0257,0.0329,0.0113,-0.0004,-0.0073,-0.0094
8.1575,-0.0057,0.0015,0.0072,-0.0061,0.0043,0.0025,0.0250,0.0339,0.0127,0.0006,-0.0065,-0.0078
8.1600,-0.0060,0.0008,0.0068,-0.0061,0.0039,0.0031,0.0260,0.0359,0.0140,0.0011,-0.0070,-0.0062
8.1625,-0.0068,-0.0000,0.0068,-0.0068,0.0039,0.0039,0.0283,0.0381,0.0147,0.0020,-0.0068,-0.0039
8.1650,-0.0070,-0.0009,0.0061,-0.0062,0.0032,0.0049,0.0288,0.0397,0.0160,0.0035,-0.0055,-0.0030
8.1675,-0.0063,-0.0006,0.0057,-0.0057,0.0027,0.0040,0.0272,0.0405,0.0178,0.0047,-0.0033,-0.0025
8.1700,-0.0056,0.0002,0.0058,-0.0058,0.0030,0.0027,0.0281,0.0414,0.0187,0.0067,-0.0015,-0.0017
8.1725,-0.0049,0.0000,0.0049,-0.0049,0.0029,0.0029,0.0313,0.0430,0.0186,0.0088,-0.0010,-0.0010
8.1750,-0.0047,-0.0001,0.0046,-0.0046,0.0029,0.0030,0.0317,0.0445,0.0197,0.0089,-0.0016,-0.0006
8.1775,-0.0055,0.0000,0.0055,-0.0056,0.0029,0.0028,0.0304,0.0458,0.0219,0.0091,-0.0026,-0.0022
8.1800,-0.0059,0.0002,0.0060,-0.0059,0.0031,0.0029,0.0305,0.0474,0.0225,0.0099,-0.0029,-0.0029
8.1825,-0.0059,0.0020,0.0078,-0.0068,0.0049,0.0020,0.0313,0.0489,0.0235,0.0098,-0.0029,-0.0020
8.1850,-0.0061,0.0039,0.0099,-0.0081,0.0069,0.0010,0.0320,0.0496,0.0260,0.0102,-0.0037,-0.0026
8.1875,-0.0047,0.0033,0.0079,-0.0060,0.0058,0.0012,0.0325,0.0504,0.0260,0.0118,-0.0040,-0.0031
8.1900,-0.0022,0.0032,0.0054,-0.0032,0.0048,0.0006,0.0319,0.0527,0.0255,0.0130,-0.0039,-0.0029
8.1925,-0.0010,0.0049,0.0059,-0.0029,0.0059,-0.0010,0.0313,0.0547,0.0274,0.0137,-0.0039,-0.0029
8.1950,0.0002,0.0051,0.0049,-0.0018,0.0054,-0.0017,0.0324,0.0552,0.0290,0.0150,-0.0026,-0.0017
8.1975,0.0024,0.0047,0.0023,0.0005,0.0040,-0.0025,0.0346,0.0574,0.0301,0.0168,-0.0009,0.0002
8.2000,0.0027,0.0050,0.0023,0.0007,0.0041,-0.0029,0.0350,0.0605,0.0319,0.0178,0.0004,0.0012
8.2025,0.0010,0.0049,0.0039,-0.0010,0.0049,-0.0020,0.0342,0.0625,0.0342,0.0195,0.0020,0.0020
8.2050,0.0006,0.0042,0.0036,-0.0014,0.0044,-0.0018,0.0346,0.0647,0.0366,0.0232,0.0034,0.0032
8.2075,0.0019,0.0033,0.0013,0.0004,0.0027,-0.0020,0.0364,0.0667,0.0376,0.0261,0.0052,0.0055
8.2100,0.0034,0.0031,-0.0003,0.0025,0.0019,-0.0020,0.0371,0.0695,0.0386,0.0280,0.0076,0.0072
8.2125,0.0049,0.0049,0.0000,0.0029,0.0029,-0.0039,0.0362,0.0733,0.0410,0.0303,0.0088,0.0078
8.2150,0.0070,0.0074,0.0004,0.0033,0.0039,-0.0071,0.0358,0.0750,0.0433,0.0319,0.0086,0.0085
8.2175,0.0095,0.0078,-0.0017,0.0058,0.0032,-0.0083,0.0372,0.0758,0.0451,0.0330,0.0100,0.0095
8.2200,0.0112,0.0064,-0.0048,0.0086,0.0014,-0.0076,0.0383,0.0781,0.0461,0.0348,0.0125,0.0116
8.2225,0.0127,0.0068,-0.0059,0.0098,0.0010,-0.0088,0.0381,0.0811,0.0469,0.0362,0.0137,0.0137
8.2250,0.0149,0.0092,-0.0056,0.0104,0.0019,-0.0119,0.0385,0.0840,0.0483,0.0366,0.0149,0.0132
8.2275,0.0167,0.0099,-0.0068,0.0116,0.0015,-0.0135,0.0406,0.0869,0.0497,0.0391,0.0172,0.0122
8.2300,0.0180,0.0098,-0.0082,0.0132,0.0009,-0.0137,0.0425,0.0897,0.0516,0.0434,0.0190,0.0132
8.2325,0.0195,0.0107,-0.0088,0.0147,0.0010,-0.0147,0.0430,0.0919,0.0547,0.0459,0.0195,0.0147
8.2350,0.0210,0.0109,-0.0101,0.0160,0.0003,-0.0155,0.0429,0.0938,0.0571,0.0470,0.0206,0.0166
8.2375,0.0227,0.0105,-0.0122,0.0180,-0.0004,-0.0158,0.0431,0.0970,0.0584,0.0504,0.0239,0.0197
8.2400,0.0253,0.0109,-0.0143,0.0202,-0.0013,-0.0173,0.0428,0.1009,0.0604,0.0552,0.0274,0.0222
8.2425,0.0274,0.0117,-0.0156,0.0215,-0.0020,-0.0195,0.0420,0.1036,0.0635,0.0586,0.0293,0.0244
8.2450,0.0293,0.0119,-0.0174,0.0233,-0.0023,-0.0203,0.0418,0.1043,0.0665,0.0608,0.0307,0.0268
8.2475,0.0327,0.0113,-0.0214,0.0271,-0.0047,-0.0215,0.0426,0.1054,0.0692,0.0632,0.0325,0.0278
8.2500,0.0362,0.0124,-0.0238,0.0299,-0.0058,-0.0245,0.0429,0.1087,0.0724,0.0667,0.0352,0.0290
8.2525,0.0391,0.0156,-0.0235,0.0313,-0.0039,-0.0274,0.0420,0.1124,0.0752,0.0704,0.0381,0.0332
8.2550,0.0420,0.0180,-0.0240,0.0335,-0.0030,-0.0296,0.0411,0.1134,0.0767,0.0737,0.0408,0.0367
8.2575,0.0445,0.0193,-0.0253,0.0352,-0.0028,-0.0314,0.0411,0.1132,0.0784,0.0786,0.0449,0.0375
8.2600,0.0466,0.0196,-0.0270,0.0368,-0.0033,-0.0326,0.0408,0.1152,0.0809,0.0834,0.0491,0.0406
8.2625,0.0489,0.0205,-0.0283,0.0391,-0.0039,-0.0342,0.0401,0.1192,0.0831,0.0860,0.0518,0.0459
8.2650,0.0516,0.0235,-0.0282,0.0405,-0.0024,-0.0370,0.0399,0.1218,0.0851,0.0886,0.0552,0.0485
8.2675,0.0549,0.0254,-0.0295,0.0424,-0.0020,-0.0400,0.0402,0.1223,0.0878,0.0927,0.0591,0.0498
8.2700,0.0573,0.0252,-0.0321,0.0447,-0.0034,-0.0413,0.0396,0.1236,0.0908,0.0971,0.0610,0.0530
8.2725,0.0596,0.0254,-0.0342,0.0469,-0.0039,-0.0420,0.0371,0.1251,0.0928,0.1006,0.0635,0.0567
8.2750,0.0627,0.0267,-0.0360,0.0494,-0.0040,-0.0441,0.0345,0.1243,0.0936,0.1028,0.0675,0.0592
8.2775,0.0642,0.0285,-0.0357,0.0499,-0.0034,-0.0462,0.0346,0.1238,0.0941,0.1052,0.0690,0.0597
8.2800,0.0648,0.0295,-0.0353,0.0501,-0.0029,-0.0471,0.0351,0.1241,0.0951,0.1086,0.0698,0.0597
8.2825,0.0664,0.0303,-0.0362,0.0518,-0.0029,-0.0479,0.0332,0.1241,0.0967,0.1114,0.0723,0.0616
8.2850,0.0679,0.0318,-0.0361,0.0526,-0.0022,-0.0493,0.0308,0.1247,0.0983,0.1128,0.0739,0.0651
8.2875,0.0697,0.0328,-0.0369,0.0535,-0.0018,-0.0508,0.0295,0.1250,0.0992,0.1149,0.0753,0.0686
8.2900,0.0719,0.0335,-0.0384,0.0552,-0.0020,-0.0522,0.0293,0.1233,0.0999,0.1184,0.0782,0.0709
8.2925,0.0723,0.0342,-0.0381,0.0557,-0.0020,-0.0528,0.0293,0.1212,0.1006,0.1212,0.0811,0.0723
8.2950,0.0720,0.0341,-0.0380,0.0556,-0.0021,-0.0526,0.0274,0.1191,0.1007,0.1227,0.0828,0.0731
8.2975,0.0730,0.0349,-0.0381,0.0559,-0.0013,-0.0533,0.0242,0.1159,0.1002,0.1235,0.0830,0.0736
8.3000,0.0730,0.0367,-0.0363,0.0552,0.0008,-0.0537,0.0218,0.1119,0.0991,0.1225,0.0831,0.0745
8.3025,0.0713,0.0381,-0.0332,0.0528,0.0029,-0.0537,0.0195,0.1075,0.0967,0.1202,0.0831,0.0743
8.3050,0.0704,0.0390,-0.0315,0.0509,0.0039,-0.0546,0.0165,0.1023,0.0931,0.1186,0.0809,0.0721
8.3075,0.0698,0.0392,-0.0305,0.0505,0.0042,-0.0543,0.0144,0.0972,0.0896,0.1173,0.0789,0.0699
8.3100,0.0673,0.0408,-0.0265,0.0473,0.0073,-0.0535,0.0133,0.0920,0.0871,0.1156,0.0777,0.0675
8.3125,0.0635,0.0430,-0.0205,0.0420,0.0117,-0.0528,0.0117,0.0870,0.0840,0.1134,0.0752,0.0655
8.3150,0.0597,0.0425,-0.0172,0.0388,0.0128,-0.0505,0.0101,0.0826,0.0801,0.1098,0.0716,0.0642
8.3175,0.0567,0.0413,-0.0154,0.0364,0.0128,-0.0489,0.0093,0.0777,0.0778,0.1055,0.0678,0.0612
8.3200,0.0534,0.0407,-0.0127,0.0331,0.0141,-0.0470,0.0084,0.0724,0.0749,0.1009,0.0643,0.0575
8.3225,0.0489,0.0381,-0.0107,0.0303,0.0137,-0.0430,0.0068,0.0664,0.0694,0.0948,0.0616,0.0547
8.3250,0.0431,0.0342,-0.0089,0.0262,0.0126,-0.0385,0.0058,0.0596,0.0641,0.0872,0.0582,0.0504
8.3275,0.0370,0.0319,-0.0051,0.0209,0.0137,-0.0344,0.0061,0.0545,0.0593,0.0810,0.0529,0.0458
8.3300,0.0332,0.0309,-0.0023,0.0179,0.0148,-0.0314,0.0054,0.0501,0.0538,0.0749,0.0469,0.0414
8.3325,0.0303,0.0293,-0.0010,0.0156,0.0147,-0.0293,0.0039,0.0440,0.0489,0.0674,0.0420,0.0371
8.3350,0.0246,0.0278,0.0031,0.0106,0.0160,-0.0258,0.0039,0.0378,0.0445,0.0599,0.0376,0.0336
8.3375,0.0186,0.0263,0.0077,0.0058,0.0173,-0.0218,0.0035,0.0332,0.0397,0.0534,0.0330,0.0286
8.3400,0.0142,0.0232,0.0090,0.0030,0.0160,-0.0184,0.0027,0.0287,0.0342,0.0480,0.0271,0.0226
8.3425,0.0098,0.0195,0.0098,0.0000,0.0147,-0.0147,0.0020,0.0244,0.0283,0.0420,0.0205,0.0195
8.3450,0.0058,0.0173,0.0115,-0.0025,0.0148,-0.0108,0.0004,0.0202,0.0230,0.0345,0.0158,0.0171
8.3475,0.0037,0.0148,0.0111,-0.0032,0.0136,-0.0081,-0.0003,0.0152,0.0187,0.0285,0.0126,0.0121
8.3500,0.0024,0.0118,0.0093,-0.0030,0.0109,-0.0063,0.0001,0.0119,0.0139,0.0236,0.0097,0.0075
8.3525,-0.0000,0.0107,0.0107,-0.0049,0.0107,-0.0049,0.0000,0.0098,0.0088,0.0176,0.0059,0.0049
8.3550,-0.0031,0.0115,0.0147,-0.0088,0.0131,-0.0041,-0.0000,0.0048,0.0056,0.0128,0.0013,0.0019
8.3575,-0.0050,0.0113,0.0163,-0.0107,0.0137,-0.0033,0.0000,0.0000,0.0035,0.0098,-0.0022,-0.0006
8.3600,-0.0063,0.0087,0.0150,-0.0106,0.0120,-0.0010,-0.0000,-0.0011,0.0011,0.0066,-0.0047,-0.0027
8.3625,-0.0068,0.0059,0.0127,-0.0098,0.0098,0.0010,-0.0000,-0.0020,-0.0020,0.0029,-0.0059,-0.0049
8.3650,-0.0060,0.0043,0.0103,-0.0082,0.0075,0.0010,-0.0000,-0.0048,-0.0051,0.0004,-0.0063,-0.0058
8.3675,-0.0065,0.0029,0.0094,-0.0080,0.0060,0.0017,0.0001,-0.0076,-0.0069,-0.0010,-0.0085,-0.0061
8.3700,-0.0084,0.0015,0.0099,-0.0091,0.0058,0.0036,-0.0001,-0.0093,-0.0086,-0.0043,-0.0099,-0.0074
8.3725,-0.0088,-0.0000,0.0088,-0.0088,0.0049,0.0049,0.0000,-0.0107,-0.0117,-0.0078,-0.0088,-0.0088
8.3750,-0.0098,-0.0017,0.0081,-0.0090,0.0038,0.0063,0.0002,-0.0116,-0.0142,-0.0087,-0.0092,-0.0101
8.3775,-0.0127,-0.0019,0.0107,-0.0117,0.0046,0.0076,-0.0006,-0.0118,-0.0155,-0.0098,-0.0111,-0.0124
8.3800,-0.0137,-0.0022,0.0115,-0.0126,0.0046,0.0079,-0.0009,-0.0117,-0.0173,-0.0126,-0.0137,-0.0139
8.3825,-0.0137,-0.0039,0.0098,-0.0117,0.0029,0.0088,-0.0000,-0.0117,-0.0186,-0.0137,-0.0166,-0.0137
8.3850,-0.0152,-0.0048,0.0104,-0.0124,0.0028,0.0104,0.0002,-0.0118,-0.0186,-0.0141,-0.0165,-0.0142
8.3875,-0.0155,-0.0049,0.0106,-0.0125,0.0030,0.0109,-0.0002,-0.0116,-0.0186,-0.0160,-0.0139,-0.0156
8.3900,-0.0144,-0.0050,0.0094,-0.0115,0.0028,0.0107,0.0002,-0.0119,-0.0186,-0.0166,-0.0142,-0.0170
8.3925,-0.0147,-0.0059,0.0088,-0.0117,0.0020,0.0107,-0.0000,-0.0127,-0.0195,-0.0166,-0.0166,-0.0166
8.3950,-0.0154,-0.0075,0.0079,-0.0118,0.0002,0.0113,-0.0009,-0.0135,-0.0219,-0.0188,-0.0169,-0.0154
8.3975,-0.0161,-0.0076,0.0085,-0.0118,0.0006,0.0125,-0.0009,-0.0139,-0.0228,-0.0200,-0.0162,-0.0170
8.4000,-0.0169,-0.0065,0.0104,-0.0133,0.0026,0.0126,-0.0011,-0.0134,-0.0223,-0.0193,-0.0171,-0.0190
8.4025,-0.0186,-0.0059,0.0127,-0.0156,0.0039,0.0127,-0.0010,-0.0127,-0.0225,-0.0195,-0.0195,-0.0195
8.4050,-0.0204,-0.0052,0.0152,-0.0174,0.0055,0.0137,-0.0007,-0.0132,-0.0226,-0.0203,-0.0209,-0.0211
8.4075,-0.0198,-0.0043,0.0155,-0.0174,0.0061,0.0128,-0.0022,-0.0147,-0.0220,-0.0207,-0.0189,-0.0211
8.4100,-0.0180,-0.0039,0.0142,-0.0160,0.0056,0.0115,-0.0027,-0.0159,-0.0213,-0.0203,-0.0174,-0.0188
8.4125,-0.0166,-0.0049,0.0117,-0.0137,0.0039,0.0117,-0.0010,-0.0156,-0.0215,-0.0195,-0.0176,-0.0176
8.4150,-0.0149,-0.0072,0.0077,-0.0112,0.0008,0.0117,-0.0008,-0.0146,-0.0229,-0.0201,-0.0168,-0.0175
8.4175,-0.0148,-0.0085,0.0063,-0.0104,-0.0009,0.0120,-0.0012,-0.0152,-0.0242,-0.0212,-0.0168,-0.0177
8.4200,-0.0160,-0.0090,0.0070,-0.0110,-0.0009,0.0130,-0.0009,-0.0155,-0.0243,-0.0215,-0.0179,-0.0172
8.4225,-0.0166,-0.0098,0.0068,-0.0117,-0.0010,0.0137,-0.0010,-0.0147,-0.0235,-0.0215,-0.0186,-0.0156
8.4250,-0.0168,-0.0105,0.0063,-0.0112,-0.0015,0.0145,-0.0009,-0.0153,-0.0225,-0.0221,-0.0187,-0.0152
8.4275,-0.0160,-0.0111,0.0049,-0.0097,-0.0029,0.0144,-0.0014,-0.0159,-0.0228,-0.0231,-0.0179,-0.0168
8.4300,-0.0158,-0.0102,0.0056,-0.0104,-0.0023,0.0133,-0.0021,-0.0155,-0.0238,-0.0235,-0.0178,-0.0177
8.4325,-0.0176,-0.0078,0.0098,-0.0137,0.0010,0.0127,-0.0020,-0.0156,-0.0244,-0.0235,-0.0195,-0.0176
8.4350,-0.0180,-0.0061,0.0119,-0.0150,0.0029,0.0121,-0.0012,-0.0164,-0.0251,-0.0240,-0.0206,-0.0182
8.4375,-0.0163,-0.0056,0.0107,-0.0135,0.0025,0.0109,-0.0008,-0.0171,-0.0257,-0.0251,-0.0200,-0.0192
8.4400,-0.0157,-0.0061,0.0095,-0.0125,0.0018,0.0111,-0.0012,-0.0177,-0.0250,-0.0253,-0.0195,-0.0196
8.4425,-0.0166,-0.0068,0.0098,-0.0127,0.0020,0.0127,-0.0020,-0.0176,-0.0244,-0.0254,-0.0205,-0.0195
8.4450,-0.0168,-0.0068,0.0100,-0.0128,0.0021,0.0129,-0.0020,-0.0174,-0.0252,-0.0262,-0.0216,-0.0195
8.4475,-0.0163,-0.0073,0.0090,-0.0126,0.0013,0.0124,-0.0019,-0.0182,-0.0254,-0.0264,-0.0207,-0.0195
8.4500,-0.0169,-0.0078,0.0091,-0.0128,0.0011,0.0129,-0.0019,-0.0184,-0.0255,-0.0264,-0.0208,-0.0196
8.4525,-0.0176,-0.0068,0.0107,-0.0137,0.0020,0.0127,-0.0020,-0.0176,-0.0254,-0.0264,-0.0225,-0.0205
8.4550,-0.0176,-0.0060,0.0116,-0.0145,0.0027,0.0118,-0.0026,-0.0175,-0.0244,-0.0255,-0.0226,-0.0214
8.4575,-0.0176,-0.0054,0.0122,-0.0147,0.0035,0.0119,-0.0032,-0.0175,-0.0253,-0.0258,-0.0222,-0.0212
8.4600,-0.0175,-0.0046,0.0129,-0.0147,0.0041,0.0114,-0.0027,-0.0178,-0.0265,-0.0264,-0.0208,-0.0201
8.4625,-0.0176,-0.0039,0.0137,-0.0156,0.0049,0.0107,-0.0020,-0.0186,-0.0254,-0.0254,-0.0186,-0.0186
8.4650,-0.0183,-0.0043,0.0140,-0.0159,0.0053,0.0121,-0.0019,-0.0180,-0.0252,-0.0245,-0.0183,-0.0174
8.4675,-0.0189,-0.0062,0.0127,-0.0151,0.0035,0.0135,-0.0020,-0.0172,-0.0259,-0.0244,-0.0191,-0.0185
8.4700,-0.0199,-0.0067,0.0132,-0.0162,0.0033,0.0137,-0.0019,-0.0179,-0.0267,-0.0244,-0.0197,-0.0198
8.4725,-0.0205,-0.0059,0.0147,-0.0176,0.0049,0.0137,-0.0020,-0.0186,-0.0274,-0.0244,-0.0195,-0.0195
8.4750,-0.0185,-0.0059,0.0127,-0.0156,0.0036,0.0124,-0.0020,-0.0185,-0.0267,-0.0251,-0.0187,-0.0189
8.4775,-0.0161,-0.0056,0.0105,-0.0133,0.0023,0.0108,-0.0019,-0.0192,-0.0264,-0.0260,-0.0189,-0.0178
8.4800,-0.0156,-0.0063,0.0093,-0.0125,0.0015,0.0110,-0.0020,-0.0211,-0.0280,-0.0264,-0.0197,-0.0178
8.4825,-0.0156,-0.0078,0.0078,-0.0117,0.0000,0.0117,-0.0020,-0.0215,-0.0293,-0.0264,-0.0195,-0.0186
8.4850,-0.0154,-0.0072,0.0083,-0.0115,0.0005,0.0117,-0.0019,-0.0199,-0.0293,-0.0270,-0.0193,-0.0172
8.4875,-0.0165,-0.0067,0.0098,-0.0125,0.0016,0.0122,-0.0021,-0.0196,-0.0293,-0.0280,-0.0201,-0.0160
8.4900,-0.0180,-0.0068,0.0112,-0.0142,0.0023,0.0128,-0.0018,-0.0211,-0.0293,-0.0283,-0.0206,-0.0171
8.4925,-0.0186,-0.0059,0.0127,-0.0156,0.0039,0.0127,-0.0020,-0.0225,-0.0293,-0.0283,-0.0205,-0.0176
8.4950,-0.0198,-0.0057,0.0141,-0.0170,0.0047,0.0133,-0.0028,-0.0227,-0.0294,-0.0290,-0.0205,-0.0168
8.4975,-0.0219,-0.0060,0.0159,-0.0189,0.0054,0.0144,-0.0026,-0.0218,-0.0291,-0.0296,-0.0208,-0.0168
8.5000,-0.0222,-0.0058,0.0165,-0.0194,0.0059,0.0145,-0.0018,-0.0215,-0.0296,-0.0290,-0.0220,-0.0180
8.5025,-0.0205,-0.0059,0.0147,-0.0176,0.0049,0.0137,-0.0020,-0.0215,-0.0303,-0.0283,-0.0235,-0.0186
8.5050,-0.0195,-0.0060,0.0135,-0.0165,0.0039,0.0128,-0.0021,-0.0212,-0.0296,-0.0289,-0.0230,-0.0179
8.5075,-0.0197,-0.0054,0.0143,-0.0168,0.0043,0.0126,-0.0018,-0.0225,-0.0290,-0.0299,-0.0212,-0.0169
8.5100,-0.0193,-0.0047,0.0146,-0.0163,0.0050,0.0127,-0.0021,-0.0235,-0.0296,-0.0303,-0.0204,-0.0165
8.5125,-0.0186,-0.0049,0.0137,-0.0156,0.0049,0.0127,-0.0029,-0.0225,-0.0303,-0.0303,-0.0205,-0.0166
8.5150,-0.0185,-0.0056,0.0129,-0.0157,0.0042,0.0127,-0.0037,-0.0222,-0.0304,-0.0296,-0.0205,-0.0166
8.5175,-0.0185,-0.0064,0.0122,-0.0152,0.0033,0.0130,-0.0038,-0.0233,-0.0301,-0.0289,-0.0204,-0.0166
8.5200,-0.0186,-0.0070,0.0116,-0.0145,0.0028,0.0140,-0.0024,-0.0250,-0.0306,-0.0300,-0.0206,-0.0165
8.5225,-0.0186,-0.0068,0.0117,-0.0147,0.0029,0.0137,-0.0020,-0.0264,-0.0322,-0.0332,-0.0215,-0.0166
8.5250,-0.0178,-0.0060,0.0118,-0.0148,0.0030,0.0120,-0.0035,-0.0264,-0.0338,-0.0352,-0.0218,-0.0173
8.5275,-0.0175,-0.0061,0.0113,-0.0141,0.0025,0.0119,-0.0041,-0.0267,-0.0345,-0.0345,-0.0207,-0.0178
8.5300,-0.0177,-0.0071,0.0106,-0.0136,0.0018,0.0130,-0.0039,-0.0276,-0.0339,-0.0344,-0.0209,-0.0174
8.5325,-0.0186,-0.0068,0.0117,-0.0147,0.0029,0.0137,-0.0039,-0.0274,-0.0332,-0.0352,-0.0225,-0.0176
8.5350,-0.0201,-0.0053,0.0148,-0.0169,0.0053,0.0139,-0.0030,-0.0265,-0.0338,-0.0345,-0.0220,-0.0184
8.5375,-0.0209,-0.0042,0.0167,-0.0186,0.0065,0.0130,-0.0033,-0.0262,-0.0348,-0.0343,-0.0206,-0.0186
8.5400,-0.0220,-0.0039,0.0181,-0.0200,0.0070,0.0129,-0.0039,-0.0266,-0.0352,-0.0355,-0.0207,-0.0186
8.5425,-0.0235,-0.0049,0.0186,-0.0205,0.0068,0.0147,-0.0029,-0.0283,-0.0352,-0.0352,-0.0215,-0.0186
8.5450,-0.0223,-0.0065,0.0158,-0.0185,0.0046,0.0150,-0.0027,-0.0307,-0.0351,-0.0346,-0.0222,-0.0184
8.5475,-0.0201,-0.0069,0.0132,-0.0162,0.0031,0.0139,-0.0035,-0.0316,-0.0356,-0.0372,-0.0230,-0.0191
8.5500,-0.0195,-0.0070,0.0125,-0.0156,0.0028,0.0137,-0.0041,-0.0309,-0.0363,-0.0395,-0.0235,-0.0195
8.5525,-0.0195,-0.0078,0.0117,-0.0156,0.0020,0.0137,-0.0049,-0.0303,-0.0362,-0.0391,-0.0235,-0.0195
8.5550,-0.0195,-0.0080,0.0115,-0.0156,0.0017,0.0135,-0.0056,-0.0308,-0.0353,-0.0383,-0.0229,-0.0198
8.5575,-0.0194,-0.0074,0.0120,-0.0154,0.0026,0.0140,-0.0061,-0.0321,-0.0351,-0.0375,-0.0211,-0.0181
8.5600,-0.0179,-0.0065,0.0114,-0.0142,0.0029,0.0132,-0.0055,-0.0320,-0.0351,-0.0372,-0.0189,-0.0161
8.5625,-0.0166,-0.0059,0.0107,-0.0137,0.0029,0.0117,-0.0039,-0.0313,-0.0352,-0.0381,-0.0186,-0.0156
8.5650,-0.0178,-0.0070,0.0109,-0.0145,0.0025,0.0128,-0.0036,-0.0319,-0.0359,-0.0383,-0.0193,-0.0148
8.5675,-0.0196,-0.0096,0.0099,-0.0143,0.0003,0.0151,-0.0047,-0.0325,-0.0364,-0.0375,-0.0200,-0.0149
8.5700,-0.0192,-0.0108,0.0084,-0.0135,-0.0011,0.0155,-0.0047,-0.0320,-0.0359,-0.0370,-0.0208,-0.0159
8.5725,-0.0186,-0.0098,0.0088,-0.0137,-0.0000,0.0147,-0.0039,-0.0313,-0.0352,-0.0381,-0.0215,-0.0166
8.5750,-0.0192,-0.0088,0.0104,-0.0144,0.0009,0.0145,-0.0045,-0.0305,-0.0350,-0.0405,-0.0221,-0.0175
8.5775,-0.0200,-0.0092,0.0108,-0.0152,0.0011,0.0151,-0.0053,-0.0302,-0.0357,-0.0410,-0.0234,-0.0172
8.5800,-0.0208,-0.0099,0.0109,-0.0158,0.0009,0.0158,-0.0045,-0.0321,-0.0362,-0.0396,-0.0248,-0.0165
8.5825,-0.0215,-0.0088,0.0127,-0.0166,0.0020,0.0156,-0.0039,-0.0342,-0.0362,-0.0401,-0.0254,-0.0176
8.5850,-0.0209,-0.0075,0.0134,-0.0170,0.0033,0.0148,-0.0053,-0.0343,-0.0361,-0.0423,-0.0255,-0.0185
8.5875,-0.0198,-0.0093,0.0105,-0.0151,0.0009,0.0149,-0.0064,-0.0340,-0.0361,-0.0434,-0.0248,-0.0185
8.5900,-0.0196,-0.0110,0.0086,-0.0134,-0.0012,0.0160,-0.0053,-0.0343,-0.0363,-0.0427,-0.0243,-0.0186
8.5925,-0.0205,-0.0107,0.0098,-0.0147,-0.0000,0.0166,-0.0039,-0.0352,-0.0371,-0.0430,-0.0244,-0.0186
8.5950,-0.0214,-0.0113,0.0101,-0.0157,-0.0004,0.0166,-0.0045,-0.0362,-0.0373,-0.0446,-0.0243,-0.0184
8.5975,-0.0214,-0.0118,0.0095,-0.0153,-0.0013,0.0166,-0.0052,-0.0352,-0.0364,-0.0447,-0.0249,-0.0188
8.6000,-0.0217,-0.0100,0.0117,-0.0161,0.0010,0.0166,-0.0047,-0.0340,-0.0362,-0.0436,-0.0255,-0.0181
8.6025,-0.0225,-0.0088,0.0137,-0.0176,0.0029,0.0166,-0.0049,-0.0352,-0.0371,-0.0430,-0.0254,-0.0166
8.6050,-0.0224,-0.0095,0.0129,-0.0176,0.0023,0.0166,-0.0057,-0.0356,-0.0373,-0.0422,-0.0248,-0.0172
8.6075,-0.0229,-0.0099,0.0130,-0.0179,0.0018,0.0166,-0.0058,-0.0342,-0.0365,-0.0415,-0.0233,-0.0177
8.6100,-0.0235,-0.0097,0.0138,-0.0187,0.0020,0.0166,-0.0061,-0.0346,-0.0361,-0.0407,-0.0223,-0.0158
8.6125,-0.0225,-0.0098,0.0127,-0.0176,0.0020,0.0166,-0.0078,-0.0362,-0.0362,-0.0401,-0.0225,-0.0147
8.6150,-0.0209,-0.0102,0.0107,-0.0153,0.0008,0.0166,-0.0090,-0.0356,-0.0361,-0.0412,-0.0223,-0.0154
8.6175,-0.0199,-0.0123,0.0076,-0.0135,-0.0021,0.0166,-0.0075,-0.0344,-0.0365,-0.0435,-0.0233,-0.0159
8.6200,-0.0194,-0.0139,0.0055,-0.0124,-0.0043,0.0166,-0.0053,-0.0343,-0.0374,-0.0454,-0.0248,-0.0172
8.6225,-0.0195,-0.0127,0.0068,-0.0127,-0.0029,0.0166,-0.0049,-0.0352,-0.0381,-0.0459,-0.0244,-0.0186
8.6250,-0.0203,-0.0117,0.0086,-0.0143,-0.0011,0.0165,-0.0057,-0.0367,-0.0383,-0.0451,-0.0235,-0.0172
8.6275,-0.0207,-0.0122,0.0085,-0.0146,-0.0013,0.0170,-0.0060,-0.0375,-0.0374,-0.0449,-0.0236,-0.0161
8.6300,-0.0203,-0.0129,0.0075,-0.0132,-0.0021,0.0178,-0.0058,-0.0368,-0.0372,-0.0448,-0.0231,-0.0169
8.6325,-0.0205,-0.0127,0.0078,-0.0137,-0.0020,0.0176,-0.0059,-0.0362,-0.0381,-0.0440,-0.0215,-0.0166
8.6350,-0.0214,-0.0119,0.0095,-0.0155,-0.0012,0.0166,-0.0066,-0.0362,-0.0382,-0.0431,-0.0218,-0.0156
8.6375,-0.0211,-0.0113,0.0098,-0.0151,-0.0005,0.0168,-0.0073,-0.0359,-0.0379,-0.0430,-0.0239,-0.0161
8.6400,-0.0203,-0.0104,0.0099,-0.0147,0.0002,0.0162,-0.0080,-0.0364,-0.0382,-0.0447,-0.0243,-0.0167
8.6425,-0.0195,-0.0098,0.0098,-0.0147,0.0000,0.0147,-0.0078,-0.0371,-0.0381,-0.0469,-0.0244,-0.0166
8.6450,-0.0180,-0.0099,0.0080,-0.0130,-0.0010,0.0139,-0.0069,-0.0364,-0.0380,-0.0470,-0.0267,-0.0179
8.6475,-0.0178,-0.0088,0.0090,-0.0134,0.0000,0.0132,-0.0072,-0.0363,-0.0383,-0.0470,-0.0280,-0.0195
8.6500,-0.0206,-0.0076,0.0130,-0.0167,0.0028,0.0143,-0.0079,-0.0374,-0.0378,-0.0484,-0.0286,-0.0193
8.6525,-0.0225,-0.0088,0.0137,-0.0176,0.0029,0.0166,-0.0078,-0.0371,-0.0371,-0.0489,-0.0293,-0.0186
8.6550,-0.0218,-0.0111,0.0106,-0.0161,-0.0001,0.0167,-0.0078,-0.0355,-0.0377,-0.0474,-0.0281,-0.0192
8.6575,-0.0213,-0.0125,0.0089,-0.0150,-0.0019,0.0169,-0.0078,-0.0349,-0.0384,-0.0461,-0.0261,-0.0199
8.6600,-0.0215,-0.0127,0.0088,-0.0145,-0.0019,0.0178,-0.0079,-0.0353,-0.0377,-0.0459,-0.0252,-0.0190
8.6625,-0.0215,-0.0127,0.0088,-0.0147,-0.0020,0.0176,-0.0078,-0.0352,-0.0362,-0.0459,-0.0244,-0.0166
8.6650,-0.0216,-0.0133,0.0083,-0.0150,-0.0026,0.0175,-0.0070,-0.0348,-0.0358,-0.0459,-0.0236,-0.0147
8.6675,-0.0206,-0.0143,0.0063,-0.0133,-0.0039,0.0177,-0.0071,-0.0363,-0.0373,-0.0459,-0.0230,-0.0151
8.6700,-0.0192,-0.0147,0.0045,-0.0113,-0.0052,0.0175,-0.0080,-0.0371,-0.0382,-0.0459,-0.0221,-0.0155
8.6725,-0.0195,-0.0147,0.0049,-0.0117,-0.0049,0.0176,-0.0078,-0.0362,-0.0381,-0.0459,-0.0215,-0.0137
8.6750,-0.0198,-0.0140,0.0058,-0.0127,-0.0041,0.0170,-0.0071,-0.0353,-0.0382,-0.0465,-0.0215,-0.0124
8.6775,-0.0191,-0.0133,0.0058,-0.0126,-0.0038,0.0161,-0.0064,-0.0349,-0.0375,-0.0476,-0.0214,-0.0141
8.6800,-0.0200,-0.0141,0.0059,-0.0129,-0.0041,0.0172,-0.0057,-0.0355,-0.0371,-0.0477,-0.0217,-0.0160
8.6825,-0.0215,-0.0156,0.0059,-0.0137,-0.0049,0.0186,-0.0059,-0.0362,-0.0371,-0.0469,-0.0225,-0.0156
8.6850,-0.0215,-0.0158,0.0057,-0.0137,-0.0051,0.0185,-0.0067,-0.0353,-0.0363,-0.0467,-0.0226,-0.0153
8.6875,-0.0218,-0.0152,0.0067,-0.0139,-0.0039,0.0192,-0.0066,-0.0356,-0.0365,-0.0473,-0.0226,-0.0166
8.6900,-0.0226,-0.0143,0.0082,-0.0150,-0.0026,0.0193,-0.0055,-0.0361,-0.0372,-0.0482,-0.0240,-0.0179
8.6925,-0.0215,-0.0137,0.0078,-0.0147,-0.0029,0.0176,-0.0059,-0.0352,-0.0362,-0.0489,-0.0254,-0.0186
8.6950,-0.0199,-0.0137,0.0062,-0.0131,-0.0038,0.0167,-0.0074,-0.0350,-0.0357,-0.0488,-0.0254,-0.0187
8.6975,-0.0188,-0.0130,0.0057,-0.0123,-0.0037,0.0159,-0.0080,-0.0356,-0.0372,-0.0492,-0.0257,-0.0179
8.7000,-0.0169,-0.0110,0.0059,-0.0114,-0.0025,0.0141,-0.0078,-0.0365,-0.0383,-0.0500,-0.0266,-0.0177
8.7025,-0.0166,-0.0098,0.0068,-0.0117,-0.0010,0.0137,-0.0078,-0.0381,-0.0381,-0.0498,-0.0264,-0.0186
8.7050,-0.0196,-0.0098,0.0098,-0.0148,0.0005,0.0151,-0.0072,-0.0384,-0.0380,-0.0490,-0.0256,-0.0181
8.7075,-0.0212,-0.0094,0.0118,-0.0162,0.0017,0.0161,-0.0064,-0.0371,-0.0382,-0.0488,-0.0250,-0.0168
8.7100,-0.0201,-0.0087,0.0114,-0.0154,0.0019,0.0153,-0.0074,-0.0357,-0.0380,-0.0489,-0.0240,-0.0167
8.7125,-0.0205,-0.0098,0.0107,-0.0156,0.0010,0.0156,-0.0088,-0.0352,-0.0381,-0.0498,-0.0235,-0.0166
8.7150,-0.0223,-0.0121,0.0102,-0.0158,-0.0004,0.0181,-0.0083,-0.0357,-0.0383,-0.0508,-0.0235,-0.0164
8.7175,-0.0221,-0.0134,0.0087,-0.0150,-0.0022,0.0183,-0.0070,-0.0366,-0.0372,-0.0502,-0.0232,-0.0173
8.7200,-0.0214,-0.0138,0.0077,-0.0147,-0.0030,0.0175,-0.0069,-0.0355,-0.0358,-0.0499,-0.0239,-0.0175
8.7225,-0.0225,-0.0137,0.0088,-0.0156,-0.0020,0.0186,-0.0068,-0.0342,-0.0362,-0.0508,-0.0254,-0.0166
8.7250,-0.0229,-0.0123,0.0106,-0.0167,-0.0003,0.0183,-0.0061,-0.0350,-0.0371,-0.0502,-0.0249,-0.0166
8.7275,-0.0207,-0.0106,0.0101,-0.0155,0.0002,0.0160,-0.0055,-0.0344,-0.0367,-0.0490,-0.0237,-0.0163
8.7300,-0.0176,-0.0093,0.0083,-0.0128,-0.0001,0.0141,-0.0045,-0.0309,-0.0359,-0.0470,-0.0233,-0.0153
8.7325,-0.0156,-0.0068,0.0088,-0.0117,0.0010,0.0117,-0.0039,-0.0283,-0.0352,-0.0440,-0.0225,-0.0147
8.7350,-0.0142,-0.0030,0.0112,-0.0125,0.0039,0.0086,-0.0041,-0.0276,-0.0332,-0.0417,-0.0210,-0.0140
8.7375,-0.0129,-0.0011,0.0118,-0.0125,0.0057,0.0073,-0.0027,-0.0262,-0.0301,-0.0395,-0.0192,-0.0128
8.7400,-0.0128,-0.0027,0.0101,-0.0114,0.0041,0.0082,-0.0003,-0.0233,-0.0276,-0.0375,-0.0167,-0.0112
8.7425,-0.0137,-0.0039,0.0098,-0.0117,0.0029,0.0088,0.0000,-0.0205,-0.0264,-0.0371,-0.0156,-0.0107
8.7450,-0.0139,-0.0037,0.0102,-0.0121,0.0032,0.0087,-0.0002,-0.0189,-0.0257,-0.0372,-0.0165,-0.0116
8.7475,-0.0128,-0.0046,0.0082,-0.0103,0.0018,0.0090,0.0009,-0.0180,-0.0248,-0.0366,-0.0159,-0.0111
8.7500,-0.0111,-0.0045,0.0065,-0.0082,0.0011,0.0084,0.0024,-0.0175,-0.0243,-0.0359,-0.0140,-0.0090
8.7525,-0.0088,-0.0029,0.0059,-0.0068,0.0020,0.0068,0.0029,-0.0176,-0.0235,-0.0352,-0.0127,-0.0068
8.7550,-0.0071,-0.0029,0.0042,-0.0052,0.0012,0.0060,0.0022,-0.0177,-0.0219,-0.0345,-0.0118,-0.0052
8.7575,-0.0068,-0.0023,0.0045,-0.0051,0.0015,0.0055,0.0016,-0.0170,-0.0212,-0.0333,-0.0121,-0.0046
8.7600,-0.0068,-0.0005,0.0063,-0.0061,0.0035,0.0047,0.0005,-0.0165,-0.0216,-0.0317,-0.0129,-0.0050
8.7625,-0.0068,-0.0010,0.0059,-0.0059,0.0029,0.0049,-0.0010,-0.0166,-0.0205,-0.0303,-0.0127,-0.0049
8.7650,-0.0076,-0.0027,0.0049,-0.0057,0.0011,0.0058,-0.0024,-0.0171,-0.0191,-0.0312,-0.0132,-0.0047
8.7675,-0.0076,-0.0027,0.0049,-0.0061,0.0013,0.0056,-0.0038,-0.0186,-0.0214,-0.0340,-0.0142,-0.0057
8.7700,-0.0065,-0.0016,0.0049,-0.0057,0.0022,0.0046,-0.0037,-0.0201,-0.0242,-0.0340,-0.0133,-0.0075
8.7725,-0.0068,-0.0010,0.0059,-0.0059,0.0029,0.0049,-0.0039,-0.0244,-0.0274,-0.0371,-0.0147,-0.0107
8.7750,-0.0071,-0.0009,0.0062,-0.0061,0.0031,0.0051,-0.0050,-0.0278,-0.0296,-0.0409,-0.0182,-0.0130
8.7775,-0.0067,-0.0013,0.0054,-0.0059,0.0025,0.0047,-0.0045,-0.0267,-0.0293,-0.0379,-0.0185,-0.0115
8.7800,-0.0103,-0.0022,0.0081,-0.0092,0.0034,0.0067,-0.0072,-0.0332,-0.0359,-0.0442,-0.0204,-0.0125
8.7825,-0.0107,-0.0020,0.0088,-0.0098,0.0039,0.0068,-0.0088,-0.0313,-0.0322,-0.0410,-0.0176,-0.0117
8.7850,-0.0024,-0.0004,0.0020,-0.0022,0.0009,0.0015,-0.0021,-0.0068,-0.0068,-0.0090,-0.0037,-0.0026
8.7875,0.0000,0.0000,0.0000,0.0000,0.0000,0.0000,0.0000,0.0000,0.0000,0.0000,0.0000,0.0000
8.7900,0.0000,0.0000,0.0000,0.0000,0.0000,0.0000,0.0000,0.0000,0.0000,0.0000,0.0000,0.0000
8.7925,0.0000,0.0000,0.0000,0.0000,0.0000,0.0000,0.0000,0.0000,0.0000,0.0000,0.0000,0.0000
8.7950,0.0000,0.0000,0.0000,0.0000,0.0000,0.0000,0.0000,0.0000,0.0000,0.0000,0.0000,0.0000
8.7975,0.0000,0.0000,0.0000,0.0000,0.0000,0.0000,0.0000,0.0000,0.0000,0.0000,0.0000,0.0000
8.8000,0.0000,0.0000,0.0000,0.0000,0.0000,0.0000,0.0000,0.0000,0.0000,0.0000,0.0000,0.0000
8.8025,0.0000,0.0000,0.0000,0.0000,0.0000,0.0000,0.0000,0.0000,0.0000,0.0000,0.0000,0.0000
8.8050,0.0000,0.0000,0.0000,0.0000,0.0000,0.0000,0.0000,0.0000,0.0000,0.0000,0.0000,0.0000
8.8075,0.0000,0.0000,0.0000,0.0000,0.0000,0.0000,0.0000,0.0000,0.0000,0.0000,0.0000,0.0000
8.8100,0.0000,0.0000,0.0000,0.0000,0.0000,0.0000,0.0000,0.0000,0.0000,0.0000,0.0000,0.0000
8.8125,0.0000,0.0000,0.0000,0.0000,0.0000,0.0000,0.0000,0.0000,0.0000,0.0000,0.0000,0.0000
8.8150,0.0000,0.0000,0.0000,0.0000,0.0000,0.0000,0.0000,0.0000,0.0000,0.0000,0.0000,0.0000
8.8175,0.0000,0.0000,0.0000,0.0000,0.0000,0.0000,0.0000,0.0000,0.0000,0.0000,0.0000,0.0000
8.8200,0.0000,0.0000,0.0000,0.0000,0.0000,0.0000,0.0000,0.0000,0.0000,0.0000,0.0000,0.0000
8.8225,0.0000,0.0000,0.0000,0.0000,0.0000,0.0000,0.0000,0.0000,0.0000,0.0000,0.0000,0.0000
8.8250,0.0000,0.0000,0.0000,0.0000,0.0000,0.0000,0.0000,0.0000,0.0000,0.0000,0.0000,0.0000
8.8275,0.0000,0.0000,0.0000,0.0000,0.0000,0.0000,0.0000,0.0000,0.0000,0.0000,0.0000,0.0000
8.8300,0.0000,0.0000,0.0000,0.0000,0.0000,0.0000,0.0000,0.0000,0.0000,0.0000,0.0000,0.0000
8.8325,0.0000,0.0000,0.0000,0.0000,0.0000,0.0000,0.0000,0.0000,0.0000,0.0000,0.0000,0.0000
8.8350,0.0000,0.0000,0.0000,0.0000,0.0000,0.0000,0.0000,0.0000,0.0000,0.0000,0.0000,0.0000
8.8375,0.0000,0.0000,0.0000,0.0000,0.0000,0.0000,0.0000,0.0000,0.0000,0.0000,0.0000,0.0000
8.8400,0.0000,0.0000,0.0000,0.0000,0.0000,0.0000,0.0000,0.0000,0.0000,0.0000,0.0000,0.0000
8.8425,0.0000,0.0000,0.0000,0.0000,0.0000,0.0000,0.0000,0.0000,0.0000,0.0000,0.0000,0.0000
8.8450,0.0000,0.0000,0.0000,0.0000,0.0000,0.0000,0.0000,0.0000,0.0000,0.0000,0.0000,0.0000
8.8475,0.0000,0.0000,0.0000,0.0000,0.0000,0.0000,0.0000,0.0000,0.0000,0.0000,0.0000,0.0000
8.8500,0.0000,0.0000,0.0000,0.0000,0.0000,0.0000,0.0000,0.0000,0.0000,0.0000,0.0000,0.0000
8.8525,0.0000,0.0000,0.0000,0.0000,0.0000,0.0000,0.0000,0.0000,0.0000,0.0000,0.0000,0.0000
8.8550,0.0000,0.0000,0.0000,0.0000,0.0000,0.0000,0.0000,0.0000,0.0000,0.0000,0.0000,0.0000
8.8575,0.0000,0.0000,0.0000,0.0000,0.0000,0.0000,0.0000,0.0000,0.0000,0.0000,0.0000,0.0000
8.8600,0.0000,0.0000,0.0000,0.0000,0.0000,0.0000,0.0000,0.0000,0.0000,0.0000,0.0000,0.0000
8.8625,0.0000,0.0000,0.0000,0.0000,0.0000,0.0000,0.0000,0.0000,0.0000,0.0000,0.0000,0.0000
8.8650,0.0000,0.0000,0.0000,0.0000,0.0000,0.0000,0.0000,0.0000,0.0000,0.0000,0.0000,0.0000
8.8675,0.0000,0.0000,0.0000,0.0000,0.0000,0.0000,0.0000,0.0000,0.0000,0.0000,0.0000,0.0000
8.8700,0.0000,0.0000,0.0000,0.0000,0.0000,0.0000,0.0000,0.0000,0.0000,0.0000,0.0000,0.0000
8.8725,0.0000,0.0000,0.0000,0.0000,0.0000,0.0000,0.0000,0.0000,0.0000,0.0000,0.0000,0.0000
8.8750,0.0000,0.0000,0.0000,0.0000,0.0000,0.0000,0.0000,0.0000,0.0000,0.0000,0.0000,0.0000
8.8775,0.0000,0.0000,0.0000,0.0000,0.0000,0.0000,0.0000,0.0000,0.0000,0.0000,0.0000,0.0000
8.8800,0.0000,0.0000,0.0000,0.0000,0.0000,0.0000,0.0000,0.0000,0.0000,0.0000,0.0000,0.0000
8.8825,0.0000,0.0000,0.0000,0.0000,0.0000,0.0000,0.0000,0.0000,0.0000,0.0000,0.0000,0.0000
8.8850,0.0000,0.0000,0.0000,0.0000,0.0000,0.0000,0.0000,0.0000,0.0000,0.0000,0.0000,0.0000
8.8875,0.0000,0.0000,0.0000,0.0000,0.0000,0.0000,0.0000,0.0000,0.0000,0.0000,0.0000,0.0000
8.8900,0.0000,0.0000,0.0000,0.0000,0.0000,0.0000,0.0000,0.0000,0.0000,0.0000,0.0000,0.0000
8.8925,0.0000,0.0000,0.0000,0.0000,0.0000,0.0000,0.0000,0.0000,0.0000,0.0000,0.0000,0.0000
8.8950,0.0000,0.0000,0.0000,0.0000,0.0000,0.0000,0.0000,0.0000,0.0000,0.0000,0.0000,0.0000
8.8975,0.0000,0.0000,0.0000,0.0000,0.0000,0.0000,0.0000,0.0000,0.0000,0.0000,0.0000,0.0000
8.9000,0.0000,0.0000,0.0000,0.0000,0.0000,0.0000,0.0000,0.0000,0.0000,0.0000,0.0000,0.0000
8.9025,0.0000,0.0000,0.0000,0.0000,0.0000,0.0000,0.0000,0.0000,0.0000,0.0000,0.0000,0.0000
8.9050,0.0000,0.0000,0.0000,0.0000,0.0000,0.0000,0.0000,0.0000,0.0000,0.0000,0.0000,0.0000
8.9075,0.0000,0.0000,0.0000,0.0000,0.0000,0.0000,0.0000,0.0000,0.0000,0.0000,0.0000,0.0000
8.9100,0.0000,0.0000,0.0000,0.0000,0.0000,0.0000,0.0000,0.0000,0.0000,0.0000,0.0000,0.0000
8.9125,0.0000,0.0000,0.0000,0.0000,0.0000,0.0000,0.0000,0.0000,0.0000,0.0000,0.0000,0.0000
8.9150,0.0000,0.0000,0.0000,0.0000,0.0000,0.0000,0.0000,0.0000,0.0000,0.0000,0.0000,0.0000
8.9175,0.0000,0.0000,0.0000,0.0000,0.0000,0.0000,0.0000,0.0000,0.0000,0.0000,0.0000,0.0000
8.9200,0.0000,0.0000,0.0000,0.0000,0.0000,0.0000,0.0000,0.0000,0.0000,0.0000,0.0000,0.0000
8.9225,0.0000,0.0000,0.0000,0.0000,0.0000,0.0000,0.0000,0.0000,0.0000,0.0000,0.0000,0.0000
8.9250,0.0000,0.0000,0.0000,0.0000,0.0000,0.0000,0.0000,0.0000,0.0000,0.0000,0.0000,0.0000
8.9275,0.0000,0.0000,0.0000,0.0000,0.0000,0.0000,0.0000,0.0000,0.0000,0.0000,0.0000,0.0000
8.9300,0.0000,0.0000,0.0000,0.0000,0.0000,0.0000,0.0000,0.0000,0.0000,0.0000,0.0000,0.0000
8.9325,0.0000,0.0000,0.0000,0.0000,0.0000,0.0000,0.0000,0.0000,0.0000,0.0000,0.0000,0.0000
8.9350,0.0000,0.0000,0.0000,0.0000,0.0000,0.0000,0.0000,0.0000,0.0000,0.0000,0.0000,0.0000
8.9375,0.0000,0.0000,0.0000,0.0000,0.0000,0.0000,0.0000,0.0000,0.0000,0.0000,0.0000,0.0000
8.9400,0.0000,0.0000,0.0000,0.0000,0.0000,0.0000,0.0000,0.0000,0.0000,0.0000,0.0000,0.0000
8.9425,0.0000,0.0000,0.0000,0.0000,0.0000,0.0000,0.0000,0.0000,0.0000,0.0000,0.0000,0.0000
8.9450,0.0000,0.0000,0.0000,0.0000,0.0000,0.0000,0.0000,0.0000,0.0000,0.0000,0.0000,0.0000
8.9475,0.0000,0.0000,0.0000,0.0000,0.0000,0.0000,0.0000,0.0000,0.0000,0.0000,0.0000,0.0000
8.9500,0.0000,0.0000,0.0000,0.0000,0.0000,0.0000,0.0000,0.0000,0.0000,0.0000,0.0000,0.0000
8.9525,0.0000,0.0000,0.0000,0.0000,0.0000,0.0000,0.0000,0.0000,0.0000,0.0000,0.0000,0.0000
8.9550,0.0000,0.0000,0.0000,0.0000,0.0000,0.0000,0.0000,0.0000,0.0000,0.0000,0.0000,0.0000
8.9575,0.0000,0.0000,0.0000,0.0000,0.0000,0.0000,0.0000,0.0000,0.0000,0.0000,0.0000,0.0000
8.9600,0.0000,0.0000,0.0000,0.0000,0.0000,0.0000,0.0000,0.0000,0.0000,0.0000,0.0000,0.0000
8.9625,0.0000,0.0000,0.0000,0.0000,0.0000,0.0000,0.0000,0.0000,0.0000,0.0000,0.0000,0.0000
8.9650,0.0000,0.0000,0.0000,0.0000,0.0000,0.0000,0.0000,0.0000,0.0000,0.0000,0.0000,0.0000
8.9675,0.0000,0.0000,0.0000,0.0000,0.0000,0.0000,0.0000,0.0000,0.0000,0.0000,0.0000,0.0000
8.9700,0.0000,0.0000,0.0000,0.0000,0.0000,0.0000,0.0000,0.0000,0.0000,0.0000,0.0000,0.0000
8.9725,0.0000,0.0000,0.0000,0.0000,0.0000,0.0000,0.0000,0.0000,0.0000,0.0000,0.0000,0.0000
8.9750,0.0000,0.0000,0.0000,0.0000,0.0000,0.0000,0.0000,0.0000,0.0000,0.0000,0.0000,0.0000
8.9775,0.0000,0.0000,0.0000,0.0000,0.0000,0.0000,0.0000,0.0000,0.0000,0.0000,0.0000,0.0000
8.9800,0.0000,0.0000,0.0000,0.0000,0.0000,0.0000,0.0000,0.0000,0.0000,0.0000,0.0000,0.0000
8.9825,0.0000,0.0000,0.0000,0.0000,0.0000,0.0000,0.0000,0.0000,0.0000,0.0000,0.0000,0.0000
8.9850,0.0000,0.0000,0.0000,0.0000,0.0000,0.0000,0.0000,0.0000,0.0000,0.0000,0.0000,0.0000
8.9875,0.0000,0.0000,0.0000,0.0000,0.0000,0.0000,0.0000,0.0000,0.0000,0.0000,0.0000,0.0000
8.9900,0.0000,0.0000,0.0000,0.0000,0.0000,0.0000,0.0000,0.0000,0.0000,0.0000,0.0000,0.0000
8.9925,0.0000,0.0000,0.0000,0.0000,0.0000,0.0000,0.0000,0.0000,0.0000,0.0000,0.0000,0.0000
8.9950,0.0000,0.0000,0.0000,0.0000,0.0000,0.0000,0.0000,0.0000,0.0000,0.0000,0.0000,0.0000
8.9975,0.0000,0.0000,0.0000,0.0000,0.0000,0.0000,0.0000,0.0000,0.0000,0.0000,0.0000,0.0000
9.0000,0.0000,0.0000,0.0000,0.0000,0.0000,0.0000,0.0000,0.0000,0.0000,0.0000,0.0000,0.0000
9.0025,0.0000,0.0000,0.0000,0.0000,0.0000,0.0000,0.0000,0.0000,0.0000,0.0000,0.0000,0.0000
9.0050,0.0000,0.0000,0.0000,0.0000,0.0000,0.0000,0.0000,0.0000,0.0000,0.0000,0.0000,0.0000
9.0075,0.0000,0.0000,0.0000,0.0000,0.0000,0.0000,0.0000,0.0000,0.0000,0.0000,0.0000,0.0000
9.0100,0.0000,0.0000,0.0000,0.0000,0.0000,0.0000,0.0000,0.0000,0.0000,0.0000,0.0000,0.0000
9.0125,0.0000,0.0000,0.0000,0.0000,0.0000,0.0000,0.0000,0.0000,0.0000,0.0000,0.0000,0.0000
9.0150,0.0000,0.0000,0.0000,0.0000,0.0000,0.0000,0.0000,0.0000,0.0000,0.0000,0.0000,0.0000
9.0175,0.0000,0.0000,0.0000,0.0000,0.0000,0.0000,0.0000,0.0000,0.0000,0.0000,0.0000,0.0000
9.0200,0.0000,0.0000,0.0000,0.0000,0.0000,0.0000,0.0000,0.0000,0.0000,0.0000,0.0000,0.0000
9.0225,0.0000,0.0000,0.0000,0.0000,0.0000,0.0000,0.0000,0.0000,0.0000,0.0000,0.0000,0.0000
9.0250,0.0000,0.0000,0.0000,0.0000,0.0000,0.0000,0.0000,0.0000,0.0000,0.0000,0.0000,0.0000
9.0275,0.0000,0.0000,0.0000,0.0000,0.0000,0.0000,0.0000,0.0000,0.0000,0.0000,0.0000,0.0000
9.0300,0.0000,0.0000,0.0000,0.0000,0.0000,0.0000,0.0000,0.0000,0.0000,0.0000,0.0000,0.0000
9.0325,0.0000,0.0000,0.0000,0.0000,0.0000,0.0000,0.0000,0.0000,0.0000,0.0000,0.0000,0.0000
9.0350,0.0000,0.0000,0.0000,0.0000,0.0000,0.0000,0.0000,0.0000,0.0000,0.0000,0.0000,0.0000
9.0375,0.0000,0.0000,0.0000,0.0000,0.0000,0.0000,0.0000,0.0000,0.0000,0.0000,0.0000,0.0000
9.0400,0.0000,0.0000,0.0000,0.0000,0.0000,0.0000,0.0000,0.0000,0.0000,0.0000,0.0000,0.0000
9.0425,0.0000,0.0000,0.0000,0.0000,0.0000,0.0000,0.0000,0.0000,0.0000,0.0000,0.0000,0.0000
9.0450,0.0000,0.0000,0.0000,0.0000,0.0000,0.0000,0.0000,0.0000,0.0000,0.0000,0.0000,0.0000
9.0475,0.0000,0.0000,0.0000,0.0000,0.0000,0.0000,0.0000,0.0000,0.0000,0.0000,0.0000,0.0000
9.0500,0.0000,0.0000,0.0000,0.0000,0.0000,0.0000,0.0000,0.0000,0.0000,0.0000,0.0000,0.0000
9.0525,0.0000,0.0000,0.0000,0.0000,0.0000,0.0000,0.0000,0.0000,0.0000,0.0000,0.0000,0.0000
9.0550,0.0000,0.0000,0.0000,0.0000,0.0000,0.0000,0.0000,0.0000,0.0000,0.0000,0.0000,0.0000
9.0575,0.0000,0.0000,0.0000,0.0000,0.0000,0.0000,0.0000,0.0000,0.0000,0.0000,0.0000,0.0000
9.0600,0.0000,0.0000,0.0000,0.0000,0.0000,0.0000,0.0000,0.0000,0.0000,0.0000,0.0000,0.0000
9.0625,0.0000,0.0000,0.0000,0.0000,0.0000,0.0000,0.0000,0.0000,0.0000,0.0000,0.0000,0.0000
9.0650,0.0000,0.0000,0.0000,0.0000,0.0000,0.0000,0.0000,0.0000,0.0000,0.0000,0.0000,0.0000
9.0675,0.0000,0.0000,0.0000,0.0000,0.0000,0.0000,0.0000,0.0000,0.0000,0.0000,0.0000,0.0000
9.0700,0.0000,0.0000,0.0000,0.0000,0.0000,0.0000,0.0000,0.0000,0.0000,0.0000,0.0000,0.0000
9.0725,0.0000,0.0000,0.0000,0.0000,0.0000,0.0000,0.0000,0.0000,0.0000,0.0000,0.0000,0.0000
9.0750,0.0000,0.0000,0.0000,0.0000,0.0000,0.0000,0.0000,0.0000,0.0000,0.0000,0.0000,0.0000
9.0775,0.0000,0.0000,0.0000,0.0000,0.0000,0.0000,0.0000,0.0000,0.0000,0.0000,0.0000,0.0000
9.0800,0.0000,0.0000,0.0000,0.0000,0.0000,0.0000,0.0000,0.0000,0.0000,0.0000,0.0000,0.0000
9.0825,0.0000,0.0000,0.0000,0.0000,0.0000,0.0000,0.0000,0.0000,0.0000,0.0000,0.0000,0.0000
9.0850,0.0000,0.0000,0.0000,0.0000,0.0000,0.0000,0.0000,0.0000,0.0000,0.0000,0.0000,0.0000
9.0875,0.0000,0.0000,0.0000,0.0000,0.0000,0.0000,0.0000,0.0000,0.0000,0.0000,0.0000,0.0000
9.0900,0.0000,0.0000,0.0000,0.0000,0.0000,0.0000,0.0000,0.0000,0.0000,0.0000,0.0000,0.0000
9.0925,0.0000,0.0000,0.0000,0.0000,0.0000,0.0000,0.0000,0.0000,0.0000,0.0000,0.0000,0.0000
9.0950,0.0000,0.0000,0.0000,0.0000,0.0000,0.0000,0.0000,0.0000,0.0000,0.0000,0.0000,0.0000
9.0975,0.0000,0.0000,0.0000,0.0000,0.0000,0.0000,0.0000,0.0000,0.0000,0.0000,0.0000,0.0000
9.1000,0.0000,0.0000,0.0000,0.0000,0.0000,0.0000,0.0000,0.0000,0.0000,0.0000,0.0000,0.0000
9.1025,0.0000,0.0000,0.0000,0.0000,0.0000,0.0000,0.0000,0.0000,0.0000,0.0000,0.0000,0.0000
9.1050,0.0000,0.0000,0.0000,0.0000,0.0000,0.0000,0.0000,0.0000,0.0000,0.0000,0.0000,0.0000
9.1075,0.0000,0.0000,0.0000,0.0000,0.0000,0.0000,0.0000,0.0000,0.0000,0.0000,0.0000,0.0000
9.1100,0.0000,0.0000,0.0000,0.0000,0.0000,0.0000,0.0000,0.0000,0.0000,0.0000,0.0000,0.0000
9.1125,0.0000,0.0000,0.0000,0.0000,0.0000,0.0000,0.0000,0.0000,0.0000,0.0000,0.0000,0.0000
9.1150,0.0000,0.0000,0.0000,0.0000,0.0000,0.0000,0.0000,0.0000,0.0000,0.0000,0.0000,0.0000
9.1175,0.0000,0.0000,0.0000,0.0000,0.0000,0.0000,0.0000,0.0000,0.0000,0.0000,0.0000,0.0000
9.1200,0.0000,0.0000,0.0000,0.0000,0.0000,0.0000,0.0000,0.0000,0.0000,0.0000,0.0000,0.0000
9.1225,0.0000,0.0000,0.0000,0.0000,0.0000,0.0000,0.0000,0.0000,0.0000,0.0000,0.0000,0.0000
9.1250,0.0000,0.0000,0.0000,0.0000,0.0000,0.0000,0.0000,0.0000,0.0000,0.0000,0.0000,0.0000
9.1275,0.0000,0.0000,0.0000,0.0000,0.0000,0.0000,0.0000,0.0000,0.0000,0.0000,0.0000,0.0000
9.1300,0.0000,0.0000,0.0000,0.0000,0.0000,0.0000,0.0000,0.0000,0.0000,0.0000,0.0000,0.0000
9.1325,0.0000,0.0000,0.0000,0.0000,0.0000,0.0000,0.0000,0.0000,0.0000,0.0000,0.0000,0.0000
9.1350,0.0000,0.0000,0.0000,0.0000,0.0000,0.0000,0.0000,0.0000,0.0000,0.0000,0.0000,0.0000
9.1375,0.0000,0.0000,0.0000,0.0000,0.0000,0.0000,0.0000,0.0000,0.0000,0.0000,0.0000,0.0000
9.1400,0.0000,0.0000,0.0000,0.0000,0.0000,0.0000,0.0000,0.0000,0.0000,0.0000,0.0000,0.0000
9.1425,0.0000,0.0000,0.0000,0.0000,0.0000,0.0000,0.0000,0.0000,0.0000,0.0000,0.0000,0.0000
9.1450,0.0000,0.0000,0.0000,0.0000,0.0000,0.0000,0.0000,0.0000,0.0000,0.0000,0.0000,0.0000
9.1475,0.0000,0.0000,0.0000,0.0000,0.0000,0.0000,0.0000,0.0000,0.0000,0.0000,0.0000,0.0000
9.1500,0.0000,0.0000,0.0000,0.0000,0.0000,0.0000,0.0000,0.0000,0.0000,0.0000,0.0000,0.0000
9.1525,0.0000,0.0000,0.0000,0.0000,0.0000,0.0000,0.0000,0.0000,0.0000,0.0000,0.0000,0.0000
9.1550,0.0000,0.0000,0.0000,0.0000,0.0000,0.0000,0.0000,0.0000,0.0000,0.0000,0.0000,0.0000
9.1575,0.0000,0.0000,0.0000,0.0000,0.0000,0.0000,0.0000,0.0000,0.0000,0.0000,0.0000,0.0000
9.1600,0.0000,0.0000,0.0000,0.0000,0.0000,0.0000,0.0000,0.0000,0.0000,0.0000,0.0000,0.0000
9.1625,0.0000,0.0000,0.0000,0.0000,0.0000,0.0000,0.0000,0.0000,0.0000,0.0000,0.0000,0.0000
9.1650,0.0000,0.0000,0.0000,0.0000,0.0000,0.0000,0.0000,0.0000,0.0000,0.0000,0.0000,0.0000
9.1675,0.0000,0.0000,0.0000,0.0000,0.0000,0.0000,0.0000,0.0000,0.0000,0.0000,0.0000,0.0000
9.1700,0.0000,0.0000,0.0000,0.0000,0.0000,0.0000,0.0000,0.0000,0.0000,0.0000,0.0000,0.0000
9.1725,0.0000,0.0000,0.0000,0.0000,0.0000,0.0000,0.0000,0.0000,0.0000,0.0000,0.0000,0.0000
9.1750,0.0000,0.0000,0.0000,0.0000,0.0000,0.0000,0.0000,0.0000,0.0000,0.0000,0.0000,0.0000
9.1775,0.0000,0.0000,0.0000,0.0000,0.0000,0.0000,0.0000,0.0000,0.0000,0.0000,0.0000,0.0000
9.1800,0.0000,0.0000,0.0000,0.0000,0.0000,0.0000,0.0000,0.0000,0.0000,0.0000,0.0000,0.0000
9.1825,0.0000,0.0000,0.0000,0.0000,0.0000,0.0000,0.0000,0.0000,0.0000,0.0000,0.0000,0.0000
9.1850,0.0000,0.0000,0.0000,0.0000,0.0000,0.0000,0.0000,0.0000,0.0000,0.0000,0.0000,0.0000
9.1875,0.0000,0.0000,0.0000,0.0000,0.0000,0.0000,0.0000,0.0000,0.0000,0.0000,0.0000,0.0000
9.1900,0.0000,0.0000,0.0000,0.0000,0.0000,0.0000,0.0000,0.0000,0.0000,0.0000,0.0000,0.0000
9.1925,0.0000,0.0000,0.0000,0.0000,0.0000,0.0000,0.0000,0.0000,0.0000,0.0000,0.0000,0.0000
9.1950,0.0000,0.0000,0.0000,0.0000,0.0000,0.0000,0.0000,0.0000,0.0000,0.0000,0.0000,0.0000
9.1975,0.0000,0.0000,0.0000,0.0000,0.0000,0.0000,0.0000,0.0000,0.0000,0.0000,0.0000,0.0000
9.2000,0.0000,0.0000,0.0000,0.0000,0.0000,0.0000,0.0000,0.0000,0.0000,0.0000,0.0000,0.0000
9.2025,0.0000,0.0000,0.0000,0.0000,0.0000,0.0000,0.0000,0.0000,0.0000,0.0000,0.0000,0.0000
9.2050,0.0000,0.0000,0.0000,0.0000,0.0000,0.0000,0.0000,0.0000,0.0000,0.0000,0.0000,0.0000
9.2075,0.0000,0.0000,0.0000,0.0000,0.0000,0.0000,0.0000,0.0000,0.0000,0.0000,0.0000,0.0000
9.2100,0.0000,0.0000,0.0000,0.0000,0.0000,0.0000,0.0000,0.0000,0.0000,0.0000,0.0000,0.0000
9.2125,0.0000,0.0000,0.0000,0.0000,0.0000,0.0000,0.0000,0.0000,0.0000,0.0000,0.0000,0.0000
9.2150,0.0000,0.0000,0.0000,0.0000,0.0000,0.0000,0.0000,0.0000,0.0000,0.0000,0.0000,0.0000
9.2175,0.0000,0.0000,0.0000,0.0000,0.0000,0.0000,0.0000,0.0000,0.0000,0.0000,0.0000,0.0000
9.2200,0.0000,0.0000,0.0000,0.0000,0.0000,0.0000,0.0000,0.0000,0.0000,0.0000,0.0000,0.0000
9.2225,0.0000,0.0000,0.0000,0.0000,0.0000,0.0000,0.0000,0.0000,0.0000,0.0000,0.0000,0.0000
9.2250,0.0000,0.0000,0.0000,0.0000,0.0000,0.0000,0.0000,0.0000,0.0000,0.0000,0.0000,0.0000
9.2275,0.0000,0.0000,0.0000,0.0000,0.0000,0.0000,0.0000,0.0000,0.0000,0.0000,0.0000,0.0000
9.2300,0.0000,0.0000,0.0000,0.0000,0.0000,0.0000,0.0000,0.0000,0.0000,0.0000,0.0000,0.0000
9.2325,0.0000,0.0000,0.0000,0.0000,0.0000,0.0000,0.0000,0.0000,0.0000,0.0000,0.0000,0.0000
9.2350,0.0000,0.0000,0.0000,0.0000,0.0000,0.0000,0.0000,0.0000,0.0000,0.0000,0.0000,0.0000
9.2375,0.0000,0.0000,0.0000,0.0000,0.0000,0.0000,0.0000,0.0000,0.0000,0.0000,0.0000,0.0000
9.2400,0.0000,0.0000,0.0000,0.0000,0.0000,0.0000,0.0000,0.0000,0.0000,0.0000,0.0000,0.0000
9.2425,0.0000,0.0000,0.0000,0.0000,0.0000,0.0000,0.0000,0.0000,0.0000,0.0000,0.0000,0.0000
9.2450,0.0000,0.0000,0.0000,0.0000,0.0000,0.0000,0.0000,0.0000,0.0000,0.0000,0.0000,0.0000
9.2475,0.0000,0.0000,0.0000,0.0000,0.0000,0.0000,0.0000,0.0000,0.0000,0.0000,0.0000,0.0000
9.2500,0.0000,0.0000,0.0000,0.0000,0.0000,0.0000,0.0000,0.0000,0.0000,0.0000,0.0000,0.0000
9.2525,0.0000,0.0000,0.0000,0.0000,0.0000,0.0000,0.0000,0.0000,0.0000,0.0000,0.0000,0.0000
9.2550,0.0000,0.0000,0.0000,0.0000,0.0000,0.0000,0.0000,0.0000,0.0000,0.0000,0.0000,0.0000
9.2575,0.0000,0.0000,0.0000,0.0000,0.0000,0.0000,0.0000,0.0000,0.0000,0.0000,0.0000,0.0000
9.2600,0.0000,0.0000,0.0000,0.0000,0.0000,0.0000,0.0000,0.0000,0.0000,0.0000,0.0000,0.0000
9.2625,0.0000,0.0000,0.0000,0.0000,0.0000,0.0000,0.0000,0.0000,0.0000,0.0000,0.0000,0.0000
9.2650,0.0000,0.0000,0.0000,0.0000,0.0000,0.0000,0.0000,0.0000,0.0000,0.0000,0.0000,0.0000
9.2675,0.0000,0.0000,0.0000,0.0000,0.0000,0.0000,0.0000,0.0000,0.0000,0.0000,0.0000,0.0000
9.2700,0.0000,0.0000,0.0000,0.0000,0.0000,0.0000,0.0000,0.0000,0.0000,0.0000,0.0000,0.0000
9.2725,0.0000,0.0000,0.0000,0.0000,0.0000,0.0000,0.0000,0.0000,0.0000,0.0000,0.0000,0.0000
9.2750,0.0000,0.0000,0.0000,0.0000,0.0000,0.0000,0.0000,0.0000,0.0000,0.0000,0.0000,0.0000
9.2775,0.0000,0.0000,0.0000,0.0000,0.0000,0.0000,0.0000,0.0000,0.0000,0.0000,0.0000,0.0000
9.2800,0.0000,0.0000,0.0000,0.0000,0.0000,0.0000,0.0000,0.0000,0.0000,0.0000,0.0000,0.0000
9.2825,0.0000,0.0000,0.0000,0.0000,0.0000,0.0000,0.0000,0.0000,0.0000,0.0000,0.0000,0.0000
9.2850,0.0000,0.0000,0.0000,0.0000,0.0000,0.0000,0.0000,0.0000,0.0000,0.0000,0.0000,0.0000
9.2875,0.0000,0.0000,0.0000,0.0000,0.0000,0.0000,0.0000,0.0000,0.0000,0.0000,0.0000,0.0000
9.2900,0.0000,0.0000,0.0000,0.0000,0.0000,0.0000,0.0000,0.0000,0.0000,0.0000,0.0000,0.0000
9.2925,0.0000,0.0000,0.0000,0.0000,0.0000,0.0000,0.0000,0.0000,0.0000,0.0000,0.0000,0.0000
9.2950,0.0000,0.0000,0.0000,0.0000,0.0000,0.0000,0.0000,0.0000,0.0000,0.0000,0.0000,0.0000
9.2975,0.0000,0.0000,0.0000,0.0000,0.0000,0.0000,0.0000,0.0000,0.0000,0.0000,0.0000,0.0000
9.3000,0.0000,0.0000,0.0000,0.0000,0.0000,0.0000,0.0000,0.0000,0.0000,0.0000,0.0000,0.0000
9.3025,0.0000,0.0000,0.0000,0.0000,0.0000,0.0000,0.0000,0.0000,0.0000,0.0000,0.0000,0.0000
9.3050,0.0000,0.0000,0.0000,0.0000,0.0000,0.0000,0.0000,0.0000,0.0000,0.0000,0.0000,0.0000
9.3075,0.0000,0.0000,0.0000,0.0000,0.0000,0.0000,0.0000,0.0000,0.0000,0.0000,0.0000,0.0000
9.3100,0.0000,0.0000,0.0000,0.0000,0.0000,0.0000,0.0000,0.0000,0.0000,0.0000,0.0000,0.0000
9.3125,0.0000,0.0000,0.0000,0.0000,0.0000,0.0000,0.0000,0.0000,0.0000,0.0000,0.0000,0.0000
9.3150,0.0000,0.0000,0.0000,0.0000,0.0000,0.0000,0.0000,0.0000,0.0000,0.0000,0.0000,0.0000
9.3175,0.0000,0.0000,0.0000,0.0000,0.0000,0.0000,0.0000,0.0000,0.0000,0.0000,0.0000,0.0000
9.3200,0.0000,0.0000,0.0000,0.0000,0.0000,0.0000,0.0000,0.0000,0.0000,0.0000,0.0000,0.0000
9.3225,0.0000,0.0000,0.0000,0.0000,0.0000,0.0000,0.0000,0.0000,0.0000,0.0000,0.0000,0.0000
9.3250,0.0000,0.0000,0.0000,0.0000,0.0000,0.0000,0.0000,0.0000,0.0000,0.0000,0.0000,0.0000
9.3275,0.0000,0.0000,0.0000,0.0000,0.0000,0.0000,0.0000,0.0000,0.0000,0.0000,0.0000,0.0000
9.3300,0.0000,0.0000,0.0000,0.0000,0.0000,0.0000,0.0000,0.0000,0.0000,0.0000,0.0000,0.0000
9.3325,0.0000,0.0000,0.0000,0.0000,0.0000,0.0000,0.0000,0.0000,0.0000,0.0000,0.0000,0.0000
9.3350,0.0000,0.0000,0.0000,0.0000,0.0000,0.0000,0.0000,0.0000,0.0000,0.0000,0.0000,0.0000
9.3375,0.0000,0.0000,0.0000,0.0000,0.0000,0.0000,0.0000,0.0000,0.0000,0.0000,0.0000,0.0000
9.3400,0.0000,0.0000,0.0000,0.0000,0.0000,0.0000,0.0000,0.0000,0.0000,0.0000,0.0000,0.0000
9.3425,0.0000,0.0000,0.0000,0.0000,0.0000,0.0000,0.0000,0.0000,0.0000,0.0000,0.0000,0.0000
9.3450,0.0000,0.0000,0.0000,0.0000,0.0000,0.0000,0.0000,0.0000,0.0000,0.0000,0.0000,0.0000
9.3475,0.0000,0.0000,0.0000,0.0000,0.0000,0.0000,0.0000,0.0000,0.0000,0.0000,0.0000,0.0000
9.3500,0.0000,0.0000,0.0000,0.0000,0.0000,0.0000,0.0000,0.0000,0.0000,0.0000,0.0000,0.0000
9.3525,0.0000,0.0000,0.0000,0.0000,0.0000,0.0000,0.0000,0.0000,0.0000,0.0000,0.0000,0.0000
9.3550,0.0000,0.0000,0.0000,0.0000,0.0000,0.0000,0.0000,0.0000,0.0000,0.0000,0.0000,0.0000
9.3575,0.0000,0.0000,0.0000,0.0000,0.0000,0.0000,0.0000,0.0000,0.0000,0.0000,0.0000,0.0000
9.3600,0.0000,0.0000,0.0000,0.0000,0.0000,0.0000,0.0000,0.0000,0.0000,0.0000,0.0000,0.0000
9.3625,0.0000,0.0000,0.0000,0.0000,0.0000,0.0000,0.0000,0.0000,0.0000,0.0000,0.0000,0.0000
9.3650,0.0000,0.0000,0.0000,0.0000,0.0000,0.0000,0.0000,0.0000,0.0000,0.0000,0.0000,0.0000
9.3675,0.0000,0.0000,0.0000,0.0000,0.0000,0.0000,0.0000,0.0000,0.0000,0.0000,0.0000,0.0000
9.3700,0.0000,0.0000,0.0000,0.0000,0.0000,0.0000,0.0000,0.0000,0.0000,0.0000,0.0000,0.0000
9.3725,0.0000,0.0000,0.0000,0.0000,0.0000,0.0000,0.0000,0.0000,0.0000,0.0000,0.0000,0.0000
9.3750,0.0000,0.0000,0.0000,0.0000,0.0000,0.0000,0.0000,0.0000,0.0000,0.0000,0.0000,0.0000
9.3775,0.0000,0.0000,0.0000,0.0000,0.0000,0.0000,0.0000,0.0000,0.0000,0.0000,0.0000,0.0000
9.3800,0.0000,0.0000,0.0000,0.0000,0.0000,0.0000,0.0000,0.0000,0.0000,0.0000,0.0000,0.0000
9.3825,0.0000,0.0000,0.0000,0.0000,0.0000,0.0000,0.0000,0.0000,0.0000,0.0000,0.0000,0.0000
9.3850,0.0000,0.0000,0.0000,0.0000,0.0000,0.0000,0.0000,0.0000,0.0000,0.0000,0.0000,0.0000
9.3875,0.0000,0.0000,0.0000,0.0000,0.0000,0.0000,0.0000,0.0000,0.0000,0.0000,0.0000,0.0000
9.3900,0.0000,0.0000,0.0000,0.0000,0.0000,0.0000,0.0000,0.0000,0.0000,0.0000,0.0000,0.0000
9.3925,0.0000,0.0000,0.0000,0.0000,0.0000,0.0000,0.0000,0.0000,0.0000,0.0000,0.0000,0.0000
9.3950,0.0000,0.0000,0.0000,0.0000,0.0000,0.0000,0.0000,0.0000,0.0000,0.0000,0.0000,0.0000
9.3975,0.0000,0.0000,0.0000,0.0000,0.0000,0.0000,0.0000,0.0000,0.0000,0.0000,0.0000,0.0000
9.4000,0.0000,0.0000,0.0000,0.0000,0.0000,0.0000,0.0000,0.0000,0.0000,0.0000,0.0000,0.0000
9.4025,0.0000,0.0000,0.0000,0.0000,0.0000,0.0000,0.0000,0.0000,0.0000,0.0000,0.0000,0.0000
9.4050,0.0000,0.0000,0.0000,0.0000,0.0000,0.0000,0.0000,0.0000,0.0000,0.0000,0.0000,0.0000
9.4075,0.0000,0.0000,0.0000,0.0000,0.0000,0.0000,0.0000,0.0000,0.0000,0.0000,0.0000,0.0000
9.4100,0.0000,0.0000,0.0000,0.0000,0.0000,0.0000,0.0000,0.0000,0.0000,0.0000,0.0000,0.0000
9.4125,0.0000,0.0000,0.0000,0.0000,0.0000,0.0000,0.0000,0.0000,0.0000,0.0000,0.0000,0.0000
9.4150,0.0000,0.0000,0.0000,0.0000,0.0000,0.0000,0.0000,0.0000,0.0000,0.0000,0.0000,0.0000
9.4175,0.0000,0.0000,0.0000,0.0000,0.0000,0.0000,0.0000,0.0000,0.0000,0.0000,0.0000,0.0000
9.4200,0.0000,0.0000,0.0000,0.0000,0.0000,0.0000,0.0000,0.0000,0.0000,0.0000,0.0000,0.0000
9.4225,0.0000,0.0000,0.0000,0.0000,0.0000,0.0000,0.0000,0.0000,0.0000,0.0000,0.0000,0.0000
9.4250,0.0000,0.0000,0.0000,0.0000,0.0000,0.0000,0.0000,0.0000,0.0000,0.0000,0.0000,0.0000
9.4275,0.0000,0.0000,0.0000,0.0000,0.0000,0.0000,0.0000,0.0000,0.0000,0.0000,0.0000,0.0000
9.4300,0.0000,0.0000,0.0000,0.0000,0.0000,0.0000,0.0000,0.0000,0.0000,0.0000,0.0000,0.0000
9.4325,0.0000,0.0000,0.0000,0.0000,0.0000,0.0000,0.0000,0.0000,0.0000,0.0000,0.0000,0.0000
9.4350,0.0000,0.0000,0.0000,0.0000,0.0000,0.0000,0.0000,0.0000,0.0000,0.0000,0.0000,0.0000
9.4375,0.0000,0.0000,0.0000,0.0000,0.0000,0.0000,0.0000,0.0000,0.0000,0.0000,0.0000,0.0000
9.4400,0.0000,0.0000,0.0000,0.0000,0.0000,0.0000,0.0000,0.0000,0.0000,0.0000,0.0000,0.0000
9.4425,0.0000,0.0000,0.0000,0.0000,0.0000,0.0000,0.0000,0.0000,0.0000,0.0000,0.0000,0.0000
9.4450,0.0000,0.0000,0.0000,0.0000,0.0000,0.0000,0.0000,0.0000,0.0000,0.0000,0.0000,0.0000
9.4475,0.0000,0.0000,0.0000,0.0000,0.0000,0.0000,0.0000,0.0000,0.0000,0.0000,0.0000,0.0000
9.4500,0.0000,0.0000,0.0000,0.0000,0.0000,0.0000,0.0000,0.0000,0.0000,0.0000,0.0000,0.0000
9.4525,0.0000,0.0000,0.0000,0.0000,0.0000,0.0000,0.0000,0.0000,0.0000,0.0000,0.0000,0.0000
9.4550,0.0000,0.0000,0.0000,0.0000,0.0000,0.0000,0.0000,0.0000,0.0000,0.0000,0.0000,0.0000
9.4575,0.0000,0.0000,0.0000,0.0000,0.0000,0.0000,0.0000,0.0000,0.0000,0.0000,0.0000,0.0000
9.4600,0.0000,0.0000,0.0000,0.0000,0.0000,0.0000,0.0000,0.0000,0.0000,0.0000,0.0000,0.0000
9.4625,0.0000,0.0000,0.0000,0.0000,0.0000,0.0000,0.0000,0.0000,0.0000,0.0000,0.0000,0.0000
9.4650,0.0000,0.0000,0.0000,0.0000,0.0000,0.0000,0.0000,0.0000,0.0000,0.0000,0.0000,0.0000
9.4675,0.0000,0.0000,0.0000,0.0000,0.0000,0.0000,0.0000,0.0000,0.0000,0.0000,0.0000,0.0000
9.4700,0.0000,0.0000,0.0000,0.0000,0.0000,0.0000,0.0000,0.0000,0.0000,0.0000,0.0000,0.0000
9.4725,0.0000,0.0000,0.0000,0.0000,0.0000,0.0000,0.0000,0.0000,0.0000,0.0000,0.0000,0.0000
9.4750,0.0000,0.0000,0.0000,0.0000,0.0000,0.0000,0.0000,0.0000,0.0000,0.0000,0.0000,0.0000
9.4775,0.0000,0.0000,0.0000,0.0000,0.0000,0.0000,0.0000,0.0000,0.0000,0.0000,0.0000,0.0000
9.4800,0.0000,0.0000,0.0000,0.0000,0.0000,0.0000,0.0000,0.0000,0.0000,0.0000,0.0000,0.0000
9.4825,0.0000,0.0000,0.0000,0.0000,0.0000,0.0000,0.0000,0.0000,0.0000,0.0000,0.0000,0.0000
9.4850,0.0000,0.0000,0.0000,0.0000,0.0000,0.0000,0.0000,0.0000,0.0000,0.0000,0.0000,0.0000
9.4875,0.0000,0.0000,0.0000,0.0000,0.0000,0.0000,0.0000,0.0000,0.0000,0.0000,0.0000,0.0000
9.4900,0.0000,0.0000,0.0000,0.0000,0.0000,0.0000,0.0000,0.0000,0.0000,0.0000,0.0000,0.0000
9.4925,0.0000,0.0000,0.0000,0.0000,0.0000,0.0000,0.0000,0.0000,0.0000,0.0000,0.0000,0.0000
9.4950,0.0000,0.0000,0.0000,0.0000,0.0000,0.0000,0.0000,0.0000,0.0000,0.0000,0.0000,0.0000
9.4975,0.0000,0.0000,0.0000,0.0000,0.0000,0.0000,0.0000,0.0000,0.0000,0.0000,0.0000,0.0000
9.5000,0.0000,0.0000,0.0000,0.0000,0.0000,0.0000,0.0000,0.0000,0.0000,0.0000,0.0000,0.0000
9.5025,0.0000,0.0000,0.0000,0.0000,0.0000,0.0000,0.0000,0.0000,0.0000,0.0000,0.0000,0.0000
9.5050,0.0000,0.0000,0.0000,0.0000,0.0000,0.0000,0.0000,0.0000,0.0000,0.0000,0.0000,0.0000
9.5075,0.0000,0.0000,0.0000,0.0000,0.0000,0.0000,0.0000,0.0000,0.0000,0.0000,0.0000,0.0000
9.5100,0.0000,0.0000,0.0000,0.0000,0.0000,0.0000,0.0000,0.0000,0.0000,0.0000,0.0000,0.0000
9.5125,0.0000,0.0000,0.0000,0.0000,0.0000,0.0000,0.0000,0.0000,0.0000,0.0000,0.0000,0.0000
9.5150,0.0000,0.0000,0.0000,0.0000,0.0000,0.0000,0.0000,0.0000,0.0000,0.0000,0.0000,0.0000
9.5175,0.0000,0.0000,0.0000,0.0000,0.0000,0.0000,0.0000,0.0000,0.0000,0.0000,0.0000,0.0000
9.5200,0.0000,0.0000,0.0000,0.0000,0.0000,0.0000,0.0000,0.0000,0.0000,0.0000,0.0000,0.0000
9.5225,0.0000,0.0000,0.0000,0.0000,0.0000,0.0000,0.0000,0.0000,0.0000,0.0000,0.0000,0.0000
9.5250,0.0000,0.0000,0.0000,0.0000,0.0000,0.0000,0.0000,0.0000,0.0000,0.0000,0.0000,0.0000
9.5275,0.0000,0.0000,0.0000,0.0000,0.0000,0.0000,0.0000,0.0000,0.0000,0.0000,0.0000,0.0000
9.5300,0.0000,0.0000,0.0000,0.0000,0.0000,0.0000,0.0000,0.0000,0.0000,0.0000,0.0000,0.0000
9.5325,0.0000,0.0000,0.0000,0.0000,0.0000,0.0000,0.0000,0.0000,0.0000,0.0000,0.0000,0.0000
9.5350,0.0000,0.0000,0.0000,0.0000,0.0000,0.0000,0.0000,0.0000,0.0000,0.0000,0.0000,0.0000
9.5375,0.0000,0.0000,0.0000,0.0000,0.0000,0.0000,0.0000,0.0000,0.0000,0.0000,0.0000,0.0000
9.5400,0.0000,0.0000,0.0000,0.0000,0.0000,0.0000,0.0000,0.0000,0.0000,0.0000,0.0000,0.0000
9.5425,0.0000,0.0000,0.0000,0.0000,0.0000,0.0000,0.0000,0.0000,0.0000,0.0000,0.0000,0.0000
9.5450,0.0000,0.0000,0.0000,0.0000,0.0000,0.0000,0.0000,0.0000,0.0000,0.0000,0.0000,0.0000
9.5475,0.0000,0.0000,0.0000,0.0000,0.0000,0.0000,0.0000,0.0000,0.0000,0.0000,0.0000,0.0000
9.5500,0.0000,0.0000,0.0000,0.0000,0.0000,0.0000,0.0000,0.0000,0.0000,0.0000,0.0000,0.0000
9.5525,0.0000,0.0000,0.0000,0.0000,0.0000,0.0000,0.0000,0.0000,0.0000,0.0000,0.0000,0.0000
9.5550,0.0000,0.0000,0.0000,0.0000,0.0000,0.0000,0.0000,0.0000,0.0000,0.0000,0.0000,0.0000
9.5575,0.0000,0.0000,0.0000,0.0000,0.0000,0.0000,0.0000,0.0000,0.0000,0.0000,0.0000,0.0000
9.5600,0.0000,0.0000,0.0000,0.0000,0.0000,0.0000,0.0000,0.0000,0.0000,0.0000,0.0000,0.0000
9.5625,0.0000,0.0000,0.0000,0.0000,0.0000,0.0000,0.0000,0.0000,0.0000,0.0000,0.0000,0.0000
9.5650,0.0000,0.0000,0.0000,0.0000,0.0000,0.0000,0.0000,0.0000,0.0000,0.0000,0.0000,0.0000
9.5675,0.0000,0.0000,0.0000,0.0000,0.0000,0.0000,0.0000,0.0000,0.0000,0.0000,0.0000,0.0000
9.5700,0.0000,0.0000,0.0000,0.0000,0.0000,0.0000,0.0000,0.0000,0.0000,0.0000,0.0000,0.0000
9.5725,0.0000,0.0000,0.0000,0.0000,0.0000,0.0000,0.0000,0.0000,0.0000,0.0000,0.0000,0.0000
9.5750,0.0000,0.0000,0.0000,0.0000,0.0000,0.0000,0.0000,0.0000,0.0000,0.0000,0.0000,0.0000
9.5775,0.0000,0.0000,0.0000,0.0000,0.0000,0.0000,0.0000,0.0000,0.0000,0.0000,0.0000,0.0000
9.5800,0.0000,0.0000,0.0000,0.0000,0.0000,0.0000,0.0000,0.0000,0.0000,0.0000,0.0000,0.0000
9.5825,0.0000,0.0000,0.0000,0.0000,0.0000,0.0000,0.0000,0.0000,0.0000,0.0000,0.0000,0.0000
9.5850,0.0000,0.0000,0.0000,0.0000,0.0000,0.0000,0.0000,0.0000,0.0000,0.0000,0.0000,0.0000
9.5875,0.0000,0.0000,0.0000,0.0000,0.0000,0.0000,0.0000,0.0000,0.0000,0.0000,0.0000,0.0000
9.5900,0.0000,0.0000,0.0000,0.0000,0.0000,0.0000,0.0000,0.0000,0.0000,0.0000,0.0000,0.0000
9.5925,0.0000,0.0000,0.0000,0.0000,0.0000,0.0000,0.0000,0.0000,0.0000,0.0000,0.0000,0.0000
9.5950,0.0000,0.0000,0.0000,0.0000,0.0000,0.0000,0.0000,0.0000,0.0000,0.0000,0.0000,0.0000
9.5975,0.0000,0.0000,0.0000,0.0000,0.0000,0.0000,0.0000,0.0000,0.0000,0.0000,0.0000,0.0000
9.6000,0.0000,0.0000,0.0000,0.0000,0.0000,0.0000,0.0000,0.0000,0.0000,0.0000,0.0000,0.0000
9.6025,0.0000,0.0000,0.0000,0.0000,0.0000,0.0000,0.0000,0.0000,0.0000,0.0000,0.0000,0.0000
9.6050,0.0000,0.0000,0.0000,0.0000,0.0000,0.0000,0.0000,0.0000,0.0000,0.0000,0.0000,0.0000
9.6075,0.0000,0.0000,0.0000,0.0000,0.0000,0.0000,0.0000,0.0000,0.0000,0.0000,0.0000,0.0000
9.6100,0.0000,0.0000,0.0000,0.0000,0.0000,0.0000,0.0000,0.0000,0.0000,0.0000,0.0000,0.0000
9.6125,0.0000,0.0000,0.0000,0.0000,0.0000,0.0000,0.0000,0.0000,0.0000,0.0000,0.0000,0.0000
9.6150,0.0000,0.0000,0.0000,0.0000,0.0000,0.0000,0.0000,0.0000,0.0000,0.0000,0.0000,0.0000
9.6175,0.0000,0.0000,0.0000,0.0000,0.0000,0.0000,0.0000,0.0000,0.0000,0.0000,0.0000,0.0000
9.6200,0.0000,0.0000,0.0000,0.0000,0.0000,0.0000,0.0000,0.0000,0.0000,0.0000,0.0000,0.0000
9.6225,0.0000,0.0000,0.0000,0.0000,0.0000,0.0000,0.0000,0.0000,0.0000,0.0000,0.0000,0.0000
9.6250,0.0000,0.0000,0.0000,0.0000,0.0000,0.0000,0.0000,0.0000,0.0000,0.0000,0.0000,0.0000
9.6275,0.0000,0.0000,0.0000,0.0000,0.0000,0.0000,0.0000,0.0000,0.0000,0.0000,0.0000,0.0000
9.6300,0.0000,0.0000,0.0000,0.0000,0.0000,0.0000,0.0000,0.0000,0.0000,0.0000,0.0000,0.0000
9.6325,0.0000,0.0000,0.0000,0.0000,0.0000,0.0000,0.0000,0.0000,0.0000,0.0000,0.0000,0.0000
9.6350,0.0000,0.0000,0.0000,0.0000,0.0000,0.0000,0.0000,0.0000,0.0000,0.0000,0.0000,0.0000
9.6375,0.0000,0.0000,0.0000,0.0000,0.0000,0.0000,0.0000,0.0000,0.0000,0.0000,0.0000,0.0000
9.6400,0.0000,0.0000,0.0000,0.0000,0.0000,0.0000,0.0000,0.0000,0.0000,0.0000,0.0000,0.0000
9.6425,0.0000,0.0000,0.0000,0.0000,0.0000,0.0000,0.0000,0.0000,0.0000,0.0000,0.0000,0.0000
9.6450,0.0000,0.0000,0.0000,0.0000,0.0000,0.0000,0.0000,0.0000,0.0000,0.0000,0.0000,0.0000
9.6475,0.0000,0.0000,0.0000,0.0000,0.0000,0.0000,0.0000,0.0000,0.0000,0.0000,0.0000,0.0000
9.6500,0.0000,0.0000,0.0000,0.0000,0.0000,0.0000,0.0000,0.0000,0.0000,0.0000,0.0000,0.0000
9.6525,0.0000,0.0000,0.0000,0.0000,0.0000,0.0000,0.0000,0.0000,0.0000,0.0000,0.0000,0.0000
9.6550,0.0000,0.0000,0.0000,0.0000,0.0000,0.0000,0.0000,0.0000,0.0000,0.0000,0.0000,0.0000
9.6575,0.0000,0.0000,0.0000,0.0000,0.0000,0.0000,0.0000,0.0000,0.0000,0.0000,0.0000,0.0000
9.6600,0.0000,0.0000,0.0000,0.0000,0.0000,0.0000,0.0000,0.0000,0.0000,0.0000,0.0000,0.0000
9.6625,0.0000,0.0000,0.0000,0.0000,0.0000,0.0000,0.0000,0.0000,0.0000,0.0000,0.0000,0.0000
9.6650,0.0000,0.0000,0.0000,0.0000,0.0000,0.0000,0.0000,0.0000,0.0000,0.0000,0.0000,0.0000
9.6675,0.0000,0.0000,0.0000,0.0000,0.0000,0.0000,0.0000,0.0000,0.0000,0.0000,0.0000,0.0000
9.6700,0.0000,0.0000,0.0000,0.0000,0.0000,0.0000,0.0000,0.0000,0.0000,0.0000,0.0000,0.0000
9.6725,0.0000,0.0000,0.0000,0.0000,0.0000,0.0000,0.0000,0.0000,0.0000,0.0000,0.0000,0.0000
9.6750,0.0000,0.0000,0.0000,0.0000,0.0000,0.0000,0.0000,0.0000,0.0000,0.0000,0.0000,0.0000
9.6775,0.0000,0.0000,0.0000,0.0000,0.0000,0.0000,0.0000,0.0000,0.0000,0.0000,0.0000,0.0000
9.6800,0.0000,0.0000,0.0000,0.0000,0.0000,0.0000,0.0000,0.0000,0.0000,0.0000,0.0000,0.0000
9.6825,0.0000,0.0000,0.0000,0.0000,0.0000,0.0000,0.0000,0.0000,0.0000,0.0000,0.0000,0.0000
9.6850,0.0000,0.0000,0.0000,0.0000,0.0000,0.0000,0.0000,0.0000,0.0000,0.0000,0.0000,0.0000
9.6875,0.0000,0.0000,0.0000,0.0000,0.0000,0.0000,0.0000,0.0000,0.0000,0.0000,0.0000,0.0000
9.6900,0.0000,0.0000,0.0000,0.0000,0.0000,0.0000,0.0000,0.0000,0.0000,0.0000,0.0000,0.0000
9.6925,0.0000,0.0000,0.0000,0.0000,0.0000,0.0000,0.0000,0.0000,0.0000,0.0000,0.0000,0.0000
9.6950,0.0000,0.0000,0.0000,0.0000,0.0000,0.0000,0.0000,0.0000,0.0000,0.0000,0.0000,0.0000
9.6975,0.0000,0.0000,0.0000,0.0000,0.0000,0.0000,0.0000,0.0000,0.0000,0.0000,0.0000,0.0000
9.7000,0.0000,0.0000,0.0000,0.0000,0.0000,0.0000,0.0000,0.0000,0.0000,0.0000,0.0000,0.0000
9.7025,0.0000,0.0000,0.0000,0.0000,0.0000,0.0000,0.0000,0.0000,0.0000,0.0000,0.0000,0.0000
9.7050,0.0000,0.0000,0.0000,0.0000,0.0000,0.0000,0.0000,0.0000,0.0000,0.0000,0.0000,0.0000
9.7075,0.0000,0.0000,0.0000,0.0000,0.0000,0.0000,0.0000,0.0000,0.0000,0.0000,0.0000,0.0000
9.7100,0.0000,0.0000,0.0000,0.0000,0.0000,0.0000,0.0000,0.0000,0.0000,0.0000,0.0000,0.0000
9.7125,0.0000,0.0000,0.0000,0.0000,0.0000,0.0000,0.0000,0.0000,0.0000,0.0000,0.0000,0.0000
9.7150,0.0000,0.0000,0.0000,0.0000,0.0000,0.0000,0.0000,0.0000,0.0000,0.0000,0.0000,0.0000
9.7175,0.0000,0.0000,0.0000,0.0000,0.0000,0.0000,0.0000,0.0000,0.0000,0.0000,0.0000,0.0000
9.7200,0.0000,0.0000,0.0000,0.0000,0.0000,0.0000,0.0000,0.0000,0.0000,0.0000,0.0000,0.0000
9.7225,0.0000,0.0000,0.0000,0.0000,0.0000,0.0000,0.0000,0.0000,0.0000,0.0000,0.0000,0.0000
9.7250,0.0000,0.0000,0.0000,0.0000,0.0000,0.0000,0.0000,0.0000,0.0000,0.0000,0.0000,0.0000
9.7275,0.0000,0.0000,0.0000,0.0000,0.0000,0.0000,0.0000,0.0000,0.0000,0.0000,0.0000,0.0000
9.7300,0.0000,0.0000,0.0000,0.0000,0.0000,0.0000,0.0000,0.0000,0.0000,0.0000,0.0000,0.0000
9.7325,0.0000,0.0000,0.0000,0.0000,0.0000,0.0000,0.0000,0.0000,0.0000,0.0000,0.0000,0.0000
9.7350,0.0000,0.0000,0.0000,0.0000,0.0000,0.0000,0.0000,0.0000,0.0000,0.0000,0.0000,0.0000
9.7375,0.0000,0.0000,0.0000,0.0000,0.0000,0.0000,0.0000,0.0000,0.0000,0.0000,0.0000,0.0000
9.7400,0.0000,0.0000,0.0000,0.0000,0.0000,0.0000,0.0000,0.0000,0.0000,0.0000,0.0000,0.0000
9.7425,0.0000,0.0000,0.0000,0.0000,0.0000,0.0000,0.0000,0.0000,0.0000,0.0000,0.0000,0.0000
9.7450,0.0000,0.0000,0.0000,0.0000,0.0000,0.0000,0.0000,0.0000,0.0000,0.0000,0.0000,0.0000
9.7475,0.0000,0.0000,0.0000,0.0000,0.0000,0.0000,0.0000,0.0000,0.0000,0.0000,0.0000,0.0000
9.7500,0.0000,0.0000,0.0000,0.0000,0.0000,0.0000,0.0000,0.0000,0.0000,0.0000,0.0000,0.0000
9.7525,0.0000,0.0000,0.0000,0.0000,0.0000,0.0000,0.0000,0.0000,0.0000,0.0000,0.0000,0.0000
9.7550,0.0000,0.0000,0.0000,0.0000,0.0000,0.0000,0.0000,0.0000,0.0000,0.0000,0.0000,0.0000
9.7575,0.0000,0.0000,0.0000,0.0000,0.0000,0.0000,0.0000,0.0000,0.0000,0.0000,0.0000,0.0000
9.7600,0.0000,0.0000,0.0000,0.0000,0.0000,0.0000,0.0000,0.0000,0.0000,0.0000,0.0000,0.0000
9.7625,0.0000,0.0000,0.0000,0.0000,0.0000,0.0000,0.0000,0.0000,0.0000,0.0000,0.0000,0.0000
9.7650,0.0000,0.0000,0.0000,0.0000,0.0000,0.0000,0.0000,0.0000,0.0000,0.0000,0.0000,0.0000
9.7675,0.0000,0.0000,0.0000,0.0000,0.0000,0.0000,0.0000,0.0000,0.0000,0.0000,0.0000,0.0000
9.7700,0.0000,0.0000,0.0000,0.0000,0.0000,0.0000,0.0000,0.0000,0.0000,0.0000,0.0000,0.0000
9.7725,0.0000,0.0000,0.0000,0.0000,0.0000,0.0000,0.0000,0.0000,0.0000,0.0000,0.0000,0.0000
9.7750,0.0000,0.0000,0.0000,0.0000,0.0000,0.0000,0.0000,0.0000,0.0000,0.0000,0.0000,0.0000
9.7775,0.0000,0.0000,0.0000,0.0000,0.0000,0.0000,0.0000,0.0000,0.0000,0.0000,0.0000,0.0000
9.7800,0.0000,0.0000,0.0000,0.0000,0.0000,0.0000,0.0000,0.0000,0.0000,0.0000,0.0000,0.0000
9.7825,0.0000,0.0000,0.0000,0.0000,0.0000,0.0000,0.0000,0.0000,0.0000,0.0000,0.0000,0.0000
9.7850,0.0000,0.0000,0.0000,0.0000,0.0000,0.0000,0.0000,0.0000,0.0000,0.0000,0.0000,0.0000
9.7875,0.0000,0.0000,0.0000,0.0000,0.0000,0.0000,0.0000,0.0000,0.0000,0.0000,0.0000,0.0000
9.7900,0.0000,0.0000,0.0000,0.0000,0.0000,0.0000,0.0000,0.0000,0.0000,0.0000,0.0000,0.0000
9.7925,0.0000,0.0000,0.0000,0.0000,0.0000,0.0000,0.0000,0.0000,0.0000,0.0000,0.0000,0.0000
9.7950,0.0000,0.0000,0.0000,0.0000,0.0000,0.0000,0.0000,0.0000,0.0000,0.0000,0.0000,0.0000
9.7975,0.0000,0.0000,0.0000,0.0000,0.0000,0.0000,0.0000,0.0000,0.0000,0.0000,0.0000,0.0000
9.8000,0.0000,0.0000,0.0000,0.0000,0.0000,0.0000,0.0000,0.0000,0.0000,0.0000,0.0000,0.0000
9.8025,0.0000,0.0000,0.0000,0.0000,0.0000,0.0000,0.0000,0.0000,0.0000,0.0000,0.0000,0.0000
9.8050,0.0000,0.0000,0.0000,0.0000,0.0000,0.0000,0.0000,0.0000,0.0000,0.0000,0.0000,0.0000
9.8075,0.0000,0.0000,0.0000,0.0000,0.0000,0.0000,0.0000,0.0000,0.0000,0.0000,0.0000,0.0000
9.8100,0.0000,0.0000,0.0000,0.0000,0.0000,0.0000,0.0000,0.0000,0.0000,0.0000,0.0000,0.0000
9.8125,0.0000,0.0000,0.0000,0.0000,0.0000,0.0000,0.0000,0.0000,0.0000,0.0000,0.0000,0.0000
9.8150,0.0000,0.0000,0.0000,0.0000,0.0000,0.0000,0.0000,0.0000,0.0000,0.0000,0.0000,0.0000
9.8175,0.0000,0.0000,0.0000,0.0000,0.0000,0.0000,0.0000,0.0000,0.0000,0.0000,0.0000,0.0000
9.8200,0.0000,0.0000,0.0000,0.0000,0.0000,0.0000,0.0000,0.0000,0.0000,0.0000,0.0000,0.0000
9.8225,0.0000,0.0000,0.0000,0.0000,0.0000,0.0000,0.0000,0.0000,0.0000,0.0000,0.0000,0.0000
9.8250,0.0000,0.0000,0.0000,0.0000,0.0000,0.0000,0.0000,0.0000,0.0000,0.0000,0.0000,0.0000
9.8275,0.0000,0.0000,0.0000,0.0000,0.0000,0.0000,0.0000,0.0000,0.0000,0.0000,0.0000,0.0000
9.8300,0.0000,0.0000,0.0000,0.0000,0.0000,0.0000,0.0000,0.0000,0.0000,0.0000,0.0000,0.0000
9.8325,0.0000,0.0000,0.0000,0.0000,0.0000,0.0000,0.0000,0.0000,0.0000,0.0000,0.0000,0.0000
9.8350,0.0000,0.0000,0.0000,0.0000,0.0000,0.0000,0.0000,0.0000,0.0000,0.0000,0.0000,0.0000
9.8375,0.0000,0.0000,0.0000,0.0000,0.0000,0.0000,0.0000,0.0000,0.0000,0.0000,0.0000,0.0000
9.8400,0.0000,0.0000,0.0000,0.0000,0.0000,0.0000,0.0000,0.0000,0.0000,0.0000,0.0000,0.0000
9.8425,0.0000,0.0000,0.0000,0.0000,0.0000,0.0000,0.0000,0.0000,0.0000,0.0000,0.0000,0.0000
9.8450,0.0000,0.0000,0.0000,0.0000,0.0000,0.0000,0.0000,0.0000,0.0000,0.0000,0.0000,0.0000
9.8475,0.0000,0.0000,0.0000,0.0000,0.0000,0.0000,0.0000,0.0000,0.0000,0.0000,0.0000,0.0000
9.8500,0.0000,0.0000,0.0000,0.0000,0.0000,0.0000,0.0000,0.0000,0.0000,0.0000,0.0000,0.0000
9.8525,0.0000,0.0000,0.0000,0.0000,0.0000,0.0000,0.0000,0.0000,0.0000,0.0000,0.0000,0.0000
9.8550,0.0000,0.0000,0.0000,0.0000,0.0000,0.0000,0.0000,0.0000,0.0000,0.0000,0.0000,0.0000
9.8575,0.0000,0.0000,0.0000,0.0000,0.0000,0.0000,0.0000,0.0000,0.0000,0.0000,0.0000,0.0000
9.8600,0.0000,0.0000,0.0000,0.0000,0.0000,0.0000,0.0000,0.0000,0.0000,0.0000,0.0000,0.0000
9.8625,0.0000,0.0000,0.0000,0.0000,0.0000,0.0000,0.0000,0.0000,0.0000,0.0000,0.0000,0.0000
9.8650,0.0000,0.0000,0.0000,0.0000,0.0000,0.0000,0.0000,0.0000,0.0000,0.0000,0.0000,0.0000
9.8675,0.0000,0.0000,0.0000,0.0000,0.0000,0.0000,0.0000,0.0000,0.0000,0.0000,0.0000,0.0000
9.8700,0.0000,0.0000,0.0000,0.0000,0.0000,0.0000,0.0000,0.0000,0.0000,0.0000,0.0000,0.0000
9.8725,0.0000,0.0000,0.0000,0.0000,0.0000,0.0000,0.0000,0.0000,0.0000,0.0000,0.0000,0.0000
9.8750,0.0000,0.0000,0.0000,0.0000,0.0000,0.0000,0.0000,0.0000,0.0000,0.0000,0.0000,0.0000
9.8775,0.0000,0.0000,0.0000,0.0000,0.0000,0.0000,0.0000,0.0000,0.0000,0.0000,0.0000,0.0000
9.8800,0.0000,0.0000,0.0000,0.0000,0.0000,0.0000,0.0000,0.0000,0.0000,0.0000,0.0000,0.0000
9.8825,0.0000,0.0000,0.0000,0.0000,0.0000,0.0000,0.0000,0.0000,0.0000,0.0000,0.0000,0.0000
9.8850,0.0000,0.0000,0.0000,0.0000,0.0000,0.0000,0.0000,0.0000,0.0000,0.0000,0.0000,0.0000
9.8875,0.0000,0.0000,0.0000,0.0000,0.0000,0.0000,0.0000,0.0000,0.0000,0.0000,0.0000,0.0000
9.8900,0.0000,0.0000,0.0000,0.0000,0.0000,0.0000,0.0000,0.0000,0.0000,0.0000,0.0000,0.0000
9.8925,0.0000,0.0000,0.0000,0.0000,0.0000,0.0000,0.0000,0.0000,0.0000,0.0000,0.0000,0.0000
9.8950,0.0000,0.0000,0.0000,0.0000,0.0000,0.0000,0.0000,0.0000,0.0000,0.0000,0.0000,0.0000
9.8975,0.0000,0.0000,0.0000,0.0000,0.0000,0.0000,0.0000,0.0000,0.0000,0.0000,0.0000,0.0000
9.9000,0.0000,0.0000,0.0000,0.0000,0.0000,0.0000,0.0000,0.0000,0.0000,0.0000,0.0000,0.0000
9.9025,0.0000,0.0000,0.0000,0.0000,0.0000,0.0000,0.0000,0.0000,0.0000,0.0000,0.0000,0.0000
9.9050,0.0000,0.0000,0.0000,0.0000,0.0000,0.0000,0.0000,0.0000,0.0000,0.0000,0.0000,0.0000
9.9075,0.0000,0.0000,0.0000,0.0000,0.0000,0.0000,0.0000,0.0000,0.0000,0.0000,0.0000,0.0000
9.9100,0.0000,0.0000,0.0000,0.0000,0.0000,0.0000,0.0000,0.0000,0.0000,0.0000,0.0000,0.0000
9.9125,0.0000,0.0000,0.0000,0.0000,0.0000,0.0000,0.0000,0.0000,0.0000,0.0000,0.0000,0.0000
9.9150,0.0000,0.0000,0.0000,0.0000,0.0000,0.0000,0.0000,0.0000,0.0000,0.0000,0.0000,0.0000
9.9175,0.0000,0.0000,0.0000,0.0000,0.0000,0.0000,0.0000,0.0000,0.0000,0.0000,0.0000,0.0000
9.9200,0.0000,0.0000,0.0000,0.0000,0.0000,0.0000,0.0000,0.0000,0.0000,0.0000,0.0000,0.0000
9.9225,0.0000,0.0000,0.0000,0.0000,0.0000,0.0000,0.0000,0.0000,0.0000,0.0000,0.0000,0.0000
9.9250,0.0000,0.0000,0.0000,0.0000,0.0000,0.0000,0.0000,0.0000,0.0000,0.0000,0.0000,0.0000
9.9275,0.0000,0.0000,0.0000,0.0000,0.0000,0.0000,0.0000,0.0000,0.0000,0.0000,0.0000,0.0000
9.9300,0.0000,0.0000,0.0000,0.0000,0.0000,0.0000,0.0000,0.0000,0.0000,0.0000,0.0000,0.0000
9.9325,0.0000,0.0000,0.0000,0.0000,0.0000,0.0000,0.0000,0.0000,0.0000,0.0000,0.0000,0.0000
9.9350,0.0000,0.0000,0.0000,0.0000,0.0000,0.0000,0.0000,0.0000,0.0000,0.0000,0.0000,0.0000
9.9375,0.0000,0.0000,0.0000,0.0000,0.0000,0.0000,0.0000,0.0000,0.0000,0.0000,0.0000,0.0000
9.9400,0.0000,0.0000,0.0000,0.0000,0.0000,0.0000,0.0000,0.0000,0.0000,0.0000,0.0000,0.0000
9.9425,0.0000,0.0000,0.0000,0.0000,0.0000,0.0000,0.0000,0.0000,0.0000,0.0000,0.0000,0.0000
9.9450,0.0000,0.0000,0.0000,0.0000,0.0000,0.0000,0.0000,0.0000,0.0000,0.0000,0.0000,0.0000
9.9475,0.0000,0.0000,0.0000,0.0000,0.0000,0.0000,0.0000,0.0000,0.0000,0.0000,0.0000,0.0000
9.9500,0.0000,0.0000,0.0000,0.0000,0.0000,0.0000,0.0000,0.0000,0.0000,0.0000,0.0000,0.0000
9.9525,0.0000,0.0000,0.0000,0.0000,0.0000,0.0000,0.0000,0.0000,0.0000,0.0000,0.0000,0.0000
9.9550,0.0000,0.0000,0.0000,0.0000,0.0000,0.0000,0.0000,0.0000,0.0000,0.0000,0.0000,0.0000
9.9575,0.0000,0.0000,0.0000,0.0000,0.0000,0.0000,0.0000,0.0000,0.0000,0.0000,0.0000,0.0000
9.9600,0.0000,0.0000,0.0000,0.0000,0.0000,0.0000,0.0000,0.0000,0.0000,0.0000,0.0000,0.0000
9.9625,0.0000,0.0000,0.0000,0.0000,0.0000,0.0000,0.0000,0.0000,0.0000,0.0000,0.0000,0.0000
9.9650,0.0000,0.0000,0.0000,0.0000,0.0000,0.0000,0.0000,0.0000,0.0000,0.0000,0.0000,0.0000
9.9675,0.0000,0.0000,0.0000,0.0000,0.0000,0.0000,0.0000,0.0000,0.0000,0.0000,0.0000,0.0000
9.9700,0.0000,0.0000,0.0000,0.0000,0.0000,0.0000,0.0000,0.0000,0.0000,0.0000,0.0000,0.0000
9.9725,0.0000,0.0000,0.0000,0.0000,0.0000,0.0000,0.0000,0.0000,0.0000,0.0000,0.0000,0.0000
9.9750,0.0000,0.0000,0.0000,0.0000,0.0000,0.0000,0.0000,0.0000,0.0000,0.0000,0.0000,0.0000
9.9775,0.0000,0.0000,0.0000,0.0000,0.0000,0.0000,0.0000,0.0000,0.0000,0.0000,0.0000,0.0000
9.9800,0.0000,0.0000,0.0000,0.0000,0.0000,0.0000,0.0000,0.0000,0.0000,0.0000,0.0000,0.0000
9.9825,0.0000,0.0000,0.0000,0.0000,0.0000,0.0000,0.0000,0.0000,0.0000,0.0000,0.0000,0.0000
9.9850,0.0000,0.0000,0.0000,0.0000,0.0000,0.0000,0.0000,0.0000,0.0000,0.0000,0.0000,0.0000
9.9875,0.0000,0.0000,0.0000,0.0000,0.0000,0.0000,0.0000,0.0000,0.0000,0.0000,0.0000,0.0000
9.9900,0.0000,0.0000,0.0000,0.0000,0.0000,0.0000,0.0000,0.0000,0.0000,0.0000,0.0000,0.0000
9.9925,0.0000,0.0000,0.0000,0.0000,0.0000,0.0000,0.0000,0.0000,0.0000,0.0000,0.0000,0.0000
9.9950,0.0000,0.0000,0.0000,0.0000,0.0000,0.0000,0.0000,0.0000,0.0000,0.0000,0.0000,0.0000
9.9975,0.0000,0.0000,0.0000,0.0000,0.0000,0.0000,0.0000,0.0000,0.0000,0.0000,0.0000,0.0000
10.0000,0.0000,0.0000,0.0000,0.0000,0.0000,0.0000,0.0000,0.0000,0.0000,0.0000,0.0000,0.0000
10.0025,0.0000,0.0000,0.0000,0.0000,0.0000,0.0000,0.0000,0.0000,0.0000,0.0000,0.0000,0.0000
10.0050,0.0000,0.0000,0.0000,0.0000,0.0000,0.0000,0.0000,0.0000,0.0000,0.0000,0.0000,0.0000
10.0075,0.0000,0.0000,0.0000,0.0000,0.0000,0.0000,0.0000,0.0000,0.0000,0.0000,0.0000,0.0000
10.0100,0.0000,0.0000,0.0000,0.0000,0.0000,0.0000,0.0000,0.0000,0.0000,0.0000,0.0000,0.0000
10.0125,0.0000,0.0000,0.0000,0.0000,0.0000,0.0000,0.0000,0.0000,0.0000,0.0000,0.0000,0.0000
10.0150,0.0000,0.0000,0.0000,0.0000,0.0000,0.0000,0.0000,0.0000,0.0000,0.0000,0.0000,0.0000
10.0175,0.0000,0.0000,0.0000,0.0000,0.0000,0.0000,0.0000,0.0000,0.0000,0.0000,0.0000,0.0000
10.0200,0.0000,0.0000,0.0000,0.0000,0.0000,0.0000,0.0000,0.0000,0.0000,0.0000,0.0000,0.0000
10.0225,0.0000,0.0000,0.0000,0.0000,0.0000,0.0000,0.0000,0.0000,0.0000,0.0000,0.0000,0.0000
10.0250,0.0000,0.0000,0.0000,0.0000,0.0000,0.0000,0.0000,0.0000,0.0000,0.0000,0.0000,0.0000
10.0275,0.0000,0.0000,0.0000,0.0000,0.0000,0.0000,0.0000,0.0000,0.0000,0.0000,0.0000,0.0000
10.0300,0.0000,0.0000,0.0000,0.0000,0.0000,0.0000,0.0000,0.0000,0.0000,0.0000,0.0000,0.0000
10.0325,0.0000,0.0000,0.0000,0.0000,0.0000,0.0000,0.0000,0.0000,0.0000,0.0000,0.0000,0.0000
10.0350,0.0000,0.0000,0.0000,0.0000,0.0000,0.0000,0.0000,0.0000,0.0000,0.0000,0.0000,0.0000
10.0375,0.0000,0.0000,0.0000,0.0000,0.0000,0.0000,0.0000,0.0000,0.0000,0.0000,0.0000,0.0000
10.0400,0.0000,0.0000,0.0000,0.0000,0.0000,0.0000,0.0000,0.0000,0.0000,0.0000,0.0000,0.0000
10.0425,0.0000,0.0000,0.0000,0.0000,0.0000,0.0000,0.0000,0.0000,0.0000,0.0000,0.0000,0.0000
10.0450,0.0000,0.0000,0.0000,0.0000,0.0000,0.0000,0.0000,0.0000,0.0000,0.0000,0.0000,0.0000
10.0475,0.0000,0.0000,0.0000,0.0000,0.0000,0.0000,0.0000,0.0000,0.0000,0.0000,0.0000,0.0000
10.0500,0.0000,0.0000,0.0000,0.0000,0.0000,0.0000,0.0000,0.0000,0.0000,0.0000,0.0000,0.0000
10.0525,0.0000,0.0000,0.0000,0.0000,0.0000,0.0000,0.0000,0.0000,0.0000,0.0000,0.0000,0.0000
10.0550,0.0000,0.0000,0.0000,0.0000,0.0000,0.0000,0.0000,0.0000,0.0000,0.0000,0.0000,0.0000
10.0575,0.0000,0.0000,0.0000,0.0000,0.0000,0.0000,0.0000,0.0000,0.0000,0.0000,0.0000,0.0000
10.0600,0.0000,0.0000,0.0000,0.0000,0.0000,0.0000,0.0000,0.0000,0.0000,0.0000,0.0000,0.0000
10.0625,0.0000,0.0000,0.0000,0.0000,0.0000,0.0000,0.0000,0.0000,0.0000,0.0000,0.0000,0.0000
10.0650,0.0000,0.0000,0.0000,0.0000,0.0000,0.0000,0.0000,0.0000,0.0000,0.0000,0.0000,0.0000
10.0675,0.0000,0.0000,0.0000,0.0000,0.0000,0.0000,0.0000,0.0000,0.0000,0.0000,0.0000,0.0000
10.0700,0.0000,0.0000,0.0000,0.0000,0.0000,0.0000,0.0000,0.0000,0.0000,0.0000,0.0000,0.0000
10.0725,0.0000,0.0000,0.0000,0.0000,0.0000,0.0000,0.0000,0.0000,0.0000,0.0000,0.0000,0.0000
10.0750,0.0000,0.0000,0.0000,0.0000,0.0000,0.0000,0.0000,0.0000,0.0000,0.0000,0.0000,0.0000
10.0775,0.0000,0.0000,0.0000,0.0000,0.0000,0.0000,0.0000,0.0000,0.0000,0.0000,0.0000,0.0000
10.0800,0.0000,0.0000,0.0000,0.0000,0.0000,0.0000,0.0000,0.0000,0.0000,0.0000,0.0000,0.0000
10.0825,0.0000,0.0000,0.0000,0.0000,0.0000,0.0000,0.0000,0.0000,0.0000,0.0000,0.0000,0.0000
10.0850,0.0000,0.0000,0.0000,0.0000,0.0000,0.0000,0.0000,0.0000,0.0000,0.0000,0.0000,0.0000
10.0875,0.0000,0.0000,0.0000,0.0000,0.0000,0.0000,0.0000,0.0000,0.0000,0.0000,0.0000,0.0000
10.0900,0.0000,0.0000,0.0000,0.0000,0.0000,0.0000,0.0000,0.0000,0.0000,0.0000,0.0000,0.0000
10.0925,0.0000,0.0000,0.0000,0.0000,0.0000,0.0000,0.0000,0.0000,0.0000,0.0000,0.0000,0.0000
10.0950,0.0000,0.0000,0.0000,0.0000,0.0000,0.0000,0.0000,0.0000,0.0000,0.0000,0.0000,0.0000
10.0975,0.0000,0.0000,0.0000,0.0000,0.0000,0.0000,0.0000,0.0000,0.0000,0.0000,0.0000,0.0000
10.1000,0.0000,0.0000,0.0000,0.0000,0.0000,0.0000,0.0000,0.0000,0.0000,0.0000,0.0000,0.0000
10.1025,0.0000,0.0000,0.0000,0.0000,0.0000,0.0000,0.0000,0.0000,0.0000,0.0000,0.0000,0.0000
10.1050,0.0000,0.0000,0.0000,0.0000,0.0000,0.0000,0.0000,0.0000,0.0000,0.0000,0.0000,0.0000
10.1075,0.0000,0.0000,0.0000,0.0000,0.0000,0.0000,0.0000,0.0000,0.0000,0.0000,0.0000,0.0000
10.1100,0.0000,0.0000,0.0000,0.0000,0.0000,0.0000,0.0000,0.0000,0.0000,0.0000,0.0000,0.0000
10.1125,0.0000,0.0000,0.0000,0.0000,0.0000,0.0000,0.0000,0.0000,0.0000,0.0000,0.0000,0.0000
10.1150,0.0000,0.0000,0.0000,0.0000,0.0000,0.0000,0.0000,0.0000,0.0000,0.0000,0.0000,0.0000
10.1175,0.0000,0.0000,0.0000,0.0000,0.0000,0.0000,0.0000,0.0000,0.0000,0.0000,0.0000,0.0000
10.1200,0.0000,0.0000,0.0000,0.0000,0.0000,0.0000,0.0000,0.0000,0.0000,0.0000,0.0000,0.0000
10.1225,0.0000,0.0000,0.0000,0.0000,0.0000,0.0000,0.0000,0.0000,0.0000,0.0000,0.0000,0.0000
10.1250,0.0000,0.0000,0.0000,0.0000,0.0000,0.0000,0.0000,0.0000,0.0000,0.0000,0.0000,0.0000
10.1275,0.0000,0.0000,0.0000,0.0000,0.0000,0.0000,0.0000,0.0000,0.0000,0.0000,0.0000,0.0000
10.1300,0.0000,0.0000,0.0000,0.0000,0.0000,0.0000,0.0000,0.0000,0.0000,0.0000,0.0000,0.0000
10.1325,0.0000,0.0000,0.0000,0.0000,0.0000,0.0000,0.0000,0.0000,0.0000,0.0000,0.0000,0.0000
10.1350,0.0000,0.0000,0.0000,0.0000,0.0000,0.0000,0.0000,0.0000,0.0000,0.0000,0.0000,0.0000
10.1375,0.0000,0.0000,0.0000,0.0000,0.0000,0.0000,0.0000,0.0000,0.0000,0.0000,0.0000,0.0000
10.1400,0.0000,0.0000,0.0000,0.0000,0.0000,0.0000,0.0000,0.0000,0.0000,0.0000,0.0000,0.0000
10.1425,0.0000,0.0000,0.0000,0.0000,0.0000,0.0000,0.0000,0.0000,0.0000,0.0000,0.0000,0.0000
10.1450,0.0000,0.0000,0.0000,0.0000,0.0000,0.0000,0.0000,0.0000,0.0000,0.0000,0.0000,0.0000
10.1475,0.0000,0.0000,0.0000,0.0000,0.0000,0.0000,0.0000,0.0000,0.0000,0.0000,0.0000,0.0000
10.1500,0.0000,0.0000,0.0000,0.0000,0.0000,0.0000,0.0000,0.0000,0.0000,0.0000,0.0000,0.0000
10.1525,0.0000,0.0000,0.0000,0.0000,0.0000,0.0000,0.0000,0.0000,0.0000,0.0000,0.0000,0.0000
10.1550,0.0000,0.0000,0.0000,0.0000,0.0000,0.0000,0.0000,0.0000,0.0000,0.0000,0.0000,0.0000
10.1575,0.0000,0.0000,0.0000,0.0000,0.0000,0.0000,0.0000,0.0000,0.0000,0.0000,0.0000,0.0000
10.1600,0.0000,0.0000,0.0000,0.0000,0.0000,0.0000,0.0000,0.0000,0.0000,0.0000,0.0000,0.0000
10.1625,0.0000,0.0000,0.0000,0.0000,0.0000,0.0000,0.0000,0.0000,0.0000,0.0000,0.0000,0.0000
10.1650,0.0000,0.0000,0.0000,0.0000,0.0000,0.0000,0.0000,0.0000,0.0000,0.0000,0.0000,0.0000
10.1675,0.0000,0.0000,0.0000,0.0000,0.0000,0.0000,0.0000,0.0000,0.0000,0.0000,0.0000,0.0000
10.1700,0.0000,0.0000,0.0000,0.0000,0.0000,0.0000,0.0000,0.0000,0.0000,0.0000,0.0000,0.0000
10.1725,0.0000,0.0000,0.0000,0.0000,0.0000,0.0000,0.0000,0.0000,0.0000,0.0000,0.0000,0.0000
10.1750,0.0000,0.0000,0.0000,0.0000,0.0000,0.0000,0.0000,0.0000,0.0000,0.0000,0.0000,0.0000
10.1775,0.0000,0.0000,0.0000,0.0000,0.0000,0.0000,0.0000,0.0000,0.0000,0.0000,0.0000,0.0000
10.1800,0.0000,0.0000,0.0000,0.0000,0.0000,0.0000,0.0000,0.0000,0.0000,0.0000,0.0000,0.0000
10.1825,0.0000,0.0000,0.0000,0.0000,0.0000,0.0000,0.0000,0.0000,0.0000,0.0000,0.0000,0.0000
10.1850,0.0000,0.0000,0.0000,0.0000,0.0000,0.0000,0.0000,0.0000,0.0000,0.0000,0.0000,0.0000
10.1875,0.0000,0.0000,0.0000,0.0000,0.0000,0.0000,0.0000,0.0000,0.0000,0.0000,0.0000,0.0000
10.1900,0.0000,0.0000,0.0000,0.0000,0.0000,0.0000,0.0000,0.0000,0.0000,0.0000,0.0000,0.0000
10.1925,0.0000,0.0000,0.0000,0.0000,0.0000,0.0000,0.0000,0.0000,0.0000,0.0000,0.0000,0.0000
10.1950,0.0000,0.0000,0.0000,0.0000,0.0000,0.0000,0.0000,0.0000,0.0000,0.0000,0.0000,0.0000
10.1975,0.0000,0.0000,0.0000,0.0000,0.0000,0.0000,0.0000,0.0000,0.0000,0.0000,0.0000,0.0000
10.2000,0.0000,0.0000,0.0000,0.0000,0.0000,0.0000,0.0000,0.0000,0.0000,0.0000,0.0000,0.0000
10.2025,0.0000,0.0000,0.0000,0.0000,0.0000,0.0000,0.0000,0.0000,0.0000,0.0000,0.0000,0.0000
10.2050,0.0000,0.0000,0.0000,0.0000,0.0000,0.0000,0.0000,0.0000,0.0000,0.0000,0.0000,0.0000
10.2075,0.0000,0.0000,0.0000,0.0000,0.0000,0.0000,0.0000,0.0000,0.0000,0.0000,0.0000,0.0000
10.2100,0.0000,0.0000,0.0000,0.0000,0.0000,0.0000,0.0000,0.0000,0.0000,0.0000,0.0000,0.0000
10.2125,0.0000,0.0000,0.0000,0.0000,0.0000,0.0000,0.0000,0.0000,0.0000,0.0000,0.0000,0.0000
10.2150,0.0000,0.0000,0.0000,0.0000,0.0000,0.0000,0.0000,0.0000,0.0000,0.0000,0.0000,0.0000
10.2175,0.0000,0.0000,0.0000,0.0000,0.0000,0.0000,0.0000,0.0000,0.0000,0.0000,0.0000,0.0000
10.2200,0.0000,0.0000,0.0000,0.0000,0.0000,0.0000,0.0000,0.0000,0.0000,0.0000,0.0000,0.0000
10.2225,0.0000,0.0000,0.0000,0.0000,0.0000,0.0000,0.0000,0.0000,0.0000,0.0000,0.0000,0.0000
10.2250,0.0000,0.0000,0.0000,0.0000,0.0000,0.0000,0.0000,0.0000,0.0000,0.0000,0.0000,0.0000
10.2275,0.0000,0.0000,0.0000,0.0000,0.0000,0.0000,0.0000,0.0000,0.0000,0.0000,0.0000,0.0000
10.2300,0.0000,0.0000,0.0000,0.0000,0.0000,0.0000,0.0000,0.0000,0.0000,0.0000,0.0000,0.0000
10.2325,0.0000,0.0000,0.0000,0.0000,0.0000,0.0000,0.0000,0.0000,0.0000,0.0000,0.0000,0.0000
10.2350,0.0000,0.0000,0.0000,0.0000,0.0000,0.0000,0.0000,0.0000,0.0000,0.0000,0.0000,0.0000
10.2375,0.0000,0.0000,0.0000,0.0000,0.0000,0.0000,0.0000,0.0000,0.0000,0.0000,0.0000,0.0000
